latitude,longitude,current_rain_mm_hr,rain_48h_mm,soil_moisture_pct,forecast_severity,forecast_label,trigger_score,alert_level,alert_status
25.72739,89.97977,58.85,24.74,57.19,3,Extreme Storm,0.3472,1,Watch
26.56063,93.68731,14.04,222.76,77.52,1,Light Rain,0.427,1,Watch
26.08814,94.26899,1.97,513.0,26.98,0,Clear,0.4219,1,Watch
26.25826,96.03446,1.83,243.11,22.36,1,Light Rain,0.2945,1,Watch
26.09396,89.49841,50.34,204.63,45.73,1,Light Rain,0.4297,1,Watch
25.5002,89.23462,9.65,539.54,15.37,0,Clear,0.4097,1,Watch
25.59403,89.25805,43.56,11.28,47.03,1,Light Rain,0.2569,1,Watch
21.99192,96.08373,2.0,19.43,19.61,1,Light Rain,0.1414,0,Safe
25.57536,91.74984,16.76,50.21,45.69,1,Light Rain,0.2254,0,Safe
29.24346,90.54622,18.48,60.69,69.94,1,Light Rain,0.2999,1,Watch
25.24589,93.86496,11.0,91.24,33.32,1,Light Rain,0.2015,0,Safe
25.778,92.20597,115.32,23.37,94.35,2,Heavy Rain,0.5205,2,Warning
24.68255,90.93998,58.01,7.45,48.33,1,Light Rain,0.2767,1,Watch
28.70967,92.24677,1.83,441.28,46.01,1,Light Rain,0.4213,1,Watch
25.96169,91.61413,150.0,11.91,19.99,0,Clear,0.24,0,Safe
29.12362,88.50154,0.4,6.74,16.4,0,Clear,0.0426,0,Safe
25.60446,96.54827,78.17,77.9,94.01,0,Clear,0.4105,1,Watch
21.57337,91.23009,18.02,49.81,19.24,0,Clear,0.1761,0,Safe
25.80205,89.21754,2.09,60.04,89.42,0,Clear,0.2789,1,Watch
21.66352,89.95599,0.39,426.92,59.59,0,Clear,0.4567,1,Watch
26.89371,90.38659,113.5,17.42,53.79,2,Heavy Rain,0.3855,1,Watch
25.57839,93.06311,21.3,21.49,32.49,2,Heavy Rain,0.1739,0,Safe
24.8899,89.83911,37.27,371.16,72.76,0,Clear,0.4581,1,Watch
26.97168,90.76265,118.14,57.04,89.42,0,Clear,0.4081,1,Watch
26.17058,95.38798,27.83,43.74,31.94,0,Clear,0.1844,0,Safe
29.47376,94.75143,0.62,28.85,76.64,1,Light Rain,0.2575,1,Watch
28.69386,96.88965,0.42,1.33,72.81,1,Light Rain,0.276,1,Watch
25.91678,94.26479,1.14,72.36,18.35,0,Clear,0.118,0,Safe
21.86971,94.0572,2.99,71.67,87.77,1,Light Rain,0.3152,1,Watch
24.8665,91.51246,0.94,78.96,83.28,3,Extreme Storm,0.2832,1,Watch
24.3271,92.97922,50.4,506.99,29.08,1,Light Rain,0.6044,2,Warning
21.60336,88.6368,10.08,216.82,29.01,0,Clear,0.2354,0,Safe
21.73952,93.61532,0.94,88.19,27.3,1,Light Rain,0.0786,0,Safe
27.8533,89.38056,41.31,198.72,50.99,1,Light Rain,0.3712,1,Watch
25.84235,96.4614,0.28,32.31,90.29,3,Extreme Storm,0.3153,1,Watch
22.05729,95.80495,25.32,466.12,33.31,1,Light Rain,0.4357,1,Watch
23.01027,90.67714,0.97,166.91,38.97,2,Heavy Rain,0.2877,1,Watch
25.16339,88.33494,2.51,18.62,36.71,0,Clear,0.0849,0,Safe
24.16849,95.51544,2.01,3.54,35.02,2,Heavy Rain,0.201,0,Safe
25.65284,92.27947,6.51,125.49,97.59,0,Clear,0.3339,1,Watch
26.10267,92.31016,15.2,600.0,53.22,1,Light Rain,0.6077,2,Warning
22.79842,93.41221,1.07,398.13,26.09,3,Extreme Storm,0.4551,1,Watch
21.81199,92.23751,24.28,13.95,17.2,2,Heavy Rain,0.1695,0,Safe
23.19845,89.29862,1.01,107.58,20.48,3,Extreme Storm,0.2332,0,Safe
26.49253,91.52287,9.59,67.16,62.61,1,Light Rain,0.2563,1,Watch
27.82904,91.81849,0.26,134.21,33.75,2,Heavy Rain,0.3007,1,Watch
23.56706,91.7042,21.75,90.4,66.33,1,Light Rain,0.3294,1,Watch
26.29152,91.2448,2.7,67.27,12.92,1,Light Rain,0.0873,0,Safe
21.86681,93.28687,10.93,48.41,41.96,1,Light Rain,0.1443,0,Safe
21.78979,92.33095,72.35,72.63,32.91,0,Clear,0.2195,0,Safe
24.861,91.24601,150.0,264.02,68.83,0,Clear,0.6152,2,Warning
28.94955,89.7989,2.45,25.29,42.58,0,Clear,0.0832,0,Safe
28.27643,90.89946,3.03,132.62,83.5,1,Light Rain,0.3094,1,Watch
27.83548,94.99279,30.96,86.11,96.89,1,Light Rain,0.3309,1,Watch
24.72682,93.64626,36.13,581.12,53.85,2,Heavy Rain,0.6862,2,Warning
29.14778,93.73377,12.91,107.07,79.36,0,Clear,0.3178,1,Watch
26.70961,93.17232,1.28,4.93,68.37,1,Light Rain,0.2448,0,Safe
23.94242,96.03817,1.66,18.49,39.6,1,Light Rain,0.1284,0,Safe
26.09855,92.81135,0.97,157.98,51.36,1,Light Rain,0.1983,0,Safe
28.07825,91.54254,1.24,61.96,58.42,2,Heavy Rain,0.2227,0,Safe
21.96443,91.20094,0.34,41.71,37.77,1,Light Rain,0.1022,0,Safe
22.58711,93.00739,1.61,165.44,28.39,0,Clear,0.1296,0,Safe
22.73651,93.29491,21.29,15.04,11.11,2,Heavy Rain,0.1854,0,Safe
25.95591,88.22002,1.81,69.93,17.67,2,Heavy Rain,0.1506,0,Safe
24.97471,91.02497,2.57,30.46,35.58,3,Extreme Storm,0.2251,0,Safe
25.57028,91.44492,20.99,518.07,87.09,2,Heavy Rain,0.7089,2,Warning
29.08737,92.87121,20.91,402.88,19.37,2,Heavy Rain,0.3777,1,Watch
24.24208,92.34391,42.72,492.86,42.8,2,Heavy Rain,0.598,2,Warning
24.4196,93.68654,10.87,13.69,50.65,0,Clear,0.0958,0,Safe
25.90559,93.28921,13.19,453.12,75.56,2,Heavy Rain,0.5897,2,Warning
27.64957,92.75881,9.41,16.25,33.43,1,Light Rain,0.1861,0,Safe
26.03787,90.99875,75.25,278.41,15.72,2,Heavy Rain,0.3714,1,Watch
25.51358,95.10744,1.58,47.19,16.13,1,Light Rain,0.1409,0,Safe
26.51523,93.15438,12.89,96.05,95.99,1,Light Rain,0.3678,1,Watch
26.61479,93.09575,6.91,29.76,68.99,1,Light Rain,0.219,0,Safe
26.95027,90.85927,0.89,4.09,18.98,2,Heavy Rain,0.0703,0,Safe
24.166,95.9814,4.74,43.61,14.39,0,Clear,0.0826,0,Safe
27.62792,92.70902,0.34,66.2,18.01,2,Heavy Rain,0.1761,0,Safe
29.24597,91.92606,40.32,237.44,66.21,0,Clear,0.3783,1,Watch
26.89907,90.44003,50.96,222.39,29.11,0,Clear,0.2667,1,Watch
26.95601,91.23251,85.29,339.28,64.45,0,Clear,0.5599,2,Warning
27.05987,92.07573,73.47,4.48,26.56,1,Light Rain,0.2725,1,Watch
25.92864,94.09498,6.91,5.52,16.77,1,Light Rain,0.1286,0,Safe
28.73089,97.43537,13.1,97.89,24.63,0,Clear,0.2122,0,Safe
24.54878,90.39459,14.14,93.29,25.7,0,Clear,0.1239,0,Safe
28.88099,92.01502,1.48,300.87,78.22,3,Extreme Storm,0.442,1,Watch
25.3505,94.92244,24.04,78.68,57.6,1,Light Rain,0.2863,1,Watch
28.70633,96.37301,27.3,489.12,43.72,2,Heavy Rain,0.5314,2,Warning
22.84315,88.17756,7.9,366.49,13.12,0,Clear,0.3298,1,Watch
26.4546,90.72752,15.39,567.93,27.02,2,Heavy Rain,0.497,1,Watch
27.84364,93.12681,39.22,19.15,40.84,2,Heavy Rain,0.2084,0,Safe
24.70698,91.11359,0.9,146.16,44.25,2,Heavy Rain,0.279,1,Watch
27.49061,88.23258,8.37,6.67,18.96,1,Light Rain,0.1061,0,Safe
26.70764,96.00511,37.07,6.48,47.91,3,Extreme Storm,0.3129,1,Watch
29.4432,96.52183,1.08,25.42,28.98,1,Light Rain,0.1206,0,Safe
22.73001,97.29978,0.81,54.07,25.47,2,Heavy Rain,0.0911,0,Safe
28.58911,97.41678,1.15,34.12,52.02,2,Heavy Rain,0.3594,1,Watch
24.83373,93.05008,13.36,28.86,88.56,3,Extreme Storm,0.3642,1,Watch
21.64809,92.63896,8.3,106.48,71.33,0,Clear,0.3787,1,Watch
28.7626,88.02968,0.3,191.54,47.39,0,Clear,0.2417,0,Safe
25.74055,92.19536,21.79,15.73,38.63,1,Light Rain,0.1346,0,Safe
27.14986,89.55507,6.36,54.0,65.13,3,Extreme Storm,0.2967,1,Watch
28.84717,94.94485,3.11,231.53,49.98,0,Clear,0.3285,1,Watch
24.40658,92.34949,38.81,288.44,70.37,1,Light Rain,0.491,1,Watch
27.45296,93.47488,1.87,137.16,61.82,1,Light Rain,0.2947,1,Watch
27.26114,91.37861,80.93,4.94,40.99,1,Light Rain,0.2715,1,Watch
26.36897,91.10045,10.99,505.91,71.65,0,Clear,0.5399,2,Warning
25.70074,92.00255,2.98,66.57,74.28,2,Heavy Rain,0.2957,1,Watch
27.66482,91.02576,3.9,59.4,34.06,0,Clear,0.1791,0,Safe
22.08246,88.95038,7.07,397.83,48.87,1,Light Rain,0.4691,1,Watch
23.7845,97.36624,0.89,15.69,50.48,0,Clear,0.1004,0,Safe
28.42239,94.94891,26.93,80.06,22.86,2,Heavy Rain,0.163,0,Safe
25.50299,96.47334,29.4,346.66,57.2,2,Heavy Rain,0.4407,1,Watch
28.22411,91.38029,1.48,22.22,76.1,2,Heavy Rain,0.2599,1,Watch
23.25331,90.96427,1.67,4.77,67.58,2,Heavy Rain,0.2504,1,Watch
27.98054,91.01632,3.14,36.02,62.13,3,Extreme Storm,0.2824,1,Watch
23.43005,89.44101,13.39,73.98,68.05,1,Light Rain,0.3003,1,Watch
28.25145,95.24561,32.89,99.51,63.85,3,Extreme Storm,0.3802,1,Watch
21.73413,94.66984,0.26,217.25,56.59,0,Clear,0.3506,1,Watch
24.97607,90.88748,1.84,17.13,16.21,1,Light Rain,0.1087,0,Safe
28.61393,93.2513,117.35,4.59,85.2,0,Clear,0.4124,1,Watch
25.07003,91.47282,1.29,238.55,25.6,1,Light Rain,0.1981,0,Safe
22.74848,95.41728,8.18,87.09,96.52,1,Light Rain,0.3603,1,Watch
25.81867,92.79819,52.12,332.51,23.26,3,Extreme Storm,0.4866,1,Watch
22.06193,90.88924,1.08,68.65,17.48,1,Light Rain,0.0961,0,Safe
26.31264,91.33689,1.42,324.02,46.23,2,Heavy Rain,0.3544,1,Watch
26.6351,94.5243,67.31,10.97,25.26,2,Heavy Rain,0.2931,1,Watch
22.83039,91.24449,6.19,13.74,14.49,1,Light Rain,0.0503,0,Safe
22.22854,95.20693,116.2,101.88,29.12,0,Clear,0.341,1,Watch
26.11653,95.722,77.15,26.43,63.7,1,Light Rain,0.34,1,Watch
22.39482,91.70041,8.49,47.35,63.58,1,Light Rain,0.2559,1,Watch
25.47326,95.62649,0.88,236.56,36.35,2,Heavy Rain,0.2783,1,Watch
24.56234,95.79704,0.99,95.55,25.18,0,Clear,0.1235,0,Safe
26.55819,88.74511,24.95,53.0,86.64,0,Clear,0.2548,1,Watch
29.31515,89.2528,116.15,186.29,10.28,2,Heavy Rain,0.4131,1,Watch
24.82734,95.61995,6.21,7.55,17.32,3,Extreme Storm,0.1788,0,Safe
22.77282,91.56018,25.69,182.44,90.84,0,Clear,0.4274,1,Watch
26.15882,94.08753,16.03,251.53,74.79,2,Heavy Rain,0.5078,2,Warning
26.5112,94.24734,8.8,231.83,97.3,1,Light Rain,0.4353,1,Watch
25.81619,92.9889,7.37,223.9,13.05,2,Heavy Rain,0.2496,0,Safe
27.17349,92.15134,26.92,176.68,81.54,1,Light Rain,0.4507,1,Watch
27.90119,88.87058,26.38,183.57,51.79,3,Extreme Storm,0.4188,1,Watch
26.97179,89.12646,0.67,5.64,18.38,0,Clear,0.1003,0,Safe
25.99011,96.84215,7.4,17.15,73.93,3,Extreme Storm,0.3867,1,Watch
24.9384,96.58402,26.33,1.43,71.03,2,Heavy Rain,0.2553,1,Watch
27.9988,88.54824,33.74,20.31,14.27,3,Extreme Storm,0.2378,0,Safe
24.89258,95.21139,43.57,9.07,22.41,2,Heavy Rain,0.1774,0,Safe
23.90496,92.71794,58.88,56.83,18.38,3,Extreme Storm,0.3445,1,Watch
21.71578,94.32123,2.39,472.36,66.81,2,Heavy Rain,0.5051,2,Warning
21.51104,88.08447,8.95,17.3,65.42,3,Extreme Storm,0.3267,1,Watch
24.09745,88.99537,17.12,48.09,94.73,1,Light Rain,0.3086,1,Watch
28.07418,89.75524,0.96,14.5,38.12,3,Extreme Storm,0.2288,0,Safe
25.74893,93.35311,4.06,371.64,38.64,1,Light Rain,0.4352,1,Watch
23.68598,91.45426,1.83,20.28,60.18,2,Heavy Rain,0.2079,0,Safe
26.65417,90.89497,150.0,34.77,37.6,2,Heavy Rain,0.3751,1,Watch
27.84826,89.74529,99.07,73.63,61.45,2,Heavy Rain,0.4241,1,Watch
23.76696,88.04793,0.49,4.75,72.89,2,Heavy Rain,0.2374,0,Safe
28.38887,93.67473,46.95,61.49,41.54,0,Clear,0.1717,0,Safe
27.81961,88.47232,6.43,15.95,30.25,2,Heavy Rain,0.0833,0,Safe
23.40143,88.30646,0.59,152.9,80.41,0,Clear,0.3526,1,Watch
24.20325,93.59998,0.27,17.53,22.98,1,Light Rain,0.1626,0,Safe
28.99946,95.39719,1.11,277.93,35.45,2,Heavy Rain,0.3183,1,Watch
27.51495,91.15418,8.43,70.09,16.25,2,Heavy Rain,0.1564,0,Safe
24.04461,88.19025,3.93,394.73,31.75,2,Heavy Rain,0.448,1,Watch
28.45813,94.20447,1.04,45.62,59.07,2,Heavy Rain,0.2794,1,Watch
25.61768,95.10255,1.46,240.35,59.79,0,Clear,0.3833,1,Watch
26.25463,91.79307,19.95,570.71,35.39,1,Light Rain,0.5604,2,Warning
26.09271,92.88378,0.41,31.64,10.29,1,Light Rain,0.0398,0,Safe
25.84474,90.63234,16.78,20.45,99.22,1,Light Rain,0.3546,1,Watch
25.7792,93.95194,27.84,102.87,51.78,1,Light Rain,0.2499,0,Safe
22.57868,89.04492,27.42,50.86,73.13,3,Extreme Storm,0.3598,1,Watch
29.29317,93.81005,9.85,278.14,65.64,1,Light Rain,0.4438,1,Watch
26.61284,91.61977,45.88,273.48,45.62,2,Heavy Rain,0.4033,1,Watch
26.89981,96.0897,5.13,24.43,55.54,1,Light Rain,0.1941,0,Safe
23.77033,90.76886,10.79,556.45,98.61,2,Heavy Rain,0.6531,2,Warning
26.53261,91.441,1.25,32.83,47.69,0,Clear,0.1037,0,Safe
26.26898,90.46604,33.35,394.07,40.67,3,Extreme Storm,0.4981,1,Watch
21.89935,88.96988,16.37,211.34,58.16,1,Light Rain,0.4121,1,Watch
24.36415,91.09569,136.64,57.47,56.66,2,Heavy Rain,0.4757,1,Watch
26.00044,93.3284,8.44,45.61,43.28,2,Heavy Rain,0.3251,1,Watch
22.8582,93.30804,0.42,250.07,26.87,2,Heavy Rain,0.3395,1,Watch
24.30828,88.53575,0.68,459.32,80.05,0,Clear,0.5468,2,Warning
28.32485,94.66794,10.51,220.54,42.26,3,Extreme Storm,0.3264,1,Watch
24.97289,92.19084,1.94,69.61,22.28,2,Heavy Rain,0.1659,0,Safe
27.10071,91.92413,97.63,3.27,31.14,2,Heavy Rain,0.2637,1,Watch
27.22469,90.40003,10.59,34.34,48.75,1,Light Rain,0.1833,0,Safe
29.19833,94.47913,49.67,50.75,44.06,2,Heavy Rain,0.2751,1,Watch
26.28499,96.32207,25.68,109.32,19.39,1,Light Rain,0.1958,0,Safe
26.73357,89.01971,2.75,248.79,71.22,1,Light Rain,0.4149,1,Watch
23.55162,96.66489,49.25,21.52,72.28,2,Heavy Rain,0.3333,1,Watch
25.43572,89.60419,1.29,154.63,55.73,2,Heavy Rain,0.345,1,Watch
25.58341,91.10822,1.67,148.22,51.89,0,Clear,0.1727,0,Safe
24.70004,91.70044,20.1,42.93,82.61,1,Light Rain,0.3199,1,Watch
27.30812,92.30895,15.04,193.33,46.66,2,Heavy Rain,0.3198,1,Watch
29.39073,93.08735,61.62,15.33,36.16,3,Extreme Storm,0.3135,1,Watch
22.06371,89.685,0.49,228.66,32.11,3,Extreme Storm,0.368,1,Watch
26.73363,89.23955,16.21,186.81,81.15,2,Heavy Rain,0.3634,1,Watch
26.15103,94.68695,1.14,9.39,88.78,1,Light Rain,0.3222,1,Watch
26.25845,92.40603,19.69,264.11,21.55,1,Light Rain,0.2884,1,Watch
25.54978,92.88926,60.44,7.94,90.16,1,Light Rain,0.4392,1,Watch
26.97617,97.26953,9.78,146.64,76.61,1,Light Rain,0.3418,1,Watch
26.62762,97.37067,44.74,13.8,26.67,0,Clear,0.2033,0,Safe
27.27171,95.52033,14.88,95.84,30.98,0,Clear,0.1685,0,Safe
26.58321,88.19561,11.43,91.38,74.5,0,Clear,0.2769,1,Watch
24.51447,92.90631,44.66,129.71,52.57,2,Heavy Rain,0.3636,1,Watch
26.31105,93.86593,21.22,48.34,26.31,1,Light Rain,0.1579,0,Safe
26.41886,88.9549,127.79,431.47,68.29,1,Light Rain,0.6944,2,Warning
24.19177,89.85705,42.52,360.36,37.18,1,Light Rain,0.4464,1,Watch
26.51427,91.06465,71.28,500.04,71.72,1,Light Rain,0.6867,2,Warning
28.04674,94.4046,6.32,19.21,75.79,2,Heavy Rain,0.2888,1,Watch
25.00275,93.04254,65.62,35.1,43.18,0,Clear,0.2615,1,Watch
26.49748,91.89559,2.02,92.65,63.11,0,Clear,0.1622,0,Safe
24.71251,97.00277,13.66,27.5,30.72,2,Heavy Rain,0.2207,0,Safe
25.09743,88.40474,9.46,163.26,90.99,0,Clear,0.3224,1,Watch
28.64856,93.75749,4.25,80.83,24.78,2,Heavy Rain,0.1237,0,Safe
27.34593,94.47192,1.73,85.76,44.75,0,Clear,0.2458,0,Safe
25.20285,90.79902,1.3,226.22,72.18,0,Clear,0.3899,1,Watch
26.40161,91.03074,0.12,600.0,81.57,0,Clear,0.6037,2,Warning
27.49658,91.89805,13.03,158.47,82.75,1,Light Rain,0.4104,1,Watch
26.84302,92.13164,26.29,299.65,14.66,1,Light Rain,0.3003,1,Watch
25.60357,91.45049,150.0,27.64,25.46,1,Light Rain,0.3466,1,Watch
27.98815,89.9799,0.97,60.16,70.94,1,Light Rain,0.2286,0,Safe
24.09307,89.71732,84.67,23.25,72.91,2,Heavy Rain,0.3799,1,Watch
24.29733,91.86032,12.17,461.43,15.57,1,Light Rain,0.3898,1,Watch
23.70209,91.66124,1.05,69.95,28.7,1,Light Rain,0.1249,0,Safe
23.95331,91.07443,32.73,284.82,48.97,3,Extreme Storm,0.3529,1,Watch
26.70422,91.60568,148.79,99.25,90.46,0,Clear,0.533,2,Warning
22.78406,92.70034,0.58,173.84,49.14,0,Clear,0.2009,0,Safe
22.95218,91.36739,0.4,178.61,87.53,2,Heavy Rain,0.4171,1,Watch
25.85927,90.50491,76.99,21.75,65.37,1,Light Rain,0.33,1,Watch
23.27417,93.02681,0.48,49.55,26.55,2,Heavy Rain,0.1923,0,Safe
25.06105,91.63164,90.3,95.72,41.01,1,Light Rain,0.3507,1,Watch
23.92702,92.28004,6.89,52.3,95.11,0,Clear,0.2335,0,Safe
24.2465,89.36903,16.41,156.23,39.19,1,Light Rain,0.2122,0,Safe
27.43602,93.65384,1.31,415.83,40.9,2,Heavy Rain,0.3987,1,Watch
26.9171,92.863,0.68,241.88,39.89,1,Light Rain,0.2609,1,Watch
25.85722,97.22023,49.24,280.61,78.73,1,Light Rain,0.4712,1,Watch
25.7145,97.06625,11.69,17.53,37.86,3,Extreme Storm,0.2626,1,Watch
29.36256,92.77076,1.84,80.5,44.72,1,Light Rain,0.2093,0,Safe
26.60614,97.26266,1.63,180.89,88.49,2,Heavy Rain,0.3368,1,Watch
23.29105,93.35977,1.17,61.14,71.0,2,Heavy Rain,0.2519,1,Watch
24.26125,94.48022,0.4,298.6,22.56,0,Clear,0.2547,1,Watch
27.67044,92.32251,2.12,188.26,33.83,1,Light Rain,0.2068,0,Safe
25.57798,92.44571,10.9,600.0,44.28,3,Extreme Storm,0.6321,2,Warning
27.23741,88.82186,40.7,21.88,59.64,2,Heavy Rain,0.2646,1,Watch
24.93265,89.5304,3.56,101.03,84.41,1,Light Rain,0.3123,1,Watch
25.3169,93.08467,128.8,34.56,27.97,1,Light Rain,0.3182,1,Watch
22.54014,94.37355,1.23,127.76,19.06,1,Light Rain,0.1727,0,Safe
24.55138,92.91706,1.14,192.46,32.9,2,Heavy Rain,0.3368,1,Watch
24.31867,89.52361,2.81,146.78,77.6,0,Clear,0.3322,1,Watch
27.94263,90.99058,13.63,92.7,97.35,1,Light Rain,0.318,1,Watch
25.16427,92.50749,150.0,72.35,26.49,1,Light Rain,0.4982,1,Watch
25.56737,90.72621,0.21,95.62,47.86,1,Light Rain,0.2643,1,Watch
26.73315,90.03552,6.71,19.68,14.41,2,Heavy Rain,0.0996,0,Safe
25.03861,95.51592,14.05,428.61,27.45,2,Heavy Rain,0.4098,1,Watch
23.52324,92.72521,1.77,253.1,87.25,0,Clear,0.4034,1,Watch
23.21298,91.98861,12.33,253.95,43.25,0,Clear,0.3261,1,Watch
26.28217,90.64201,52.06,0.12,34.94,3,Extreme Storm,0.3449,1,Watch
29.27707,92.73111,0.75,56.95,79.13,2,Heavy Rain,0.3241,1,Watch
23.83257,90.90292,122.69,238.09,68.34,2,Heavy Rain,0.5742,2,Warning
28.68864,88.07249,28.9,13.93,57.75,0,Clear,0.1815,0,Safe
26.34183,95.7809,92.2,13.4,34.15,0,Clear,0.273,1,Watch
23.35664,91.40267,15.36,508.06,19.2,1,Light Rain,0.392,1,Watch
28.0307,91.27925,1.65,7.88,90.4,3,Extreme Storm,0.3938,1,Watch
28.00802,93.53109,19.17,138.58,93.26,0,Clear,0.3357,1,Watch
22.23557,90.34777,1.33,14.01,36.67,3,Extreme Storm,0.2416,0,Safe
29.1982,90.51869,13.11,53.05,86.95,0,Clear,0.3226,1,Watch
25.91111,92.84856,1.16,72.86,18.45,1,Light Rain,0.2522,1,Watch
27.85989,93.27569,5.22,203.9,81.17,1,Light Rain,0.3687,1,Watch
24.09424,90.73236,0.85,3.97,48.84,0,Clear,0.115,0,Safe
26.78751,91.9594,1.12,546.39,76.76,3,Extreme Storm,0.6448,2,Warning
21.80873,90.11052,1.57,27.16,21.13,1,Light Rain,0.1138,0,Safe
28.43487,93.79432,30.68,118.7,14.26,0,Clear,0.1401,0,Safe
24.70103,91.7919,9.93,295.44,24.5,0,Clear,0.3232,1,Watch
24.10193,94.49712,0.01,27.22,98.29,1,Light Rain,0.3375,1,Watch
23.90187,94.35789,19.64,9.52,25.12,0,Clear,0.0916,0,Safe
25.93378,93.71974,0.2,50.52,82.72,0,Clear,0.2124,0,Safe
26.59724,92.79935,30.65,380.75,60.66,0,Clear,0.4391,1,Watch
24.94953,88.05407,2.07,44.61,54.05,0,Clear,0.1496,0,Safe
25.52719,92.77339,1.63,225.11,84.43,3,Extreme Storm,0.4836,1,Watch
26.76499,90.67727,18.38,66.22,75.68,1,Light Rain,0.305,1,Watch
23.95454,95.10261,1.86,142.62,98.76,2,Heavy Rain,0.4446,1,Watch
25.91536,90.55726,1.26,78.41,97.75,2,Heavy Rain,0.4249,1,Watch
25.09757,92.2006,1.34,50.65,56.44,3,Extreme Storm,0.289,1,Watch
26.72611,92.03205,1.69,491.39,96.38,0,Clear,0.5951,2,Warning
24.47769,88.55375,22.66,106.09,45.41,1,Light Rain,0.3536,1,Watch
26.40846,89.97838,5.32,58.92,58.54,1,Light Rain,0.2507,1,Watch
24.7744,97.4717,57.89,0.11,62.03,1,Light Rain,0.2654,1,Watch
24.55408,89.43887,0.18,345.3,20.19,1,Light Rain,0.3116,1,Watch
26.05641,91.45578,0.57,334.21,66.85,0,Clear,0.3243,1,Watch
27.38943,93.48024,14.5,330.2,88.38,2,Heavy Rain,0.5537,2,Warning
23.55077,94.43464,11.21,215.59,30.58,0,Clear,0.2169,0,Safe
26.33006,94.32986,62.57,8.03,52.0,3,Extreme Storm,0.304,1,Watch
23.99421,91.31869,48.44,216.75,14.45,0,Clear,0.2267,0,Safe
26.518,88.18773,44.27,465.13,59.13,2,Heavy Rain,0.6441,2,Warning
23.10696,91.41613,2.37,98.54,33.03,2,Heavy Rain,0.2085,0,Safe
26.59347,88.03017,0.56,15.39,55.97,0,Clear,0.1817,0,Safe
28.20808,91.76756,7.1,133.25,30.57,3,Extreme Storm,0.2925,1,Watch
26.81847,94.96636,1.13,400.41,15.93,1,Light Rain,0.35,1,Watch
29.46834,91.00571,25.51,51.07,94.11,3,Extreme Storm,0.3965,1,Watch
23.47455,89.22084,9.88,221.07,47.59,0,Clear,0.3026,1,Watch
27.74153,94.44788,0.49,334.51,46.98,2,Heavy Rain,0.3909,1,Watch
26.04008,91.33183,10.48,232.92,21.43,0,Clear,0.2326,0,Safe
24.73898,90.02447,8.14,566.47,49.03,1,Light Rain,0.5914,2,Warning
28.64258,92.41888,48.35,200.03,81.99,1,Light Rain,0.5049,2,Warning
27.98389,93.39508,1.96,3.6,14.84,1,Light Rain,0.0587,0,Safe
25.1778,92.37269,0.2,357.15,67.53,1,Light Rain,0.4555,1,Watch
23.91284,97.01102,1.3,15.68,64.11,2,Heavy Rain,0.2629,1,Watch
27.68981,93.58779,1.84,196.4,61.03,2,Heavy Rain,0.3627,1,Watch
21.86365,92.63039,49.68,195.09,24.37,1,Light Rain,0.3377,1,Watch
24.04614,90.51161,0.91,53.38,24.46,1,Light Rain,0.1626,0,Safe
27.47532,94.47359,8.78,216.55,50.21,1,Light Rain,0.3914,1,Watch
25.6431,95.75001,0.68,88.41,19.11,1,Light Rain,0.2274,0,Safe
26.54189,92.64273,1.81,113.92,21.83,0,Clear,0.1269,0,Safe
26.96402,90.73771,31.22,50.54,68.99,2,Heavy Rain,0.3913,1,Watch
28.60989,89.38816,35.66,205.6,49.63,2,Heavy Rain,0.4048,1,Watch
29.10227,91.20229,14.67,16.89,15.59,1,Light Rain,0.1009,0,Safe
26.56398,89.93218,0.92,85.82,55.7,2,Heavy Rain,0.289,1,Watch
23.39904,93.44152,16.19,43.71,44.32,3,Extreme Storm,0.2576,1,Watch
24.99147,96.8232,97.72,167.6,26.63,3,Extreme Storm,0.4395,1,Watch
24.02623,91.16415,2.09,122.14,53.35,2,Heavy Rain,0.2411,0,Safe
26.20675,91.5505,58.86,32.15,13.65,1,Light Rain,0.1902,0,Safe
22.61353,89.07401,65.69,118.24,68.36,1,Light Rain,0.4298,1,Watch
25.01653,91.08255,2.28,29.13,48.78,1,Light Rain,0.2073,0,Safe
26.79699,93.87623,11.22,185.1,71.6,1,Light Rain,0.369,1,Watch
24.8004,88.19911,0.17,6.1,71.36,2,Heavy Rain,0.3189,1,Watch
26.22598,91.36423,1.14,138.92,76.5,3,Extreme Storm,0.4711,1,Watch
26.13305,97.47452,0.07,52.36,13.13,0,Clear,0.0878,0,Safe
24.47571,89.35377,0.81,96.26,22.07,0,Clear,0.1846,0,Safe
25.65634,90.89035,2.57,130.32,71.44,0,Clear,0.2837,1,Watch
25.74069,89.38581,51.91,74.56,82.29,2,Heavy Rain,0.4121,1,Watch
28.59444,96.30393,1.63,69.4,24.78,1,Light Rain,0.1827,0,Safe
26.9352,89.45342,18.07,165.93,54.63,1,Light Rain,0.3078,1,Watch
26.56046,94.12041,9.04,4.95,85.25,1,Light Rain,0.1704,0,Safe
26.18276,96.17604,28.0,411.14,68.5,3,Extreme Storm,0.5817,2,Warning
23.70986,91.09185,33.71,108.64,16.65,1,Light Rain,0.1433,0,Safe
24.63462,88.29111,37.16,94.85,75.85,2,Heavy Rain,0.3659,1,Watch
28.50063,95.63452,110.99,58.66,55.52,0,Clear,0.3411,1,Watch
25.49267,92.14645,70.42,432.26,71.54,2,Heavy Rain,0.6295,2,Warning
21.51839,96.52543,0.79,159.83,17.46,0,Clear,0.1095,0,Safe
28.82874,92.60908,10.01,12.44,19.44,3,Extreme Storm,0.1256,0,Safe
28.16545,88.49968,0.1,391.89,32.53,2,Heavy Rain,0.3836,1,Watch
26.50171,90.99323,60.85,16.96,43.06,0,Clear,0.2055,0,Safe
26.39754,91.10702,2.01,560.59,99.42,0,Clear,0.6137,2,Warning
25.66996,93.42756,10.86,134.87,15.78,1,Light Rain,0.1912,0,Safe
25.52872,96.56485,86.41,80.39,96.74,0,Clear,0.4677,1,Watch
23.53575,93.59574,36.85,29.78,16.12,2,Heavy Rain,0.1479,0,Safe
28.00469,91.60767,1.77,481.55,58.54,3,Extreme Storm,0.5354,2,Warning
24.76524,88.7529,1.38,58.37,47.0,2,Heavy Rain,0.292,1,Watch
23.58419,88.1047,5.79,38.72,51.88,0,Clear,0.1955,0,Safe
24.12072,93.60443,37.02,22.88,55.43,1,Light Rain,0.2178,0,Safe
23.43917,94.5577,0.58,91.38,51.54,2,Heavy Rain,0.2073,0,Safe
28.68897,90.60624,0.51,42.64,82.84,3,Extreme Storm,0.3164,1,Watch
26.83561,94.33409,42.94,23.96,11.88,0,Clear,0.1071,0,Safe
24.82761,91.02042,40.83,581.36,64.52,1,Light Rain,0.6775,2,Warning
22.0795,88.6335,9.55,62.84,37.15,1,Light Rain,0.092,0,Safe
26.20366,89.46546,3.66,105.03,72.64,1,Light Rain,0.2525,1,Watch
22.48759,92.9754,32.64,134.84,19.49,1,Light Rain,0.2984,1,Watch
26.82449,88.94492,106.68,9.47,57.52,1,Light Rain,0.3619,1,Watch
27.4504,89.1559,1.56,95.77,66.05,1,Light Rain,0.2674,1,Watch
24.08564,93.08365,35.65,110.57,92.89,0,Clear,0.3428,1,Watch
28.04775,96.97482,30.56,14.49,11.78,1,Light Rain,0.1549,0,Safe
22.33482,96.26026,1.43,1.61,46.57,2,Heavy Rain,0.1144,0,Safe
26.30703,92.0297,8.55,33.93,45.26,0,Clear,0.133,0,Safe
26.37105,91.50528,1.28,232.29,51.2,2,Heavy Rain,0.2684,1,Watch
24.79495,92.00162,0.62,310.6,58.83,1,Light Rain,0.3877,1,Watch
28.82195,96.04484,97.46,138.02,22.42,1,Light Rain,0.326,1,Watch
25.64079,88.18968,45.16,26.28,23.29,3,Extreme Storm,0.1858,0,Safe
26.62258,90.84339,0.85,27.6,32.1,2,Heavy Rain,0.2071,0,Safe
24.01537,90.75715,124.31,175.81,35.09,2,Heavy Rain,0.5064,2,Warning
25.94988,90.89534,2.18,25.9,37.58,2,Heavy Rain,0.2227,0,Safe
27.21172,88.03911,1.62,3.8,50.35,1,Light Rain,0.1042,0,Safe
22.92436,96.36338,0.72,0.12,33.63,2,Heavy Rain,0.1119,0,Safe
24.93194,95.76402,46.04,27.24,62.17,1,Light Rain,0.3317,1,Watch
29.18976,91.40181,1.55,9.74,38.53,2,Heavy Rain,0.2045,0,Safe
25.67173,94.86115,16.45,71.7,25.87,1,Light Rain,0.2294,0,Safe
25.65271,94.5527,14.09,109.14,75.42,2,Heavy Rain,0.3419,1,Watch
26.14564,90.04777,0.55,163.5,67.6,2,Heavy Rain,0.3412,1,Watch
26.14498,96.58879,1.07,164.65,68.26,2,Heavy Rain,0.3735,1,Watch
25.79463,90.51645,2.78,246.55,22.34,1,Light Rain,0.2041,0,Safe
26.02683,89.62134,6.52,14.03,65.84,1,Light Rain,0.226,0,Safe
23.379,90.55908,15.83,10.03,20.93,3,Extreme Storm,0.2868,1,Watch
25.10346,89.3721,105.21,395.21,29.05,0,Clear,0.4971,1,Watch
26.49568,90.44714,1.66,563.75,25.58,1,Light Rain,0.4117,1,Watch
21.94719,90.90893,46.59,194.99,63.38,0,Clear,0.3825,1,Watch
28.03786,94.08646,0.24,157.15,24.04,0,Clear,0.1292,0,Safe
28.64679,90.5398,37.1,121.69,17.6,2,Heavy Rain,0.2494,0,Safe
28.68723,88.12713,1.46,13.89,79.95,3,Extreme Storm,0.3551,1,Watch
26.96847,91.79749,0.72,104.81,48.22,0,Clear,0.214,0,Safe
25.66608,97.2832,4.61,21.68,46.43,2,Heavy Rain,0.1853,0,Safe
21.59044,90.96207,1.48,210.12,23.95,1,Light Rain,0.2693,1,Watch
24.04725,93.56201,7.5,479.15,66.23,2,Heavy Rain,0.4975,1,Watch
23.7793,90.76676,92.46,214.28,27.31,2,Heavy Rain,0.4398,1,Watch
25.16986,91.6463,4.62,156.58,55.49,2,Heavy Rain,0.3021,1,Watch
24.75501,89.67744,1.28,243.9,50.58,0,Clear,0.1968,0,Safe
25.52267,92.34446,43.35,68.16,12.46,0,Clear,0.1004,0,Safe
22.67155,91.62964,122.99,57.7,65.34,3,Extreme Storm,0.5062,2,Warning
25.61546,89.31943,51.64,9.12,81.36,0,Clear,0.3254,1,Watch
24.11251,91.08808,45.08,287.52,48.56,0,Clear,0.3891,1,Watch
25.74004,96.02968,40.17,100.42,89.76,1,Light Rain,0.3798,1,Watch
28.93876,92.87362,0.95,12.94,16.66,2,Heavy Rain,0.1509,0,Safe
25.57442,94.96124,95.22,57.95,36.03,2,Heavy Rain,0.3651,1,Watch
25.5457,93.2815,14.59,82.26,48.82,1,Light Rain,0.2744,1,Watch
26.27617,91.67044,150.0,76.8,38.84,2,Heavy Rain,0.4879,1,Watch
26.7945,93.95288,0.05,358.77,98.46,2,Heavy Rain,0.5236,2,Warning
27.29988,90.08195,0.01,20.45,27.5,0,Clear,0.1092,0,Safe
27.46158,91.2222,23.68,32.67,24.98,0,Clear,0.1621,0,Safe
26.55683,88.84742,0.24,210.53,77.43,0,Clear,0.3903,1,Watch
25.14936,90.74317,12.68,2.98,68.55,0,Clear,0.1734,0,Safe
28.37218,94.20622,39.03,45.11,35.63,0,Clear,0.1697,0,Safe
26.56536,91.06118,10.39,21.61,42.12,2,Heavy Rain,0.2389,0,Safe
24.62459,92.40852,15.73,157.7,22.31,3,Extreme Storm,0.3208,1,Watch
26.54423,90.93188,2.14,232.09,75.45,2,Heavy Rain,0.3932,1,Watch
23.9585,90.33465,1.21,23.83,79.47,0,Clear,0.1897,0,Safe
27.74413,91.85789,14.16,46.68,82.76,2,Heavy Rain,0.311,1,Watch
27.71805,93.07783,25.01,30.64,57.41,1,Light Rain,0.2421,0,Safe
25.59601,91.31904,3.12,75.87,38.77,2,Heavy Rain,0.1839,0,Safe
28.99061,93.52996,0.68,78.05,23.45,3,Extreme Storm,0.2286,0,Safe
22.62188,90.8324,3.02,460.22,79.46,2,Heavy Rain,0.5081,2,Warning
25.73472,92.24011,21.2,114.3,59.28,1,Light Rain,0.2598,1,Watch
26.39895,97.19185,8.72,437.85,70.99,1,Light Rain,0.5246,2,Warning
26.74283,96.15309,10.45,25.7,72.62,2,Heavy Rain,0.246,0,Safe
26.05876,88.71381,2.11,8.24,78.85,0,Clear,0.1894,0,Safe
26.83884,95.62512,1.11,205.53,79.23,0,Clear,0.3319,1,Watch
28.70548,90.8856,1.06,69.82,72.39,1,Light Rain,0.3475,1,Watch
27.6764,94.4585,5.84,17.89,83.52,2,Heavy Rain,0.2449,0,Safe
25.72571,94.56432,1.05,252.46,41.93,0,Clear,0.2843,1,Watch
29.05174,91.10524,6.94,14.2,66.7,1,Light Rain,0.1801,0,Safe
24.74717,94.35311,19.82,8.77,76.8,1,Light Rain,0.2217,0,Safe
26.64086,91.95955,6.22,91.79,72.75,1,Light Rain,0.2518,1,Watch
21.68241,93.29015,1.62,8.45,62.07,1,Light Rain,0.1906,0,Safe
26.6254,95.08298,7.61,7.74,14.08,2,Heavy Rain,0.1771,0,Safe
26.23849,93.37899,16.06,22.19,75.57,2,Heavy Rain,0.3442,1,Watch
28.19338,92.98768,11.93,14.73,67.76,3,Extreme Storm,0.2808,1,Watch
27.78426,89.32359,0.25,83.23,74.23,0,Clear,0.2308,0,Safe
26.55381,90.93238,110.96,368.61,72.53,1,Light Rain,0.669,2,Warning
22.35508,95.11577,40.9,20.04,23.79,1,Light Rain,0.1766,0,Safe
24.85294,95.22501,21.72,132.36,31.28,0,Clear,0.1772,0,Safe
26.41248,94.88755,13.56,2.43,60.67,0,Clear,0.2023,0,Safe
26.24132,93.50506,8.14,107.48,36.17,1,Light Rain,0.2738,1,Watch
25.74866,97.2818,6.1,10.1,47.78,2,Heavy Rain,0.2453,0,Safe
22.01588,96.40137,1.06,20.63,54.59,0,Clear,0.2063,0,Safe
25.01233,89.42835,6.45,252.65,40.61,1,Light Rain,0.3085,1,Watch
23.93651,89.17793,64.76,7.82,20.8,2,Heavy Rain,0.1885,0,Safe
27.76608,93.55612,24.24,158.25,32.35,1,Light Rain,0.1801,0,Safe
25.79079,92.93546,41.46,196.99,25.4,0,Clear,0.181,0,Safe
23.6772,90.78057,0.43,270.45,22.94,3,Extreme Storm,0.3302,1,Watch
27.83843,93.0813,0.91,2.07,76.13,0,Clear,0.2135,0,Safe
24.18363,96.05522,42.64,95.44,79.52,0,Clear,0.3672,1,Watch
22.75512,90.58003,0.28,14.8,14.03,1,Light Rain,0.0885,0,Safe
26.59376,95.3919,8.81,239.53,54.54,0,Clear,0.2819,1,Watch
24.25957,94.03013,28.25,60.66,75.12,0,Clear,0.3015,1,Watch
21.61512,94.65173,1.26,115.29,56.62,1,Light Rain,0.2059,0,Safe
29.04326,93.66574,1.94,84.46,86.13,3,Extreme Storm,0.3307,1,Watch
26.03141,97.40658,5.49,7.64,57.23,1,Light Rain,0.2152,0,Safe
26.79837,95.00898,13.96,23.46,50.93,1,Light Rain,0.1503,0,Safe
26.24072,95.03612,13.44,443.55,14.3,3,Extreme Storm,0.4232,1,Watch
28.8677,88.31086,1.71,80.01,52.69,0,Clear,0.1488,0,Safe
26.14579,92.39038,15.78,587.48,26.53,1,Light Rain,0.5244,2,Warning
25.74204,92.49103,8.51,587.3,27.86,1,Light Rain,0.5322,2,Warning
26.22838,90.56157,2.61,93.46,86.48,1,Light Rain,0.3408,1,Watch
23.75903,96.46987,26.39,34.09,59.31,1,Light Rain,0.2251,0,Safe
25.08962,94.62709,18.96,1.62,80.57,1,Light Rain,0.2607,1,Watch
24.88455,91.11086,2.62,134.41,37.88,1,Light Rain,0.2514,1,Watch
25.75606,94.76996,54.88,55.94,85.22,3,Extreme Storm,0.4206,1,Watch
24.3017,90.18408,0.81,94.21,26.18,0,Clear,0.0931,0,Safe
22.88079,90.60981,52.35,360.5,79.84,2,Heavy Rain,0.5682,2,Warning
29.03936,90.70965,20.18,2.13,80.08,0,Clear,0.2109,0,Safe
22.84427,90.93005,6.98,7.31,14.7,1,Light Rain,0.0878,0,Safe
28.35074,94.10625,8.35,425.19,64.03,0,Clear,0.4564,1,Watch
23.86895,95.03482,54.02,13.25,78.98,3,Extreme Storm,0.3896,1,Watch
29.29802,90.33212,2.83,400.39,47.33,2,Heavy Rain,0.4246,1,Watch
22.51522,91.67842,15.3,0.23,28.01,1,Light Rain,0.0917,0,Safe
28.50236,89.60888,13.22,21.29,11.07,3,Extreme Storm,0.1899,0,Safe
26.86418,94.45579,35.75,9.34,20.11,2,Heavy Rain,0.1965,0,Safe
24.12262,93.62963,10.17,280.78,16.28,3,Extreme Storm,0.3274,1,Watch
23.93843,88.87559,0.77,8.26,27.32,2,Heavy Rain,0.1395,0,Safe
26.99577,92.68666,46.77,103.67,40.5,0,Clear,0.2968,1,Watch
29.33139,88.36322,1.67,51.66,26.47,2,Heavy Rain,0.1672,0,Safe
29.23922,89.74928,5.88,10.66,91.7,3,Extreme Storm,0.3459,1,Watch
27.27011,91.19036,34.96,94.63,56.78,0,Clear,0.3244,1,Watch
27.62493,91.03412,25.9,41.46,39.69,2,Heavy Rain,0.2795,1,Watch
25.62027,92.65737,1.58,600.0,26.05,0,Clear,0.4421,1,Watch
27.17047,91.14965,0.01,290.96,65.81,1,Light Rain,0.4347,1,Watch
28.96843,93.86549,1.94,95.24,52.75,0,Clear,0.1918,0,Safe
25.184,92.45216,71.68,375.39,47.5,1,Light Rain,0.4798,1,Watch
28.2406,97.24409,6.87,82.73,14.85,2,Heavy Rain,0.2226,0,Safe
23.06731,93.81119,1.11,252.19,10.59,0,Clear,0.1681,0,Safe
27.89149,90.9281,2.63,171.36,60.36,1,Light Rain,0.2825,1,Watch
23.0111,92.38554,17.47,18.22,77.64,2,Heavy Rain,0.2868,1,Watch
27.95696,93.18578,42.15,16.41,94.46,3,Extreme Storm,0.4988,1,Watch
24.39061,92.89168,0.03,495.83,51.78,0,Clear,0.422,1,Watch
26.96551,91.73511,1.16,22.19,71.0,0,Clear,0.1701,0,Safe
25.79539,92.02531,37.0,15.81,24.22,0,Clear,0.1191,0,Safe
21.84675,95.35589,6.31,7.88,77.32,0,Clear,0.2301,0,Safe
25.92856,93.97083,9.48,294.82,94.13,2,Heavy Rain,0.5116,2,Warning
28.83731,92.26914,35.93,97.91,28.55,3,Extreme Storm,0.2698,1,Watch
28.93809,91.63293,7.29,48.34,78.57,1,Light Rain,0.2991,1,Watch
27.67908,91.24494,85.83,108.97,82.84,1,Light Rain,0.5104,2,Warning
22.79927,91.71901,1.05,15.61,64.08,2,Heavy Rain,0.1741,0,Safe
26.94612,88.36129,33.11,417.46,66.71,0,Clear,0.473,1,Watch
25.72319,90.15252,19.55,29.99,39.99,0,Clear,0.173,0,Safe
22.74417,92.19807,28.38,56.78,95.04,2,Heavy Rain,0.3401,1,Watch
24.365,95.662,14.8,91.02,16.64,0,Clear,0.1207,0,Safe
22.99298,91.29709,14.48,40.5,20.24,1,Light Rain,0.1859,0,Safe
25.71428,91.4297,71.76,97.02,98.7,0,Clear,0.4559,1,Watch
28.67219,91.50715,36.18,187.38,69.3,3,Extreme Storm,0.4793,1,Watch
21.63872,89.59375,1.4,70.92,32.9,1,Light Rain,0.1951,0,Safe
25.60766,88.31796,1.22,30.18,44.98,1,Light Rain,0.1809,0,Safe
25.43698,97.34295,0.03,323.3,21.52,0,Clear,0.2559,1,Watch
27.57869,91.54852,0.95,207.29,11.43,0,Clear,0.2069,0,Safe
27.38446,92.74776,0.83,482.44,48.15,1,Light Rain,0.4577,1,Watch
28.58854,91.60903,0.74,147.29,41.25,3,Extreme Storm,0.2961,1,Watch
22.72683,90.02608,1.88,96.24,76.11,1,Light Rain,0.2247,0,Safe
25.71321,96.9934,97.75,114.1,34.9,2,Heavy Rain,0.3738,1,Watch
26.93407,95.25112,12.24,24.69,38.69,0,Clear,0.1367,0,Safe
24.21847,95.6461,4.26,16.86,68.7,0,Clear,0.1912,0,Safe
25.24685,91.93219,83.46,150.45,67.02,0,Clear,0.4439,1,Watch
22.3803,95.0021,1.12,4.89,60.04,1,Light Rain,0.171,0,Safe
22.61086,94.02799,0.32,71.9,44.47,3,Extreme Storm,0.2437,0,Safe
25.35114,95.11805,21.21,426.87,93.43,1,Light Rain,0.5652,2,Warning
26.96007,89.51238,11.03,245.17,28.41,2,Heavy Rain,0.3292,1,Watch
29.38016,91.94492,0.23,97.76,20.7,3,Extreme Storm,0.2792,1,Watch
25.56585,93.30595,1.71,186.78,43.78,1,Light Rain,0.1777,0,Safe
26.07631,90.32702,122.77,88.1,81.66,1,Light Rain,0.4813,1,Watch
27.10775,96.85175,1.05,267.68,51.4,0,Clear,0.2947,1,Watch
28.41651,89.07181,3.55,190.37,18.68,1,Light Rain,0.1276,0,Safe
24.26388,91.88523,9.27,47.11,49.97,2,Heavy Rain,0.2335,0,Safe
23.09159,88.97517,0.26,191.85,50.34,2,Heavy Rain,0.3067,1,Watch
29.33188,93.50151,1.36,93.41,24.75,2,Heavy Rain,0.1755,0,Safe
22.56518,90.5299,3.34,370.91,91.39,0,Clear,0.4372,1,Watch
26.59059,95.01591,16.18,456.29,49.66,0,Clear,0.4518,1,Watch
22.77019,92.7221,17.58,38.72,25.93,2,Heavy Rain,0.14,0,Safe
28.49357,93.75637,1.38,98.56,47.85,3,Extreme Storm,0.254,1,Watch
26.46873,88.88783,4.84,1.31,34.4,2,Heavy Rain,0.1536,0,Safe
25.41915,90.60226,16.72,520.62,15.4,0,Clear,0.4543,1,Watch
25.89035,97.36472,84.99,97.57,42.5,0,Clear,0.3294,1,Watch
25.67114,94.12958,15.52,99.32,36.66,3,Extreme Storm,0.3083,1,Watch
26.34311,89.79484,34.67,551.51,92.82,0,Clear,0.736,2,Warning
25.48497,92.35856,1.9,87.79,64.12,0,Clear,0.2396,0,Safe
25.80647,92.01759,9.43,12.89,41.76,1,Light Rain,0.1202,0,Safe
27.33067,95.61352,0.48,463.74,38.38,0,Clear,0.3834,1,Watch
23.97509,95.9799,0.2,42.99,10.09,0,Clear,0.0199,0,Safe
24.66608,91.76846,15.91,128.25,56.65,0,Clear,0.2482,0,Safe
27.58435,94.83809,0.97,56.31,43.25,3,Extreme Storm,0.2308,0,Safe
29.45314,93.70294,0.61,24.91,27.68,0,Clear,0.0491,0,Safe
26.41455,93.40811,2.03,14.28,26.97,3,Extreme Storm,0.2173,0,Safe
26.40441,91.03109,0.36,480.33,51.63,1,Light Rain,0.523,2,Warning
26.00581,94.49557,1.35,74.8,18.29,2,Heavy Rain,0.1717,0,Safe
22.27347,95.05967,1.57,102.11,11.32,3,Extreme Storm,0.1589,0,Safe
23.44356,96.11351,55.79,21.11,33.84,1,Light Rain,0.2298,0,Safe
27.35639,88.84428,1.75,179.8,48.33,2,Heavy Rain,0.2858,1,Watch
25.83798,91.27426,2.15,152.24,47.04,1,Light Rain,0.3074,1,Watch
26.65135,93.87274,14.24,58.22,98.13,1,Light Rain,0.2934,1,Watch
23.49944,91.23724,0.64,33.25,17.8,1,Light Rain,0.1274,0,Safe
22.43732,91.51801,99.89,180.63,71.99,3,Extreme Storm,0.5923,2,Warning
27.30091,93.29591,71.76,113.54,88.66,2,Heavy Rain,0.5195,2,Warning
24.13058,94.38173,0.03,266.11,67.73,0,Clear,0.3546,1,Watch
22.57421,95.81629,30.6,18.28,50.52,1,Light Rain,0.2096,0,Safe
27.74089,93.34739,96.5,123.44,48.4,3,Extreme Storm,0.5599,2,Warning
24.49778,93.11854,1.67,419.78,42.56,0,Clear,0.354,1,Watch
28.64526,88.10127,28.93,166.45,28.86,1,Light Rain,0.2934,1,Watch
26.80913,89.47459,1.23,222.28,63.39,1,Light Rain,0.3428,1,Watch
29.199,93.20486,0.86,48.19,11.55,0,Clear,0.0761,0,Safe
28.17935,92.82948,30.65,44.77,40.17,1,Light Rain,0.2282,0,Safe
21.85402,91.5922,48.44,42.43,21.28,2,Heavy Rain,0.1856,0,Safe
28.64923,89.47368,8.29,104.8,21.16,2,Heavy Rain,0.1496,0,Safe
22.54902,90.01027,97.98,86.17,36.61,1,Light Rain,0.2945,1,Watch
27.09953,90.5224,32.77,212.27,68.23,2,Heavy Rain,0.4155,1,Watch
26.92724,91.31572,53.49,25.02,87.22,1,Light Rain,0.3671,1,Watch
25.9597,92.28133,1.62,566.61,52.53,0,Clear,0.4843,1,Watch
27.25859,96.48432,34.9,1.68,32.84,2,Heavy Rain,0.1506,0,Safe
28.49328,94.47597,1.72,51.95,95.62,3,Extreme Storm,0.4133,1,Watch
22.77486,95.71279,37.27,487.48,19.43,0,Clear,0.3741,1,Watch
27.17789,92.41421,0.81,201.2,73.1,3,Extreme Storm,0.4374,1,Watch
21.73764,90.20999,20.17,86.17,45.26,3,Extreme Storm,0.2742,1,Watch
26.42518,90.56157,23.73,2.71,69.29,0,Clear,0.2633,1,Watch
25.77634,91.28333,1.55,258.09,86.31,3,Extreme Storm,0.4694,1,Watch
24.0947,89.80895,17.44,2.72,33.19,2,Heavy Rain,0.1101,0,Safe
26.21138,91.18175,67.8,600.0,30.83,1,Light Rain,0.6218,2,Warning
26.03554,93.9735,1.81,224.95,94.66,1,Light Rain,0.3894,1,Watch
22.52798,91.41832,0.65,39.17,89.17,2,Heavy Rain,0.3492,1,Watch
21.97528,96.52271,39.68,71.53,27.75,2,Heavy Rain,0.2631,1,Watch
26.94509,96.65317,44.08,62.79,65.99,0,Clear,0.2551,1,Watch
23.6707,92.47041,8.06,12.54,47.97,1,Light Rain,0.1349,0,Safe
25.4688,89.85195,1.75,8.18,14.3,2,Heavy Rain,0.0669,0,Safe
26.09675,89.72876,46.23,4.55,54.21,0,Clear,0.1922,0,Safe
25.78281,90.29275,40.91,327.52,77.61,3,Extreme Storm,0.6351,2,Warning
22.48884,91.90061,67.42,21.13,80.86,3,Extreme Storm,0.4229,1,Watch
25.11569,91.98701,19.82,83.35,12.44,2,Heavy Rain,0.2242,0,Safe
24.46101,88.42736,11.21,36.78,83.14,0,Clear,0.1918,0,Safe
26.21527,91.14369,4.99,142.99,54.92,3,Extreme Storm,0.2641,1,Watch
24.60409,95.61991,0.84,2.45,35.63,2,Heavy Rain,0.121,0,Safe
27.79236,93.95458,0.53,335.11,93.29,0,Clear,0.4838,1,Watch
26.96129,94.04944,9.98,7.52,71.92,1,Light Rain,0.2232,0,Safe
27.47469,92.41809,53.86,94.08,77.15,0,Clear,0.3809,1,Watch
26.58517,95.55195,1.91,448.56,68.92,0,Clear,0.5251,2,Warning
27.82539,94.93073,0.95,33.2,54.44,0,Clear,0.1215,0,Safe
23.00174,91.71222,1.92,47.36,56.45,1,Light Rain,0.2426,0,Safe
25.86231,89.15535,8.87,18.21,35.77,3,Extreme Storm,0.2719,1,Watch
26.26059,92.49583,18.6,105.26,50.61,0,Clear,0.269,1,Watch
22.92919,91.84421,16.3,394.22,56.36,2,Heavy Rain,0.4338,1,Watch
29.05999,89.32688,15.45,39.44,77.5,3,Extreme Storm,0.2716,1,Watch
26.43099,89.70925,57.18,16.89,70.98,2,Heavy Rain,0.3327,1,Watch
28.82718,94.1281,41.39,52.69,98.63,2,Heavy Rain,0.4009,1,Watch
26.11444,95.29965,0.21,227.77,73.5,3,Extreme Storm,0.4697,1,Watch
24.78165,92.09916,42.34,4.07,33.22,2,Heavy Rain,0.1843,0,Safe
26.50931,88.72823,1.2,101.38,46.46,2,Heavy Rain,0.269,1,Watch
27.12656,91.44865,31.77,94.82,28.71,0,Clear,0.1446,0,Safe
26.77216,91.48362,10.95,445.98,37.08,1,Light Rain,0.4554,1,Watch
23.69335,91.42499,6.49,26.45,18.64,1,Light Rain,0.0901,0,Safe
27.74517,89.88859,68.02,118.7,91.81,1,Light Rain,0.4697,1,Watch
26.37243,91.30289,32.23,197.83,10.41,1,Light Rain,0.2304,0,Safe
24.82368,93.4396,2.0,5.47,85.85,3,Extreme Storm,0.2333,0,Safe
21.87313,97.15341,0.19,12.54,54.49,3,Extreme Storm,0.2653,1,Watch
25.75124,91.57764,0.64,33.69,88.35,0,Clear,0.2912,1,Watch
28.6846,92.23665,9.17,112.49,61.11,1,Light Rain,0.243,0,Safe
23.11367,92.44806,7.94,103.31,35.8,3,Extreme Storm,0.304,1,Watch
26.76768,88.11879,3.38,42.14,37.82,1,Light Rain,0.1371,0,Safe
28.67773,92.22535,34.37,13.59,97.4,2,Heavy Rain,0.3225,1,Watch
25.28534,94.19513,23.12,89.73,94.6,1,Light Rain,0.3437,1,Watch
26.01783,88.08359,2.05,267.25,42.3,1,Light Rain,0.3133,1,Watch
27.63043,92.60437,39.2,24.54,13.4,1,Light Rain,0.0957,0,Safe
23.28229,90.07011,4.47,6.17,89.15,0,Clear,0.2884,1,Watch
25.93387,92.0003,7.91,130.98,58.41,3,Extreme Storm,0.2853,1,Watch
28.03379,92.3515,14.42,23.62,55.7,1,Light Rain,0.1907,0,Safe
25.66727,90.79979,4.86,0.56,89.46,1,Light Rain,0.2286,0,Safe
25.60935,94.22689,55.49,38.24,12.66,2,Heavy Rain,0.2705,1,Watch
28.52527,95.39459,43.39,46.05,50.54,1,Light Rain,0.2024,0,Safe
27.00149,95.01736,13.92,9.2,92.4,1,Light Rain,0.3267,1,Watch
27.74974,93.98162,1.05,438.45,78.99,3,Extreme Storm,0.5994,2,Warning
25.22872,92.66278,12.87,494.21,53.99,2,Heavy Rain,0.5026,2,Warning
24.33231,94.27185,9.89,464.29,58.6,3,Extreme Storm,0.5584,2,Warning
22.98224,92.67407,3.37,97.3,49.55,2,Heavy Rain,0.2537,1,Watch
27.77117,93.3727,8.61,177.79,24.59,2,Heavy Rain,0.2844,1,Watch
27.36505,91.12531,1.93,20.14,30.16,1,Light Rain,0.0996,0,Safe
26.96596,91.74326,1.06,123.75,65.73,0,Clear,0.2738,1,Watch
26.00281,92.25944,138.43,2.87,50.68,0,Clear,0.3613,1,Watch
22.2702,90.83941,11.16,80.04,40.61,2,Heavy Rain,0.2582,1,Watch
29.15361,90.9155,0.16,257.12,54.47,0,Clear,0.2726,1,Watch
27.05234,92.70139,54.02,32.53,49.05,3,Extreme Storm,0.3247,1,Watch
26.85966,92.62089,19.76,133.0,84.46,2,Heavy Rain,0.4038,1,Watch
23.87105,93.84053,11.83,235.09,77.41,0,Clear,0.3732,1,Watch
27.48865,90.90919,2.0,29.29,87.96,1,Light Rain,0.2745,1,Watch
26.62677,95.53188,47.88,234.57,12.47,2,Heavy Rain,0.4177,1,Watch
24.68588,88.17188,17.15,247.06,39.93,2,Heavy Rain,0.3827,1,Watch
27.34325,90.71296,0.42,22.86,75.94,2,Heavy Rain,0.3015,1,Watch
26.69436,88.16949,0.63,10.38,68.16,2,Heavy Rain,0.2549,1,Watch
24.15407,92.37694,15.32,17.13,88.95,0,Clear,0.2807,1,Watch
22.7317,94.47973,1.83,180.99,54.96,2,Heavy Rain,0.3357,1,Watch
26.50353,88.2806,11.14,0.93,76.93,2,Heavy Rain,0.3509,1,Watch
28.1921,97.22712,0.75,179.46,17.18,2,Heavy Rain,0.2281,0,Safe
26.3927,92.5843,4.8,115.33,76.97,0,Clear,0.3106,1,Watch
24.96318,94.83083,1.84,13.48,67.55,2,Heavy Rain,0.331,1,Watch
28.87241,96.49892,36.66,76.69,24.5,3,Extreme Storm,0.2996,1,Watch
22.5462,94.58934,36.79,111.22,70.82,1,Light Rain,0.3345,1,Watch
25.33878,96.81841,9.75,280.19,31.2,2,Heavy Rain,0.3183,1,Watch
26.83428,92.17546,1.71,18.4,96.22,1,Light Rain,0.2692,1,Watch
27.12305,96.67389,0.35,126.65,78.42,1,Light Rain,0.3301,1,Watch
24.83617,90.50048,12.06,7.59,22.17,1,Light Rain,0.1853,0,Safe
26.82384,93.26222,9.21,29.55,40.0,3,Extreme Storm,0.2592,1,Watch
29.19938,88.25133,74.01,469.52,63.39,0,Clear,0.5794,2,Warning
29.29412,96.38289,47.38,12.96,15.54,3,Extreme Storm,0.2143,0,Safe
29.24489,90.77177,5.49,42.7,63.98,2,Heavy Rain,0.2583,1,Watch
28.91465,96.60559,0.74,123.56,20.68,1,Light Rain,0.115,0,Safe
27.15362,93.14251,2.01,94.23,77.04,1,Light Rain,0.2738,1,Watch
28.20951,96.83564,1.49,486.85,13.64,1,Light Rain,0.3744,1,Watch
26.03672,91.21889,1.38,57.27,66.93,3,Extreme Storm,0.4189,1,Watch
25.25595,93.14609,10.49,53.62,23.37,0,Clear,0.1487,0,Safe
26.91667,92.20922,32.88,16.62,13.13,1,Light Rain,0.0891,0,Safe
26.5991,89.47317,1.88,46.28,95.21,0,Clear,0.2092,0,Safe
25.93507,91.17818,9.09,53.02,21.63,0,Clear,0.0523,0,Safe
26.02214,91.77275,0.49,39.94,64.35,2,Heavy Rain,0.3115,1,Watch
25.61845,90.59594,1.43,37.44,46.77,0,Clear,0.0903,0,Safe
26.96779,96.53823,0.98,164.82,53.21,0,Clear,0.3089,1,Watch
27.93364,91.90817,7.42,24.4,25.95,0,Clear,0.1031,0,Safe
24.83007,92.92785,2.12,39.86,75.32,0,Clear,0.2086,0,Safe
28.48842,88.16688,103.06,31.85,60.11,2,Heavy Rain,0.3641,1,Watch
27.5652,96.27932,1.06,31.66,26.8,2,Heavy Rain,0.2071,0,Safe
23.85937,97.41366,10.74,129.85,23.69,2,Heavy Rain,0.2522,1,Watch
21.77274,92.47867,48.87,234.74,18.09,1,Light Rain,0.3525,1,Watch
26.81111,94.0064,28.12,20.77,73.16,0,Clear,0.2327,0,Safe
25.51329,89.01228,1.59,97.55,35.02,2,Heavy Rain,0.2486,0,Safe
25.89824,91.50646,8.27,573.8,36.29,0,Clear,0.5463,2,Warning
22.9267,88.97773,6.65,151.36,46.05,1,Light Rain,0.2843,1,Watch
22.65095,90.65979,12.71,21.8,79.54,1,Light Rain,0.2257,0,Safe
22.17599,93.47285,43.21,25.12,58.86,1,Light Rain,0.29,1,Watch
29.34632,97.10349,14.54,68.05,56.86,2,Heavy Rain,0.3086,1,Watch
26.98923,90.83439,0.59,2.9,33.06,0,Clear,0.1526,0,Safe
24.04652,94.74965,1.14,31.21,68.24,1,Light Rain,0.25,1,Watch
28.12935,91.25141,10.63,35.34,16.57,2,Heavy Rain,0.1934,0,Safe
23.18366,95.49273,1.52,29.67,59.77,3,Extreme Storm,0.2964,1,Watch
23.72384,89.41611,74.2,31.17,16.91,1,Light Rain,0.1658,0,Safe
23.28965,93.58709,14.15,29.5,52.56,1,Light Rain,0.2412,0,Safe
26.48198,93.11671,10.43,75.05,79.67,1,Light Rain,0.3047,1,Watch
26.33518,93.04798,0.88,34.21,11.62,1,Light Rain,0.1665,0,Safe
27.59231,89.33718,17.97,2.28,97.69,1,Light Rain,0.2515,1,Watch
21.86376,91.69526,46.64,141.93,11.9,1,Light Rain,0.1901,0,Safe
24.96445,97.24464,0.35,59.28,97.18,1,Light Rain,0.3454,1,Watch
25.88469,96.69163,3.84,21.48,20.29,2,Heavy Rain,0.1986,0,Safe
26.73569,95.47155,1.55,64.57,63.04,1,Light Rain,0.2318,0,Safe
25.40362,93.74702,1.89,505.14,61.12,2,Heavy Rain,0.5548,2,Warning
26.95962,89.82944,85.13,28.49,24.92,1,Light Rain,0.2648,1,Watch
22.18213,90.37648,0.65,15.28,62.72,2,Heavy Rain,0.2154,0,Safe
26.00292,92.63009,0.3,600.0,28.83,3,Extreme Storm,0.6121,2,Warning
22.27221,90.30049,13.9,77.0,89.97,3,Extreme Storm,0.3801,1,Watch
22.85513,88.18068,59.79,92.51,89.88,1,Light Rain,0.4474,1,Watch
26.6834,90.8653,12.97,107.72,11.94,0,Clear,0.0704,0,Safe
23.39777,91.34717,37.98,465.52,88.9,3,Extreme Storm,0.7646,3,Critical
26.87182,91.51066,59.87,470.0,99.67,0,Clear,0.5775,2,Warning
22.35087,91.3341,0.44,242.85,13.98,3,Extreme Storm,0.2551,1,Watch
25.71389,92.83124,2.83,41.26,55.13,2,Heavy Rain,0.3268,1,Watch
26.06299,93.85612,1.38,33.48,39.42,3,Extreme Storm,0.2272,0,Safe
23.74933,92.92084,2.26,384.66,37.85,2,Heavy Rain,0.3951,1,Watch
29.42788,97.28995,0.66,18.34,63.82,3,Extreme Storm,0.2218,0,Safe
23.62028,94.49122,0.71,130.04,75.93,1,Light Rain,0.2936,1,Watch
25.91206,96.68022,0.26,12.13,74.02,1,Light Rain,0.2385,0,Safe
25.60651,95.76205,41.92,185.18,82.82,1,Light Rain,0.4532,1,Watch
27.74494,88.39978,47.87,55.63,67.64,1,Light Rain,0.3322,1,Watch
25.87645,91.66639,51.79,41.86,60.59,1,Light Rain,0.2276,0,Safe
25.59271,96.77245,1.53,193.44,89.1,3,Extreme Storm,0.4598,1,Watch
26.1414,92.56038,68.45,4.79,44.42,1,Light Rain,0.2752,1,Watch
26.1168,90.91665,0.55,59.17,52.28,2,Heavy Rain,0.2517,1,Watch
29.2112,92.05131,1.38,40.96,45.42,1,Light Rain,0.1777,0,Safe
23.3594,97.40294,14.49,115.54,98.15,3,Extreme Storm,0.3974,1,Watch
28.37633,91.39525,4.15,363.45,35.56,1,Light Rain,0.3346,1,Watch
24.77334,93.91101,124.73,252.84,60.57,0,Clear,0.5764,2,Warning
26.78481,90.07095,49.97,73.68,26.17,2,Heavy Rain,0.2335,0,Safe
26.18765,93.20244,1.68,9.33,44.58,2,Heavy Rain,0.1583,0,Safe
25.72091,90.02419,1.68,45.19,25.03,1,Light Rain,0.117,0,Safe
26.1959,92.24323,46.22,33.74,12.84,1,Light Rain,0.1163,0,Safe
27.78016,94.00186,114.79,101.49,31.57,1,Light Rain,0.3966,1,Watch
27.78943,96.14682,0.02,155.32,70.9,1,Light Rain,0.2634,1,Watch
27.97936,92.77928,116.33,234.72,74.39,2,Heavy Rain,0.6464,2,Warning
25.38615,92.43443,18.2,134.15,60.66,2,Heavy Rain,0.2843,1,Watch
24.167,96.32671,65.19,16.93,51.3,1,Light Rain,0.2703,1,Watch
26.54946,95.43007,84.36,220.63,49.42,1,Light Rain,0.4583,1,Watch
27.58689,92.95008,77.35,44.93,81.49,0,Clear,0.3942,1,Watch
26.33656,89.27867,50.42,272.69,31.18,2,Heavy Rain,0.4014,1,Watch
23.5731,92.25431,1.55,189.28,69.03,3,Extreme Storm,0.3732,1,Watch
27.1417,90.57207,1.8,348.09,53.3,2,Heavy Rain,0.4917,1,Watch
23.63415,89.00593,0.11,39.06,33.25,1,Light Rain,0.15,0,Safe
24.20924,92.28023,1.43,29.1,25.6,0,Clear,0.079,0,Safe
25.68438,91.78018,47.09,383.63,36.17,3,Extreme Storm,0.4519,1,Watch
26.80579,90.74325,38.33,198.64,62.49,1,Light Rain,0.3935,1,Watch
23.96928,90.51992,62.32,140.3,54.0,1,Light Rain,0.3655,1,Watch
28.29903,90.83628,113.86,9.98,64.07,1,Light Rain,0.3357,1,Watch
25.68031,93.89081,1.95,53.01,27.91,1,Light Rain,0.1105,0,Safe
26.99586,94.66486,1.23,163.02,42.13,3,Extreme Storm,0.3198,1,Watch
24.1382,94.28063,4.52,19.57,15.73,0,Clear,0.0786,0,Safe
24.64122,93.84678,9.07,41.46,43.16,2,Heavy Rain,0.1766,0,Safe
27.1551,90.19633,19.56,551.01,71.6,0,Clear,0.5386,2,Warning
26.26875,90.77755,2.08,20.74,98.94,1,Light Rain,0.3026,1,Watch
28.72764,91.82437,37.62,292.47,23.28,2,Heavy Rain,0.3489,1,Watch
21.71434,93.51274,7.42,53.43,77.6,2,Heavy Rain,0.3006,1,Watch
24.4044,93.88679,4.13,371.22,50.98,1,Light Rain,0.4862,1,Watch
27.62198,90.98045,51.36,1.68,44.73,2,Heavy Rain,0.2635,1,Watch
24.01627,96.0504,0.71,125.65,61.93,3,Extreme Storm,0.3807,1,Watch
24.38153,95.23011,11.59,15.08,73.83,3,Extreme Storm,0.2641,1,Watch
24.53119,89.12136,18.52,7.36,84.25,1,Light Rain,0.249,0,Safe
24.26628,89.26733,4.9,132.64,33.07,1,Light Rain,0.181,0,Safe
26.61136,92.90815,2.76,23.89,25.87,2,Heavy Rain,0.1077,0,Safe
29.1126,93.33214,25.61,108.63,25.55,2,Heavy Rain,0.1749,0,Safe
26.01286,93.97197,0.06,44.78,47.39,1,Light Rain,0.1895,0,Safe
25.99532,92.04018,41.12,88.93,77.91,0,Clear,0.3381,1,Watch
27.89655,93.3987,9.6,377.2,91.26,2,Heavy Rain,0.5245,2,Warning
23.31076,92.0227,37.31,141.6,62.48,1,Light Rain,0.3163,1,Watch
26.94671,94.0036,0.09,22.2,56.01,0,Clear,0.1581,0,Safe
27.16901,92.3119,0.5,14.13,72.93,2,Heavy Rain,0.2601,1,Watch
28.14482,91.61004,13.48,37.66,59.71,2,Heavy Rain,0.3049,1,Watch
28.03955,92.60029,2.42,198.53,27.82,1,Light Rain,0.2846,1,Watch
25.63258,91.89492,2.0,372.31,54.52,2,Heavy Rain,0.4278,1,Watch
28.56917,94.17295,90.9,248.21,12.22,0,Clear,0.3448,1,Watch
26.45116,91.80721,7.64,101.19,10.97,1,Light Rain,0.1009,0,Safe
23.42435,91.90038,8.04,108.53,42.28,3,Extreme Storm,0.3515,1,Watch
26.5277,94.46648,49.52,214.48,61.08,0,Clear,0.3889,1,Watch
25.60962,94.94491,4.19,135.29,64.38,0,Clear,0.2979,1,Watch
24.76453,92.56679,12.3,295.7,36.05,1,Light Rain,0.3266,1,Watch
22.43739,92.12372,117.61,17.91,47.46,1,Light Rain,0.4008,1,Watch
26.25094,92.15254,21.28,480.48,30.87,0,Clear,0.4627,1,Watch
26.31965,94.42003,0.45,322.54,66.13,3,Extreme Storm,0.5323,2,Warning
29.16391,97.39688,0.03,10.19,13.47,1,Light Rain,0.0201,0,Safe
27.20145,92.28291,4.99,217.03,28.94,0,Clear,0.2283,0,Safe
28.72011,91.513,35.44,423.44,92.52,3,Extreme Storm,0.7166,2,Warning
23.94923,93.43174,94.36,441.08,51.03,1,Light Rain,0.5748,2,Warning
29.02952,88.85096,13.78,2.0,24.46,2,Heavy Rain,0.173,0,Safe
25.53539,91.35289,75.61,132.77,50.63,1,Light Rain,0.3973,1,Watch
24.28499,92.97898,12.52,9.73,34.99,3,Extreme Storm,0.2429,0,Safe
22.35799,93.0887,104.55,494.09,63.12,1,Light Rain,0.7081,2,Warning
25.92242,95.20322,31.59,18.94,68.96,2,Heavy Rain,0.3291,1,Watch
26.07677,92.35704,49.51,215.32,89.26,2,Heavy Rain,0.5332,2,Warning
25.23655,92.43158,0.15,4.68,94.74,0,Clear,0.2876,1,Watch
26.93668,96.2233,0.68,2.35,43.16,2,Heavy Rain,0.1486,0,Safe
26.53811,90.90494,25.42,48.69,28.09,2,Heavy Rain,0.2253,0,Safe
24.14722,93.33016,19.21,78.98,56.75,3,Extreme Storm,0.3753,1,Watch
26.25228,92.45394,15.63,205.06,19.96,3,Extreme Storm,0.2813,1,Watch
23.72126,95.27592,36.96,2.96,49.86,1,Light Rain,0.1939,0,Safe
26.41617,91.28143,2.21,17.87,43.72,1,Light Rain,0.1792,0,Safe
22.21195,91.64886,69.85,29.7,97.28,3,Extreme Storm,0.5347,2,Warning
25.34879,93.47113,1.64,280.4,41.2,0,Clear,0.2873,1,Watch
26.01801,93.05553,17.37,600.0,35.74,2,Heavy Rain,0.5888,2,Warning
23.91577,92.81538,5.6,89.48,52.36,0,Clear,0.2145,0,Safe
24.28895,89.09012,1.14,332.24,74.56,2,Heavy Rain,0.457,1,Watch
25.19303,91.87597,62.33,43.97,45.48,2,Heavy Rain,0.4013,1,Watch
26.98205,96.56747,1.41,333.58,20.98,2,Heavy Rain,0.3069,1,Watch
25.53364,90.95788,18.48,76.22,45.79,3,Extreme Storm,0.2997,1,Watch
23.10439,91.03959,0.61,89.36,20.91,1,Light Rain,0.1504,0,Safe
26.92717,88.8052,0.2,313.08,25.99,1,Light Rain,0.2198,0,Safe
24.22027,94.36112,0.6,292.37,60.15,1,Light Rain,0.3459,1,Watch
24.7663,91.34575,41.23,46.2,44.58,3,Extreme Storm,0.2569,1,Watch
27.08165,95.09839,0.81,48.53,57.66,3,Extreme Storm,0.3067,1,Watch
23.96742,92.98937,1.04,104.7,15.84,3,Extreme Storm,0.1434,0,Safe
24.21077,89.00953,8.13,448.61,77.4,3,Extreme Storm,0.6438,2,Warning
27.7692,93.54254,49.77,48.57,73.16,3,Extreme Storm,0.351,1,Watch
26.51103,91.30714,0.15,461.6,21.17,3,Extreme Storm,0.4994,1,Watch
27.90625,91.57616,13.43,44.76,13.11,0,Clear,0.0292,0,Safe
24.68482,88.04761,41.24,27.46,62.37,0,Clear,0.2599,1,Watch
23.25475,89.84204,20.54,300.0,21.19,3,Extreme Storm,0.4246,1,Watch
27.95248,94.11137,13.16,66.52,19.34,2,Heavy Rain,0.2042,0,Safe
23.32185,93.70662,2.39,128.74,45.31,3,Extreme Storm,0.2542,1,Watch
27.96819,89.30204,39.93,79.38,71.19,2,Heavy Rain,0.4093,1,Watch
29.02101,95.7783,1.24,29.02,38.9,0,Clear,0.1405,0,Safe
23.02157,90.23767,11.0,18.3,26.39,3,Extreme Storm,0.1022,0,Safe
22.49035,91.94133,48.68,1.05,12.76,2,Heavy Rain,0.1848,0,Safe
25.45435,89.73839,1.37,121.02,68.87,1,Light Rain,0.4018,1,Watch
27.2909,93.11679,1.76,16.47,67.54,1,Light Rain,0.2608,1,Watch
24.60845,92.4102,1.67,17.59,69.99,1,Light Rain,0.2029,0,Safe
25.04931,91.97591,1.28,114.75,44.78,1,Light Rain,0.2457,0,Safe
24.59339,90.35947,20.17,199.97,46.74,2,Heavy Rain,0.3347,1,Watch
24.11105,89.48839,12.65,291.6,95.96,3,Extreme Storm,0.596,2,Warning
24.45836,91.15027,29.75,148.34,54.48,1,Light Rain,0.2854,1,Watch
25.84405,92.20256,5.28,328.18,18.11,0,Clear,0.3212,1,Watch
28.89321,91.95479,1.77,193.57,29.61,0,Clear,0.2428,0,Safe
25.89609,94.44705,32.11,103.71,43.11,2,Heavy Rain,0.3228,1,Watch
26.37479,94.49347,29.75,45.99,13.88,3,Extreme Storm,0.2978,1,Watch
26.3075,97.29571,9.61,27.2,93.01,1,Light Rain,0.3402,1,Watch
23.86195,92.41533,32.37,1.23,37.32,0,Clear,0.1889,0,Safe
26.41163,94.56704,0.87,11.74,60.04,3,Extreme Storm,0.3044,1,Watch
25.92868,97.04827,1.59,485.69,23.68,0,Clear,0.4142,1,Watch
27.05927,92.36593,1.09,97.41,64.25,0,Clear,0.246,0,Safe
25.94594,90.83368,1.6,57.86,97.85,0,Clear,0.2588,1,Watch
26.02092,92.00105,14.66,57.89,58.48,3,Extreme Storm,0.2827,1,Watch
28.69767,92.28861,30.78,65.1,98.12,1,Light Rain,0.3906,1,Watch
28.91341,90.66169,0.62,186.11,85.06,0,Clear,0.3621,1,Watch
27.78841,93.1824,21.65,13.81,13.84,3,Extreme Storm,0.1806,0,Safe
28.00365,92.28559,12.23,253.42,74.42,1,Light Rain,0.3894,1,Watch
27.31489,96.34037,8.37,88.36,59.9,2,Heavy Rain,0.2838,1,Watch
22.79035,92.33095,1.07,193.55,32.72,0,Clear,0.2105,0,Safe
25.70572,92.09754,53.93,20.79,18.04,2,Heavy Rain,0.2265,0,Safe
25.62259,96.85893,45.81,313.2,87.94,0,Clear,0.4961,1,Watch
26.48781,88.97317,7.62,241.56,25.48,2,Heavy Rain,0.3507,1,Watch
26.69187,91.94761,41.07,166.63,24.48,1,Light Rain,0.2696,1,Watch
26.85291,91.91979,1.84,43.78,38.0,2,Heavy Rain,0.1682,0,Safe
25.60052,89.49119,1.3,22.39,66.73,2,Heavy Rain,0.2473,0,Safe
24.88996,93.85693,1.58,61.2,82.52,3,Extreme Storm,0.3057,1,Watch
22.15037,91.93688,90.98,87.27,50.46,1,Light Rain,0.4498,1,Watch
25.71004,92.84909,2.51,99.0,54.99,2,Heavy Rain,0.3005,1,Watch
25.47333,92.6785,50.82,32.78,84.3,3,Extreme Storm,0.4168,1,Watch
22.14641,90.58056,6.33,9.86,25.56,1,Light Rain,0.171,0,Safe
26.80587,92.35053,1.66,207.42,60.68,1,Light Rain,0.3179,1,Watch
24.45975,94.51053,31.72,157.12,69.48,2,Heavy Rain,0.3966,1,Watch
28.99379,93.94827,0.35,146.39,13.7,1,Light Rain,0.1376,0,Safe
29.11531,90.70042,0.4,386.03,41.94,1,Light Rain,0.3586,1,Watch
25.26174,88.95049,6.91,114.15,64.03,1,Light Rain,0.2895,1,Watch
21.81287,92.06587,4.96,407.05,59.77,3,Extreme Storm,0.5716,2,Warning
26.15492,91.31829,2.76,26.53,51.91,0,Clear,0.1169,0,Safe
23.94921,92.2494,10.99,144.61,54.45,1,Light Rain,0.2746,1,Watch
25.87634,89.24019,9.36,95.24,26.5,0,Clear,0.1372,0,Safe
25.24546,91.78774,22.88,600.0,54.3,3,Extreme Storm,0.7048,2,Warning
24.17654,94.25883,1.61,265.27,51.46,0,Clear,0.2909,1,Watch
26.72517,92.97743,137.24,114.12,47.86,0,Clear,0.4546,1,Watch
25.45994,90.80577,2.27,29.99,30.98,3,Extreme Storm,0.2298,0,Safe
24.58327,92.66256,5.42,285.12,26.05,1,Light Rain,0.2711,1,Watch
26.11765,93.21839,3.24,31.49,55.24,2,Heavy Rain,0.2195,0,Safe
24.01885,92.59811,10.43,17.09,21.59,1,Light Rain,0.1193,0,Safe
25.61911,95.48578,104.47,102.04,47.14,1,Light Rain,0.3758,1,Watch
26.63137,94.61153,1.06,43.25,71.41,3,Extreme Storm,0.2733,1,Watch
24.62297,94.12204,28.35,402.05,54.21,3,Extreme Storm,0.6101,2,Warning
28.82555,95.95104,11.91,92.32,37.45,2,Heavy Rain,0.1704,0,Safe
26.22306,92.3216,17.64,209.71,50.11,3,Extreme Storm,0.4038,1,Watch
26.61246,91.23005,64.09,600.0,49.55,3,Extreme Storm,0.7853,3,Critical
27.8481,91.42957,64.52,35.81,27.85,1,Light Rain,0.2021,0,Safe
26.55937,92.68686,17.89,19.71,76.22,3,Extreme Storm,0.3346,1,Watch
24.46304,91.75524,11.09,600.0,86.39,0,Clear,0.6706,2,Warning
28.12515,95.5802,0.09,68.41,12.19,3,Extreme Storm,0.0545,0,Safe
23.07035,89.50702,2.04,1.73,48.28,1,Light Rain,0.1566,0,Safe
23.11624,90.7831,121.92,375.36,62.55,0,Clear,0.5469,2,Warning
25.45173,92.37338,1.47,139.01,48.49,2,Heavy Rain,0.3215,1,Watch
24.93625,95.16039,44.94,47.45,41.35,3,Extreme Storm,0.2782,1,Watch
25.35617,97.16578,45.8,274.48,66.83,0,Clear,0.4978,1,Watch
26.79254,94.63991,35.92,65.9,62.03,1,Light Rain,0.254,1,Watch
21.78017,95.73404,2.11,186.28,66.78,2,Heavy Rain,0.3793,1,Watch
26.5869,97.49214,0.41,82.11,25.57,1,Light Rain,0.1176,0,Safe
26.61071,94.29206,1.69,4.37,76.69,0,Clear,0.188,0,Safe
25.25492,90.60709,150.0,445.45,52.5,1,Light Rain,0.7114,2,Warning
23.88138,94.16611,126.73,21.73,40.82,1,Light Rain,0.3621,1,Watch
28.48365,89.58169,25.1,110.95,51.47,2,Heavy Rain,0.3773,1,Watch
25.14496,95.6627,5.22,359.31,42.22,0,Clear,0.4109,1,Watch
24.67071,90.27316,66.73,37.24,25.46,2,Heavy Rain,0.2364,0,Safe
28.73003,96.76357,0.26,0.54,28.8,1,Light Rain,0.1078,0,Safe
28.48445,91.24142,75.65,89.62,23.3,3,Extreme Storm,0.2975,1,Watch
26.17686,88.68117,9.92,303.69,20.26,1,Light Rain,0.2473,0,Safe
28.67609,92.62847,5.73,9.71,83.4,1,Light Rain,0.2312,0,Safe
26.44713,90.25995,73.03,7.82,25.71,1,Light Rain,0.2919,1,Watch
26.16963,94.12407,95.89,56.27,20.55,0,Clear,0.1812,0,Safe
25.97074,89.22299,25.88,114.34,20.54,1,Light Rain,0.2271,0,Safe
26.64285,94.47194,13.63,253.66,49.21,1,Light Rain,0.3666,1,Watch
23.04449,88.86992,1.35,299.69,37.59,1,Light Rain,0.2996,1,Watch
26.72119,92.16783,12.22,3.99,46.07,3,Extreme Storm,0.264,1,Watch
21.95587,95.47641,15.03,391.77,77.14,1,Light Rain,0.538,2,Warning
23.65028,96.27798,11.4,459.16,12.11,1,Light Rain,0.3872,1,Watch
25.71083,88.05929,3.19,92.1,58.13,3,Extreme Storm,0.306,1,Watch
25.22357,94.38127,61.07,37.01,43.37,2,Heavy Rain,0.2917,1,Watch
26.43194,89.74127,9.22,4.04,31.77,1,Light Rain,0.0971,0,Safe
27.46605,97.04863,13.04,168.33,40.22,0,Clear,0.2411,0,Safe
26.46725,91.05743,3.82,39.19,33.23,1,Light Rain,0.1287,0,Safe
22.27634,91.93101,4.93,74.35,70.89,0,Clear,0.2415,0,Safe
25.54516,92.38467,8.15,328.22,72.91,3,Extreme Storm,0.4903,1,Watch
25.5115,90.60004,52.96,101.3,36.71,2,Heavy Rain,0.2879,1,Watch
23.67573,93.12909,15.53,22.52,57.68,3,Extreme Storm,0.2633,1,Watch
26.05358,97.01811,22.71,23.77,63.04,2,Heavy Rain,0.3287,1,Watch
28.23134,95.674,0.54,61.63,39.12,0,Clear,0.0847,0,Safe
28.24532,88.34242,10.07,76.01,21.56,1,Light Rain,0.2256,0,Safe
26.63094,93.78879,51.3,107.29,53.34,3,Extreme Storm,0.4211,1,Watch
25.91552,92.25567,46.22,6.51,50.12,0,Clear,0.1442,0,Safe
28.6543,93.02162,1.91,11.92,35.68,0,Clear,0.0772,0,Safe
22.49688,92.33396,32.26,8.18,27.35,1,Light Rain,0.096,0,Safe
26.20842,92.2641,70.29,14.35,90.42,1,Light Rain,0.412,1,Watch
25.4113,90.53096,2.23,307.4,15.63,0,Clear,0.2988,1,Watch
28.43466,90.78013,0.07,124.67,54.29,1,Light Rain,0.2615,1,Watch
24.53812,88.80671,15.81,10.34,61.04,1,Light Rain,0.2679,1,Watch
26.73246,94.9208,49.71,20.09,88.44,0,Clear,0.3247,1,Watch
25.73591,93.81246,45.26,94.01,42.54,1,Light Rain,0.3166,1,Watch
27.01616,91.75329,17.17,232.6,48.49,0,Clear,0.3166,1,Watch
28.41436,92.58409,25.59,86.37,61.44,0,Clear,0.2544,1,Watch
29.21545,96.4765,1.4,249.32,46.74,1,Light Rain,0.3497,1,Watch
23.69679,91.29576,35.85,241.31,73.24,3,Extreme Storm,0.4975,1,Watch
27.98789,90.53691,1.17,46.54,24.88,2,Heavy Rain,0.2201,0,Safe
28.18772,92.12884,0.63,228.71,73.57,2,Heavy Rain,0.3915,1,Watch
21.80381,90.62336,11.69,23.96,15.32,2,Heavy Rain,0.1631,0,Safe
22.86946,91.05888,1.59,97.69,54.17,3,Extreme Storm,0.2749,1,Watch
28.85407,91.91358,1.84,26.67,14.96,3,Extreme Storm,0.0953,0,Safe
28.74291,90.57557,14.12,150.82,51.31,2,Heavy Rain,0.3333,1,Watch
24.65677,93.04506,10.32,136.96,21.12,2,Heavy Rain,0.1558,0,Safe
25.27239,91.74789,1.5,550.33,39.88,1,Light Rain,0.5884,2,Warning
28.69791,90.45013,14.78,30.04,52.58,0,Clear,0.162,0,Safe
22.50303,91.5605,1.64,164.27,72.26,0,Clear,0.2898,1,Watch
25.82684,90.14071,5.5,24.3,43.81,2,Heavy Rain,0.1892,0,Safe
28.42902,91.9341,22.36,3.25,45.0,0,Clear,0.1576,0,Safe
28.57844,90.84305,83.43,455.82,51.55,2,Heavy Rain,0.6521,2,Warning
22.90393,90.98241,107.79,131.15,29.46,1,Light Rain,0.3405,1,Watch
27.51016,91.21814,11.96,157.35,56.96,0,Clear,0.1651,0,Safe
27.31387,96.18157,36.17,100.06,69.11,1,Light Rain,0.2891,1,Watch
25.97002,94.07982,25.27,164.51,33.24,2,Heavy Rain,0.2821,1,Watch
26.68914,92.35342,68.12,18.03,62.84,1,Light Rain,0.3272,1,Watch
21.67384,89.27101,30.01,170.02,29.52,0,Clear,0.2445,0,Safe
25.91814,90.52992,0.73,198.22,15.61,2,Heavy Rain,0.2692,1,Watch
22.24974,92.02178,10.13,146.7,70.58,3,Extreme Storm,0.3254,1,Watch
26.81621,96.80014,46.89,309.96,25.51,1,Light Rain,0.3462,1,Watch
29.39486,90.83959,11.36,46.05,15.08,1,Light Rain,0.103,0,Safe
26.43403,89.13524,28.65,91.31,78.2,2,Heavy Rain,0.4318,1,Watch
24.06437,96.68357,4.44,65.32,70.66,2,Heavy Rain,0.4031,1,Watch
23.42724,90.78457,0.83,22.18,28.04,0,Clear,0.0323,0,Safe
23.91028,88.80745,6.85,12.23,15.33,1,Light Rain,0.1349,0,Safe
22.19842,90.25852,0.93,86.49,39.23,3,Extreme Storm,0.2608,1,Watch
21.66821,91.90959,1.91,339.56,82.3,3,Extreme Storm,0.5575,2,Warning
26.06182,96.17204,106.56,482.6,48.43,1,Light Rain,0.6008,2,Warning
28.46998,88.99626,29.64,24.77,70.98,1,Light Rain,0.3309,1,Watch
26.02191,96.98234,0.21,177.97,51.8,0,Clear,0.1597,0,Safe
27.37127,96.18142,46.47,441.32,62.81,2,Heavy Rain,0.5428,2,Warning
23.53678,96.5947,1.64,149.56,22.94,0,Clear,0.149,0,Safe
25.07723,91.55328,8.9,130.19,29.22,0,Clear,0.1509,0,Safe
28.21543,94.82829,11.5,71.92,81.39,1,Light Rain,0.305,1,Watch
24.94007,94.99212,5.7,70.98,62.34,2,Heavy Rain,0.252,1,Watch
27.06001,93.797,42.87,196.13,76.33,1,Light Rain,0.4121,1,Watch
23.97836,91.04769,150.0,468.2,55.27,1,Light Rain,0.7263,2,Warning
24.45988,91.49405,0.27,182.64,79.91,2,Heavy Rain,0.3797,1,Watch
23.82963,91.0224,43.36,223.05,72.26,2,Heavy Rain,0.4742,1,Watch
29.36493,94.10879,1.39,5.6,17.5,3,Extreme Storm,0.1856,0,Safe
28.3926,88.35163,39.4,219.96,59.37,1,Light Rain,0.3639,1,Watch
25.18957,90.94521,74.17,264.23,34.48,2,Heavy Rain,0.5065,2,Warning
27.59371,90.24863,0.22,202.98,78.76,3,Extreme Storm,0.4345,1,Watch
26.94224,90.12871,131.14,110.26,34.53,3,Extreme Storm,0.5288,2,Warning
25.67215,91.77564,2.79,5.17,69.14,1,Light Rain,0.2006,0,Safe
28.01937,95.53949,3.2,27.29,26.45,1,Light Rain,0.0883,0,Safe
25.05106,90.50526,20.82,139.15,27.66,3,Extreme Storm,0.2998,1,Watch
21.68621,93.92811,12.87,45.88,21.71,1,Light Rain,0.2422,0,Safe
22.21898,92.92792,1.18,139.4,74.37,2,Heavy Rain,0.2929,1,Watch
25.91448,93.83081,113.7,270.08,35.6,3,Extreme Storm,0.5856,2,Warning
26.94138,88.1229,19.31,228.34,48.95,2,Heavy Rain,0.3805,1,Watch
25.55849,92.15786,150.0,104.46,51.22,2,Heavy Rain,0.5305,2,Warning
22.8434,91.26565,7.49,128.07,25.05,0,Clear,0.1123,0,Safe
23.23235,93.45045,22.67,224.35,17.43,0,Clear,0.2492,0,Safe
25.10605,93.62888,2.45,31.01,51.38,2,Heavy Rain,0.2317,0,Safe
26.24672,92.65534,1.68,171.81,74.49,2,Heavy Rain,0.3109,1,Watch
26.4999,95.71397,1.86,310.51,50.11,0,Clear,0.3406,1,Watch
29.46724,93.27008,1.59,102.22,66.71,0,Clear,0.2279,0,Safe
27.7284,89.29184,8.7,45.65,48.62,1,Light Rain,0.1857,0,Safe
24.80175,90.04315,46.53,379.84,64.69,2,Heavy Rain,0.5573,2,Warning
26.55838,91.23653,14.01,312.12,93.59,1,Light Rain,0.5422,2,Warning
26.4101,94.63304,1.2,478.99,96.44,0,Clear,0.5808,2,Warning
23.57232,92.07935,0.98,2.28,44.4,0,Clear,0.0724,0,Safe
27.64266,93.23333,40.21,82.21,73.9,2,Heavy Rain,0.3931,1,Watch
25.80197,90.49654,0.25,25.88,40.05,1,Light Rain,0.1494,0,Safe
24.10655,91.33132,95.28,27.2,68.96,0,Clear,0.3247,1,Watch
24.88487,93.93367,1.47,120.85,61.48,0,Clear,0.1871,0,Safe
24.63403,94.20218,10.7,21.39,63.44,3,Extreme Storm,0.323,1,Watch
26.36505,91.3038,0.64,64.15,11.49,1,Light Rain,0.0831,0,Safe
28.43031,94.04736,47.14,120.97,96.6,1,Light Rain,0.4704,1,Watch
25.60351,88.19569,8.45,56.08,77.34,0,Clear,0.2018,0,Safe
25.56304,96.49561,8.82,67.16,76.94,1,Light Rain,0.3649,1,Watch
29.02987,90.21647,0.19,143.65,61.05,2,Heavy Rain,0.4207,1,Watch
25.75029,94.50562,32.28,49.32,33.72,0,Clear,0.1927,0,Safe
29.08232,93.31373,22.56,17.79,42.43,3,Extreme Storm,0.3074,1,Watch
25.38853,90.73572,2.39,42.78,19.49,2,Heavy Rain,0.1297,0,Safe
25.24778,93.92937,2.36,279.91,31.73,2,Heavy Rain,0.3144,1,Watch
29.05063,94.32082,2.89,50.72,77.53,1,Light Rain,0.3135,1,Watch
22.54613,93.04147,5.94,164.73,24.41,1,Light Rain,0.2201,0,Safe
27.55122,92.39418,0.02,256.52,76.16,2,Heavy Rain,0.3732,1,Watch
26.54092,90.77676,9.19,87.35,44.49,0,Clear,0.1879,0,Safe
27.78047,88.91739,1.28,99.43,66.49,0,Clear,0.1858,0,Safe
22.59747,91.06177,43.55,52.68,35.19,1,Light Rain,0.2216,0,Safe
24.49292,90.76168,106.18,226.71,86.04,1,Light Rain,0.6185,2,Warning
23.76249,92.82931,113.09,243.77,13.44,0,Clear,0.443,1,Watch
26.51609,95.18157,4.83,116.26,76.89,1,Light Rain,0.3222,1,Watch
26.33601,91.70848,1.02,125.4,18.69,1,Light Rain,0.2189,0,Safe
26.45393,89.23764,1.33,31.27,29.97,3,Extreme Storm,0.1796,0,Safe
26.93259,91.56222,1.77,53.97,17.07,2,Heavy Rain,0.2163,0,Safe
24.85603,90.07946,0.2,50.18,58.15,0,Clear,0.1503,0,Safe
27.01512,96.46924,37.92,4.13,79.87,2,Heavy Rain,0.2999,1,Watch
24.05366,92.0771,1.33,16.96,11.48,3,Extreme Storm,0.1238,0,Safe
21.9837,88.92472,0.16,215.96,32.01,2,Heavy Rain,0.261,1,Watch
29.14911,95.58494,0.57,337.17,12.89,2,Heavy Rain,0.3453,1,Watch
27.56568,88.8931,18.8,184.03,84.17,1,Light Rain,0.4479,1,Watch
27.84706,95.45122,60.24,26.08,96.57,3,Extreme Storm,0.4598,1,Watch
26.47974,92.93096,1.2,37.07,54.47,0,Clear,0.1753,0,Safe
26.59001,91.77119,2.71,593.35,28.9,2,Heavy Rain,0.4837,1,Watch
28.88642,94.67529,5.61,386.23,33.99,1,Light Rain,0.389,1,Watch
28.11026,88.74016,6.89,263.61,55.01,1,Light Rain,0.4289,1,Watch
29.48145,93.65787,46.96,13.72,56.15,1,Light Rain,0.3176,1,Watch
25.51489,92.24987,2.68,6.16,57.57,1,Light Rain,0.1421,0,Safe
24.95698,93.5048,2.89,86.36,36.75,2,Heavy Rain,0.2034,0,Safe
27.836,89.43573,2.0,328.02,80.35,3,Extreme Storm,0.6591,2,Warning
25.8765,92.54169,8.65,15.29,94.84,1,Light Rain,0.3118,1,Watch
23.86287,94.0716,4.3,134.41,19.36,2,Heavy Rain,0.2725,1,Watch
22.79183,92.32319,60.68,176.74,69.15,2,Heavy Rain,0.5223,2,Warning
28.82562,93.52053,3.93,236.18,17.72,0,Clear,0.1637,0,Safe
28.29071,94.14484,0.26,99.1,46.28,3,Extreme Storm,0.3111,1,Watch
21.87624,97.10062,2.97,304.19,80.62,0,Clear,0.4168,1,Watch
27.03421,92.36536,16.58,33.71,33.11,3,Extreme Storm,0.3025,1,Watch
25.69757,94.58289,6.04,10.32,76.5,3,Extreme Storm,0.3867,1,Watch
26.31211,97.24576,1.94,22.68,70.59,0,Clear,0.1616,0,Safe
26.67942,93.22459,0.57,171.47,22.72,3,Extreme Storm,0.4097,1,Watch
24.86652,95.61241,49.93,25.44,54.43,2,Heavy Rain,0.3097,1,Watch
24.81347,97.37609,12.9,162.32,38.55,2,Heavy Rain,0.3181,1,Watch
28.39048,90.3848,12.73,14.45,94.1,0,Clear,0.16,0,Safe
23.31653,89.44557,0.37,78.11,79.38,2,Heavy Rain,0.3581,1,Watch
26.68132,89.28006,38.98,253.32,18.48,2,Heavy Rain,0.2606,1,Watch
27.48359,91.45105,1.98,135.5,60.71,1,Light Rain,0.273,1,Watch
23.57334,96.57843,13.01,186.42,82.68,1,Light Rain,0.3639,1,Watch
28.20533,90.90002,1.1,195.97,39.57,2,Heavy Rain,0.3167,1,Watch
26.04035,89.17359,9.43,279.06,26.87,1,Light Rain,0.3094,1,Watch
28.36086,88.42276,7.97,238.52,84.57,3,Extreme Storm,0.5072,2,Warning
26.69132,91.17906,55.67,72.25,36.62,1,Light Rain,0.3157,1,Watch
29.32202,91.44762,41.76,213.45,55.02,3,Extreme Storm,0.4093,1,Watch
28.2638,90.57451,1.53,203.12,26.39,0,Clear,0.1958,0,Safe
24.24538,95.25163,89.01,26.29,75.47,3,Extreme Storm,0.4207,1,Watch
26.85434,90.46498,9.67,481.37,52.67,3,Extreme Storm,0.5319,2,Warning
22.00928,94.61692,0.77,18.45,31.0,0,Clear,0.1684,0,Safe
27.5663,89.64736,12.17,38.73,50.78,2,Heavy Rain,0.189,0,Safe
28.69908,92.19844,30.2,28.84,80.12,1,Light Rain,0.2703,1,Watch
29.43853,92.26239,0.77,141.82,22.53,1,Light Rain,0.2733,1,Watch
26.18745,93.68821,2.01,28.18,14.26,0,Clear,0.0527,0,Safe
25.95592,97.18805,9.16,369.32,88.18,0,Clear,0.4794,1,Watch
21.54014,90.13407,0.99,439.01,34.02,3,Extreme Storm,0.4954,1,Watch
23.11679,97.33346,13.87,55.62,31.51,1,Light Rain,0.1241,0,Safe
29.19979,92.50929,66.96,89.65,38.56,0,Clear,0.2309,0,Safe
25.27321,94.29952,2.05,38.21,70.56,1,Light Rain,0.214,0,Safe
26.5061,90.77984,41.11,84.49,16.84,3,Extreme Storm,0.3086,1,Watch
26.01763,94.23954,10.37,6.26,69.11,1,Light Rain,0.2544,1,Watch
26.15961,94.24178,1.92,534.35,70.45,0,Clear,0.5104,2,Warning
28.3085,93.99093,1.4,72.9,89.36,2,Heavy Rain,0.3357,1,Watch
27.52208,89.79351,0.52,85.52,69.17,3,Extreme Storm,0.362,1,Watch
22.20183,89.8407,1.33,141.3,68.04,3,Extreme Storm,0.2711,1,Watch
21.9947,92.60332,1.53,13.32,44.54,2,Heavy Rain,0.2015,0,Safe
25.36623,92.05922,14.85,51.53,66.97,0,Clear,0.2568,1,Watch
24.39722,92.38727,135.23,429.17,36.83,2,Heavy Rain,0.6335,2,Warning
25.96782,89.43375,1.72,191.41,65.1,2,Heavy Rain,0.3859,1,Watch
24.57997,95.40827,77.34,335.64,74.45,2,Heavy Rain,0.6061,2,Warning
25.02224,88.94508,9.7,83.11,33.72,1,Light Rain,0.2616,1,Watch
26.29954,90.56079,22.15,147.81,92.35,1,Light Rain,0.3788,1,Watch
27.56693,93.05137,13.21,11.21,94.67,0,Clear,0.2898,1,Watch
24.85303,91.21236,65.69,1.2,27.1,2,Heavy Rain,0.1859,0,Safe
27.99,93.15942,1.67,462.14,59.95,2,Heavy Rain,0.5304,2,Warning
25.18141,90.5911,6.85,559.36,55.55,0,Clear,0.5558,2,Warning
25.55051,95.74283,22.36,493.64,84.91,0,Clear,0.5576,2,Warning
25.55841,93.30132,65.35,97.07,64.29,3,Extreme Storm,0.4792,1,Watch
28.75153,96.49523,9.13,18.93,88.43,0,Clear,0.2857,1,Watch
26.5457,90.57549,2.12,9.14,78.67,2,Heavy Rain,0.2787,1,Watch
21.62675,92.34925,23.39,33.37,67.29,1,Light Rain,0.2519,1,Watch
23.13603,97.30523,11.99,84.84,65.67,2,Heavy Rain,0.184,0,Safe
23.82705,96.71825,0.39,229.35,78.69,0,Clear,0.3243,1,Watch
27.36674,92.17049,18.76,66.15,34.73,2,Heavy Rain,0.2729,1,Watch
25.1349,89.44519,14.9,22.28,52.11,2,Heavy Rain,0.2257,0,Safe
25.56009,91.67534,0.85,289.33,97.16,3,Extreme Storm,0.5553,2,Warning
22.50683,90.2228,3.85,105.92,23.89,1,Light Rain,0.1515,0,Safe
27.73956,93.83308,43.63,165.92,77.76,2,Heavy Rain,0.3873,1,Watch
25.84858,92.27739,10.39,138.64,63.52,1,Light Rain,0.3318,1,Watch
28.27945,88.75459,13.76,8.6,38.67,3,Extreme Storm,0.1762,0,Safe
26.63014,89.24055,0.58,5.06,19.35,1,Light Rain,0.0756,0,Safe
28.13546,93.33571,0.93,12.09,39.56,2,Heavy Rain,0.1898,0,Safe
25.02206,91.9336,2.42,80.69,96.83,0,Clear,0.2728,1,Watch
25.94708,90.51444,60.37,19.09,21.24,1,Light Rain,0.2626,1,Watch
25.28779,90.5934,58.67,10.61,60.42,0,Clear,0.3348,1,Watch
28.4098,93.72882,0.02,86.04,13.86,0,Clear,0.0597,0,Safe
26.79532,88.02847,4.26,56.0,60.73,1,Light Rain,0.1988,0,Safe
26.9652,89.38485,27.13,27.19,46.22,1,Light Rain,0.1947,0,Safe
23.55419,92.70517,1.78,112.48,86.83,1,Light Rain,0.3745,1,Watch
27.12823,92.96235,24.46,436.15,30.19,1,Light Rain,0.4598,1,Watch
23.00909,95.03806,33.98,140.28,57.33,0,Clear,0.3235,1,Watch
29.03668,90.92787,12.32,1.13,98.35,1,Light Rain,0.3531,1,Watch
21.95729,92.58712,49.34,392.04,46.62,3,Extreme Storm,0.5239,2,Warning
22.40908,90.3727,6.11,253.79,65.17,3,Extreme Storm,0.4624,1,Watch
27.3582,93.30044,0.38,108.15,27.25,1,Light Rain,0.1763,0,Safe
24.53955,92.24712,13.25,144.1,26.14,2,Heavy Rain,0.2674,1,Watch
27.76436,90.01051,0.97,137.49,77.83,2,Heavy Rain,0.4005,1,Watch
28.2964,91.85879,1.89,186.44,93.98,0,Clear,0.3563,1,Watch
23.89156,94.4975,24.58,21.52,37.6,2,Heavy Rain,0.1881,0,Safe
24.22447,90.67162,1.29,430.57,19.44,2,Heavy Rain,0.3624,1,Watch
27.37312,91.23662,0.65,110.97,62.85,1,Light Rain,0.3357,1,Watch
27.76604,96.10929,0.1,29.91,19.52,1,Light Rain,0.1006,0,Safe
25.76232,94.22171,44.43,444.63,81.14,1,Light Rain,0.5519,2,Warning
23.3107,93.2972,10.64,39.65,16.08,1,Light Rain,0.173,0,Safe
25.15508,92.22102,1.39,190.65,62.82,2,Heavy Rain,0.2847,1,Watch
29.14383,96.14321,98.67,103.12,65.04,2,Heavy Rain,0.4005,1,Watch
26.3733,89.61319,58.01,282.58,39.3,0,Clear,0.3707,1,Watch
24.91355,93.85826,21.46,6.83,47.72,1,Light Rain,0.1711,0,Safe
25.71426,93.15963,23.89,167.58,26.18,1,Light Rain,0.2628,1,Watch
22.21351,94.3428,7.78,135.88,56.19,1,Light Rain,0.2003,0,Safe
26.70572,92.12813,1.21,65.53,64.03,0,Clear,0.2188,0,Safe
23.38582,91.12029,1.27,237.36,68.68,0,Clear,0.3832,1,Watch
27.15509,93.79849,10.61,65.19,25.29,0,Clear,0.0851,0,Safe
27.13683,94.12231,14.55,11.73,47.01,1,Light Rain,0.1678,0,Safe
28.89956,94.10413,21.17,235.28,58.54,1,Light Rain,0.3397,1,Watch
26.29863,93.13098,0.72,118.93,39.81,2,Heavy Rain,0.2595,1,Watch
26.43351,92.65324,38.09,399.48,50.37,3,Extreme Storm,0.5127,2,Warning
29.36945,89.10539,1.16,58.45,28.92,3,Extreme Storm,0.1652,0,Safe
24.6193,93.50099,11.56,64.39,56.71,2,Heavy Rain,0.2646,1,Watch
23.12915,93.2109,50.91,52.09,15.63,2,Heavy Rain,0.2388,0,Safe
26.18655,94.77581,0.46,5.24,63.79,1,Light Rain,0.2031,0,Safe
25.74419,91.31265,38.51,39.56,54.43,1,Light Rain,0.2424,0,Safe
23.27541,93.59447,10.73,476.64,61.79,1,Light Rain,0.5502,2,Warning
23.56317,93.10105,5.63,14.56,28.74,0,Clear,0.1001,0,Safe
25.09512,93.17095,1.48,30.82,61.27,1,Light Rain,0.1627,0,Safe
23.93208,94.01142,32.83,119.03,62.48,0,Clear,0.1832,0,Safe
27.2244,90.68249,77.34,22.17,39.7,0,Clear,0.2638,1,Watch
27.3905,90.92768,14.46,276.67,14.39,2,Heavy Rain,0.3009,1,Watch
24.35236,91.89128,31.83,479.3,44.58,1,Light Rain,0.473,1,Watch
26.37566,89.79016,8.62,190.72,47.53,1,Light Rain,0.3587,1,Watch
25.52542,89.06389,9.05,109.59,94.23,2,Heavy Rain,0.455,1,Watch
21.72408,92.92474,4.28,6.71,44.6,0,Clear,0.1741,0,Safe
25.25824,93.85743,0.85,43.44,26.12,0,Clear,0.1047,0,Safe
26.97528,93.32814,3.11,14.16,15.86,0,Clear,0.0,0,Safe
26.03164,97.28291,1.73,6.07,53.23,2,Heavy Rain,0.2537,1,Watch
21.93164,94.81892,0.08,7.32,32.76,0,Clear,0.0501,0,Safe
26.69744,93.01348,2.8,61.34,65.19,3,Extreme Storm,0.2862,1,Watch
26.37557,91.24213,11.96,37.58,17.39,1,Light Rain,0.1578,0,Safe
25.63064,97.30057,11.96,121.81,89.44,1,Light Rain,0.4394,1,Watch
24.55033,91.53778,9.65,36.0,78.62,0,Clear,0.2983,1,Watch
26.87068,94.45526,33.73,54.52,93.92,1,Light Rain,0.3676,1,Watch
24.40948,90.8987,122.66,88.29,67.07,3,Extreme Storm,0.5605,2,Warning
25.65096,94.40803,51.32,63.07,71.41,1,Light Rain,0.2952,1,Watch
24.26039,91.10245,22.68,13.52,75.1,1,Light Rain,0.203,0,Safe
28.95847,90.56085,3.81,97.55,92.84,1,Light Rain,0.38,1,Watch
22.42536,94.56102,18.98,14.31,36.3,3,Extreme Storm,0.2448,0,Safe
22.24908,90.40441,0.71,285.83,15.1,1,Light Rain,0.2049,0,Safe
25.35436,93.33674,1.45,193.61,73.18,2,Heavy Rain,0.3792,1,Watch
26.78634,90.58319,79.18,119.94,49.16,1,Light Rain,0.3928,1,Watch
29.09713,91.83672,35.2,199.27,65.86,2,Heavy Rain,0.4591,1,Watch
25.71049,91.29518,1.53,434.72,87.15,3,Extreme Storm,0.6354,2,Warning
26.78577,91.82261,0.75,71.9,40.52,1,Light Rain,0.1693,0,Safe
26.87495,93.82486,1.34,220.1,90.68,3,Extreme Storm,0.4417,1,Watch
22.95643,93.95221,4.24,56.28,67.16,2,Heavy Rain,0.2838,1,Watch
24.3737,90.77655,17.38,212.38,20.67,3,Extreme Storm,0.3543,1,Watch
26.23409,95.67825,3.7,176.84,26.63,2,Heavy Rain,0.2935,1,Watch
23.61417,94.34426,0.48,13.16,21.43,2,Heavy Rain,0.193,0,Safe
26.15649,91.95807,3.5,117.43,78.8,2,Heavy Rain,0.3492,1,Watch
28.73356,95.83138,4.49,76.19,38.54,0,Clear,0.1102,0,Safe
26.13274,93.67901,39.62,56.1,95.85,1,Light Rain,0.4198,1,Watch
25.59967,90.33278,88.44,201.83,55.91,0,Clear,0.425,1,Watch
28.36064,97.16697,20.65,309.92,95.32,0,Clear,0.428,1,Watch
25.62533,96.52332,71.73,266.26,54.81,3,Extreme Storm,0.559,2,Warning
23.22944,94.35602,41.71,148.66,90.18,0,Clear,0.4505,1,Watch
27.801,94.25552,29.97,72.86,62.79,1,Light Rain,0.3041,1,Watch
23.64489,91.42064,0.81,28.71,56.86,1,Light Rain,0.2529,1,Watch
26.68928,94.66647,0.15,78.76,28.92,2,Heavy Rain,0.1723,0,Safe
26.50188,88.80585,4.28,329.25,96.75,2,Heavy Rain,0.5061,2,Warning
23.83524,93.7554,1.98,52.65,11.16,2,Heavy Rain,0.1671,0,Safe
29.05245,91.4977,0.19,59.98,45.82,2,Heavy Rain,0.2074,0,Safe
22.1508,91.71939,11.99,82.14,33.37,1,Light Rain,0.2397,0,Safe
28.53855,92.52966,14.32,214.44,23.77,3,Extreme Storm,0.3331,1,Watch
26.66342,93.19534,10.4,455.86,27.99,0,Clear,0.44,1,Watch
25.13189,89.3079,2.15,100.49,13.44,1,Light Rain,0.1628,0,Safe
23.81048,94.63756,1.53,514.29,90.21,2,Heavy Rain,0.6016,2,Warning
23.4713,91.13588,123.97,114.27,48.86,0,Clear,0.3253,1,Watch
28.10166,96.11476,12.19,196.62,24.83,2,Heavy Rain,0.3114,1,Watch
28.3605,92.95254,1.87,92.16,12.02,1,Light Rain,0.1505,0,Safe
25.74862,93.3917,18.44,5.77,20.24,0,Clear,0.0445,0,Safe
24.49393,96.21967,1.0,376.64,62.82,1,Light Rain,0.4751,1,Watch
24.9993,90.28395,50.94,127.45,24.5,2,Heavy Rain,0.3534,1,Watch
23.79733,93.45179,79.17,96.96,81.35,0,Clear,0.3717,1,Watch
23.73667,92.3808,9.71,61.81,22.51,1,Light Rain,0.0697,0,Safe
24.9613,93.71594,37.98,8.76,49.1,2,Heavy Rain,0.2974,1,Watch
23.64639,95.5751,108.39,7.68,35.16,2,Heavy Rain,0.3912,1,Watch
26.05759,89.34217,8.74,7.52,65.94,1,Light Rain,0.1884,0,Safe
24.86046,91.87273,65.96,24.06,10.94,1,Light Rain,0.2176,0,Safe
25.52633,91.44101,63.77,112.26,82.05,3,Extreme Storm,0.4995,1,Watch
26.14803,96.65311,11.74,27.02,11.16,0,Clear,0.0611,0,Safe
25.24425,89.47979,50.38,14.3,80.7,3,Extreme Storm,0.4185,1,Watch
28.33073,88.25599,80.05,59.22,50.13,1,Light Rain,0.3115,1,Watch
28.8325,96.20646,1.41,356.12,90.61,1,Light Rain,0.4556,1,Watch
24.77258,96.44713,9.77,11.76,59.54,0,Clear,0.1892,0,Safe
22.24128,96.01253,4.14,65.25,36.68,0,Clear,0.1528,0,Safe
23.76314,91.28552,22.02,111.46,52.73,2,Heavy Rain,0.2076,0,Safe
28.58099,93.71106,19.25,213.9,32.64,2,Heavy Rain,0.2757,1,Watch
27.95535,92.52047,51.8,112.19,16.35,0,Clear,0.1751,0,Safe
27.52527,92.03325,2.81,158.93,36.71,3,Extreme Storm,0.3234,1,Watch
24.33553,90.68202,68.12,92.51,22.64,2,Heavy Rain,0.2376,0,Safe
21.78598,94.16445,1.06,199.68,35.65,1,Light Rain,0.2446,0,Safe
25.38136,91.20601,2.3,326.68,72.31,1,Light Rain,0.5132,2,Warning
22.83729,89.56696,0.55,2.81,27.71,0,Clear,0.0747,0,Safe
25.95363,94.98281,13.45,93.37,98.71,2,Heavy Rain,0.4033,1,Watch
28.88029,92.54205,1.31,188.12,83.67,2,Heavy Rain,0.401,1,Watch
26.98699,90.13167,0.38,190.5,74.89,1,Light Rain,0.3875,1,Watch
23.35318,95.29603,11.75,163.86,18.51,2,Heavy Rain,0.2434,0,Safe
22.90604,89.20318,21.11,145.26,33.38,3,Extreme Storm,0.3067,1,Watch
25.5933,91.67687,28.78,222.76,56.86,2,Heavy Rain,0.4114,1,Watch
23.743,92.30368,15.68,30.01,87.62,2,Heavy Rain,0.3849,1,Watch
25.8554,96.27459,1.75,14.27,19.68,1,Light Rain,0.111,0,Safe
26.3965,92.8009,1.69,600.0,55.34,0,Clear,0.5435,2,Warning
26.35807,91.74463,14.01,141.89,29.9,3,Extreme Storm,0.3398,1,Watch
24.12344,90.67801,130.55,108.53,74.99,2,Heavy Rain,0.5232,2,Warning
28.94512,88.2673,1.23,24.86,65.49,2,Heavy Rain,0.1209,0,Safe
25.7049,91.40215,16.76,153.37,83.04,0,Clear,0.3557,1,Watch
25.9162,95.78714,0.04,27.17,28.27,2,Heavy Rain,0.173,0,Safe
26.01779,93.11911,13.41,11.95,43.91,2,Heavy Rain,0.1819,0,Safe
25.15214,95.0952,9.79,13.86,34.84,1,Light Rain,0.1352,0,Safe
27.20154,91.74503,0.49,340.67,81.86,2,Heavy Rain,0.5496,2,Warning
24.40444,93.36884,29.05,50.55,73.75,3,Extreme Storm,0.3847,1,Watch
24.91809,95.21144,2.07,86.25,53.12,0,Clear,0.2527,1,Watch
22.58127,96.40485,6.75,28.89,22.55,0,Clear,0.0976,0,Safe
25.57534,92.11203,20.56,46.05,26.19,3,Extreme Storm,0.2243,0,Safe
26.55731,90.64552,91.49,81.76,65.75,0,Clear,0.3997,1,Watch
28.22044,94.01999,50.31,37.99,98.81,3,Extreme Storm,0.4709,1,Watch
27.60168,92.15655,1.58,93.02,63.22,0,Clear,0.2402,0,Safe
28.60455,94.57051,23.65,37.14,29.14,2,Heavy Rain,0.1945,0,Safe
26.43561,91.22638,0.03,600.0,96.97,3,Extreme Storm,0.7196,2,Warning
22.6104,92.37044,101.75,30.42,99.65,2,Heavy Rain,0.4843,1,Watch
26.50905,94.65802,0.25,73.54,17.14,2,Heavy Rain,0.1798,0,Safe
25.41525,94.22226,4.23,40.34,44.77,0,Clear,0.1719,0,Safe
22.32964,93.93648,44.12,9.31,32.02,0,Clear,0.0547,0,Safe
26.02323,91.45575,150.0,277.33,41.97,3,Extreme Storm,0.6105,2,Warning
25.79375,88.28126,102.68,44.65,46.72,2,Heavy Rain,0.3208,1,Watch
26.86993,92.2314,0.05,593.81,45.1,0,Clear,0.4888,1,Watch
25.08145,90.19073,67.76,30.23,34.68,2,Heavy Rain,0.2623,1,Watch
29.02481,89.91965,27.36,59.08,51.61,1,Light Rain,0.2533,1,Watch
26.27855,94.07391,29.8,285.05,99.84,1,Light Rain,0.5301,2,Warning
28.84488,92.21658,28.08,90.88,19.0,0,Clear,0.2401,0,Safe
21.95299,91.97216,1.63,3.15,99.13,1,Light Rain,0.3009,1,Watch
22.68179,93.40125,64.17,206.5,27.3,1,Light Rain,0.3717,1,Watch
23.48593,89.32833,14.3,133.68,72.62,2,Heavy Rain,0.3043,1,Watch
23.6444,88.50293,51.35,237.13,41.91,2,Heavy Rain,0.4017,1,Watch
29.47105,90.87608,1.87,233.41,37.18,1,Light Rain,0.2417,0,Safe
25.0597,95.09294,1.99,136.28,10.41,0,Clear,0.1441,0,Safe
26.97111,92.70006,1.34,18.66,20.08,0,Clear,0.067,0,Safe
23.6656,93.04001,10.09,359.43,52.23,0,Clear,0.3733,1,Watch
26.21535,93.71738,9.29,28.95,59.95,3,Extreme Storm,0.3229,1,Watch
23.5839,92.23541,1.43,387.64,34.8,3,Extreme Storm,0.437,1,Watch
25.46736,89.07331,60.64,387.44,17.82,2,Heavy Rain,0.5239,2,Warning
23.70822,90.90455,13.58,46.42,74.53,0,Clear,0.2927,1,Watch
24.64374,93.16279,10.83,132.04,70.38,2,Heavy Rain,0.3233,1,Watch
25.81897,91.45808,14.55,317.7,48.19,0,Clear,0.4011,1,Watch
25.345,90.51552,18.14,600.0,67.1,1,Light Rain,0.6358,2,Warning
23.37346,92.12803,1.71,2.73,87.15,2,Heavy Rain,0.2734,1,Watch
27.60588,92.08328,1.33,240.28,92.95,0,Clear,0.4106,1,Watch
29.25066,96.33364,1.08,161.0,40.3,1,Light Rain,0.1797,0,Safe
25.91522,90.93017,66.42,199.39,57.58,1,Light Rain,0.3994,1,Watch
23.6207,93.62222,9.04,356.87,52.46,1,Light Rain,0.4342,1,Watch
25.93996,95.92945,1.83,382.68,12.46,1,Light Rain,0.3109,1,Watch
27.7847,97.49295,13.36,134.53,74.04,2,Heavy Rain,0.4068,1,Watch
26.11066,91.82869,2.35,12.89,29.15,1,Light Rain,0.1028,0,Safe
26.61338,89.95196,2.32,151.96,41.17,1,Light Rain,0.2463,0,Safe
27.97182,92.06812,1.36,456.5,24.32,3,Extreme Storm,0.4626,1,Watch
26.55555,93.86043,79.89,373.58,77.16,3,Extreme Storm,0.614,2,Warning
23.86424,91.85211,27.61,152.24,52.66,2,Heavy Rain,0.3615,1,Watch
26.75418,89.46924,0.59,293.81,44.51,1,Light Rain,0.3542,1,Watch
26.45456,91.49034,43.28,151.6,63.09,3,Extreme Storm,0.3536,1,Watch
25.15163,93.03912,59.65,34.26,34.3,2,Heavy Rain,0.1759,0,Safe
25.60125,93.5546,2.43,467.66,20.0,0,Clear,0.3477,1,Watch
23.79983,92.65064,26.44,475.96,65.82,0,Clear,0.5751,2,Warning
27.70084,91.72929,1.47,27.66,20.49,2,Heavy Rain,0.2475,0,Safe
25.85981,90.96188,72.5,344.12,58.08,2,Heavy Rain,0.4893,1,Watch
25.18871,89.63655,48.39,21.51,29.19,3,Extreme Storm,0.333,1,Watch
23.37668,91.99664,23.87,560.42,64.08,2,Heavy Rain,0.6867,2,Warning
21.65173,88.9976,3.83,28.24,82.62,2,Heavy Rain,0.2751,1,Watch
26.1054,96.88904,0.73,32.43,71.04,0,Clear,0.2758,1,Watch
24.01859,94.11343,1.51,92.01,55.98,1,Light Rain,0.2558,1,Watch
26.24439,88.91793,1.08,278.14,47.75,1,Light Rain,0.3308,1,Watch
26.01367,91.12356,150.0,392.26,40.75,0,Clear,0.5422,2,Warning
24.73918,97.30772,13.24,28.07,58.25,2,Heavy Rain,0.2572,1,Watch
27.2384,94.48408,41.4,27.03,75.22,0,Clear,0.2767,1,Watch
26.64345,96.89073,1.46,26.51,76.29,2,Heavy Rain,0.3671,1,Watch
28.06625,89.28042,0.05,20.62,32.46,2,Heavy Rain,0.1238,0,Safe
24.8169,88.84801,41.97,8.06,48.93,1,Light Rain,0.1955,0,Safe
25.37392,92.40561,1.76,58.29,82.29,1,Light Rain,0.2604,1,Watch
27.1919,96.60611,39.33,385.51,48.74,0,Clear,0.5506,2,Warning
25.2494,93.33141,3.64,373.93,41.84,0,Clear,0.3139,1,Watch
29.34516,93.33931,20.36,73.5,15.18,0,Clear,0.1732,0,Safe
25.63894,91.35771,90.4,155.67,18.3,0,Clear,0.2379,0,Safe
26.06183,90.75132,14.37,17.48,44.05,3,Extreme Storm,0.263,1,Watch
27.12174,97.48844,10.39,26.3,26.96,1,Light Rain,0.1395,0,Safe
29.45685,91.56398,0.87,77.6,72.14,0,Clear,0.2056,0,Safe
24.80065,95.0658,40.41,85.87,71.87,3,Extreme Storm,0.433,1,Watch
26.74409,95.02061,92.95,189.33,14.59,1,Light Rain,0.3189,1,Watch
27.50573,92.87302,34.02,148.72,91.11,0,Clear,0.319,1,Watch
25.67775,88.56855,2.53,230.16,10.63,2,Heavy Rain,0.2384,0,Safe
26.55175,91.15819,1.3,21.66,81.25,1,Light Rain,0.2164,0,Safe
23.67102,97.2244,6.19,17.49,68.27,1,Light Rain,0.2364,0,Safe
28.08193,95.80271,0.41,22.86,75.68,2,Heavy Rain,0.2603,1,Watch
27.76943,93.80654,8.91,86.56,39.18,0,Clear,0.2331,0,Safe
22.51714,90.97094,18.99,470.27,31.99,3,Extreme Storm,0.5124,2,Warning
24.58545,91.67789,43.14,9.57,34.59,1,Light Rain,0.2091,0,Safe
22.66863,89.95663,25.31,1.33,30.86,2,Heavy Rain,0.1404,0,Safe
26.08411,92.01019,2.05,105.36,54.57,3,Extreme Storm,0.293,1,Watch
28.82164,93.07332,58.61,21.95,57.77,1,Light Rain,0.2536,1,Watch
28.64665,91.58376,0.82,24.71,84.3,2,Heavy Rain,0.3426,1,Watch
26.0784,90.50875,0.05,304.01,94.44,3,Extreme Storm,0.5085,2,Warning
26.87623,91.93235,1.97,175.14,50.05,3,Extreme Storm,0.3191,1,Watch
25.86303,90.69731,102.55,334.7,73.22,2,Heavy Rain,0.6557,2,Warning
27.54473,92.85442,10.14,209.97,16.41,1,Light Rain,0.2027,0,Safe
26.49969,94.43562,6.3,240.2,96.04,1,Light Rain,0.5005,2,Warning
26.34763,89.93715,17.72,365.09,74.75,1,Light Rain,0.5715,2,Warning
28.10508,95.05239,40.74,90.64,58.84,2,Heavy Rain,0.3062,1,Watch
28.43391,92.72219,10.44,53.31,75.14,0,Clear,0.2746,1,Watch
21.5747,88.47943,0.1,20.76,27.64,3,Extreme Storm,0.1493,0,Safe
25.76324,92.96084,93.64,131.49,27.69,0,Clear,0.2987,1,Watch
28.36669,90.59825,11.91,47.24,17.27,0,Clear,0.1221,0,Safe
26.04288,93.37686,9.76,600.0,44.01,1,Light Rain,0.5652,2,Warning
27.09816,89.103,1.81,252.78,65.37,1,Light Rain,0.3749,1,Watch
26.43935,91.46047,57.2,53.11,74.8,1,Light Rain,0.395,1,Watch
25.98224,95.5273,3.58,161.41,90.33,1,Light Rain,0.4164,1,Watch
27.88667,91.68249,0.89,192.66,54.6,1,Light Rain,0.3018,1,Watch
26.00996,88.77215,19.79,469.48,84.44,1,Light Rain,0.565,2,Warning
24.48456,91.8078,1.46,78.91,21.19,1,Light Rain,0.1414,0,Safe
24.37117,93.88871,0.14,582.22,66.67,1,Light Rain,0.548,2,Warning
25.96406,90.31842,46.44,159.26,79.03,2,Heavy Rain,0.4793,1,Watch
29.01041,88.23616,16.35,166.56,67.58,1,Light Rain,0.3331,1,Watch
29.00235,95.1054,3.02,24.75,10.23,1,Light Rain,0.0362,0,Safe
24.36061,89.58384,0.54,457.68,44.78,1,Light Rain,0.5049,2,Warning
27.14897,91.22093,106.84,463.69,96.45,0,Clear,0.7278,2,Warning
29.39948,90.55704,91.6,236.25,66.29,0,Clear,0.446,1,Watch
26.53053,91.5348,63.28,6.32,85.78,2,Heavy Rain,0.4365,1,Watch
22.48423,92.93451,2.62,2.28,28.55,1,Light Rain,0.1609,0,Safe
26.63432,94.21906,72.56,15.53,46.43,0,Clear,0.1719,0,Safe
29.00599,91.07056,10.37,185.67,84.15,1,Light Rain,0.4291,1,Watch
28.85568,91.28926,8.57,80.66,70.35,1,Light Rain,0.2836,1,Watch
25.51756,95.44043,23.86,67.98,19.27,0,Clear,0.1721,0,Safe
29.17102,91.71525,5.02,32.72,68.36,1,Light Rain,0.2317,0,Safe
25.52867,92.07974,2.93,7.22,70.79,0,Clear,0.2018,0,Safe
26.63894,92.46589,10.6,4.19,78.39,1,Light Rain,0.2376,0,Safe
22.47891,91.99997,13.62,145.05,61.27,1,Light Rain,0.3456,1,Watch
27.95804,90.80815,1.42,196.38,35.42,2,Heavy Rain,0.2616,1,Watch
29.32215,89.90904,1.93,294.3,13.21,3,Extreme Storm,0.3735,1,Watch
29.2676,89.86533,21.29,66.76,69.49,0,Clear,0.2609,1,Watch
26.71061,88.07505,42.06,10.85,18.17,1,Light Rain,0.1863,0,Safe
21.9187,92.4165,30.22,21.05,96.61,1,Light Rain,0.2989,1,Watch
26.12476,91.42077,54.91,22.57,32.45,1,Light Rain,0.2379,0,Safe
28.50788,88.63364,9.46,389.98,30.85,2,Heavy Rain,0.4409,1,Watch
26.35632,92.18885,10.62,85.5,74.05,1,Light Rain,0.3673,1,Watch
23.61569,93.70274,49.07,309.32,10.27,2,Heavy Rain,0.4083,1,Watch
26.54385,90.1153,104.49,188.77,10.14,0,Clear,0.3018,1,Watch
28.60376,94.12282,3.58,60.34,33.41,0,Clear,0.1045,0,Safe
28.47,96.15893,22.11,73.18,87.92,2,Heavy Rain,0.4025,1,Watch
25.03103,97.17838,2.21,242.87,33.2,1,Light Rain,0.2603,1,Watch
22.98154,88.8223,10.83,70.96,36.21,1,Light Rain,0.1684,0,Safe
28.18899,90.20063,1.02,10.6,75.91,3,Extreme Storm,0.2642,1,Watch
25.02875,93.18686,32.46,172.11,62.6,2,Heavy Rain,0.3973,1,Watch
27.82571,97.29749,43.85,89.75,77.49,2,Heavy Rain,0.4021,1,Watch
24.86046,95.14498,2.74,357.26,96.81,0,Clear,0.4717,1,Watch
24.53542,95.03858,2.07,187.35,57.34,0,Clear,0.3395,1,Watch
28.67818,91.66221,23.75,42.46,21.39,1,Light Rain,0.1775,0,Safe
28.82327,92.01459,0.54,10.25,79.73,2,Heavy Rain,0.3441,1,Watch
26.98516,88.70034,7.1,23.15,89.16,1,Light Rain,0.2887,1,Watch
26.51775,94.62132,13.55,31.04,39.64,0,Clear,0.1131,0,Safe
23.87039,88.58068,1.88,17.5,89.3,2,Heavy Rain,0.265,1,Watch
26.9201,89.24532,0.75,0.53,76.72,2,Heavy Rain,0.2552,1,Watch
26.2292,89.90436,123.84,271.67,86.43,3,Extreme Storm,0.7337,2,Warning
25.20116,97.40978,33.93,9.46,65.71,1,Light Rain,0.2486,0,Safe
23.04193,91.37101,15.88,17.92,92.44,1,Light Rain,0.3371,1,Watch
24.36178,96.90879,10.12,24.28,85.93,3,Extreme Storm,0.404,1,Watch
21.69435,94.18442,43.72,89.23,55.42,2,Heavy Rain,0.3053,1,Watch
26.78727,91.03533,58.4,21.18,13.57,0,Clear,0.1014,0,Safe
25.71184,89.96047,57.57,398.21,68.78,1,Light Rain,0.6046,2,Warning
25.41105,90.70815,15.96,103.22,23.67,0,Clear,0.1654,0,Safe
27.64918,97.49491,1.46,1.31,38.34,0,Clear,0.1122,0,Safe
24.74015,96.55779,1.85,56.66,53.08,0,Clear,0.2014,0,Safe
23.52422,91.97825,16.97,557.56,85.04,0,Clear,0.5516,2,Warning
28.61305,89.75541,1.05,79.33,46.12,1,Light Rain,0.2209,0,Safe
26.76407,95.94886,0.72,6.44,91.88,1,Light Rain,0.2757,1,Watch
26.68348,91.46895,150.0,91.01,62.78,0,Clear,0.4861,1,Watch
27.81082,92.98466,1.65,22.77,75.56,1,Light Rain,0.202,0,Safe
26.04689,95.76228,1.55,4.38,51.39,2,Heavy Rain,0.2039,0,Safe
26.14305,93.47099,51.54,88.81,51.41,0,Clear,0.2543,1,Watch
26.5775,89.38432,6.23,6.45,34.26,3,Extreme Storm,0.2421,0,Safe
26.83845,89.81745,87.25,162.65,12.78,2,Heavy Rain,0.349,1,Watch
21.72967,93.52201,29.99,87.55,16.64,1,Light Rain,0.1593,0,Safe
22.60381,93.44619,1.19,406.78,44.9,1,Light Rain,0.3791,1,Watch
24.16902,89.83059,8.08,0.05,51.09,1,Light Rain,0.2095,0,Safe
25.52899,97.06205,0.69,16.27,85.47,1,Light Rain,0.2982,1,Watch
27.7823,90.67009,37.83,20.83,32.32,0,Clear,0.2347,0,Safe
25.75043,88.97133,3.49,212.18,97.76,0,Clear,0.3788,1,Watch
28.44623,95.91162,6.19,111.06,34.25,1,Light Rain,0.1628,0,Safe
28.61431,95.06929,5.78,15.12,22.55,2,Heavy Rain,0.1377,0,Safe
25.90328,90.65345,65.6,6.52,91.96,1,Light Rain,0.349,1,Watch
26.4812,91.22831,63.59,7.6,98.91,2,Heavy Rain,0.3998,1,Watch
26.65338,91.27283,35.58,296.18,67.77,1,Light Rain,0.4785,1,Watch
25.73693,91.59073,4.67,138.41,53.92,2,Heavy Rain,0.3452,1,Watch
27.21862,90.14472,0.97,16.66,41.92,1,Light Rain,0.1674,0,Safe
27.10035,95.25528,13.05,56.65,53.65,1,Light Rain,0.2315,0,Safe
27.13191,90.14783,49.77,29.12,82.46,1,Light Rain,0.3747,1,Watch
27.45445,88.25257,4.8,78.1,54.17,1,Light Rain,0.2197,0,Safe
26.10679,90.97137,4.06,10.25,72.27,0,Clear,0.2523,1,Watch
29.22596,92.62827,0.43,7.89,84.45,1,Light Rain,0.3704,1,Watch
28.30136,91.15702,5.8,319.7,43.89,1,Light Rain,0.3407,1,Watch
21.86247,91.22805,1.13,36.12,81.4,2,Heavy Rain,0.3445,1,Watch
25.51713,96.81465,39.89,47.23,34.92,1,Light Rain,0.267,1,Watch
28.48712,96.15525,5.06,71.35,31.12,2,Heavy Rain,0.2216,0,Safe
24.44642,90.05722,62.49,578.73,45.01,0,Clear,0.654,2,Warning
25.51356,90.32255,2.6,113.19,26.51,0,Clear,0.1603,0,Safe
25.65385,91.63129,24.49,103.46,53.86,1,Light Rain,0.3037,1,Watch
28.25836,89.28305,20.96,375.78,12.21,1,Light Rain,0.3526,1,Watch
23.54838,88.55017,1.66,34.82,28.5,2,Heavy Rain,0.1695,0,Safe
22.72124,91.24399,8.0,67.85,71.77,1,Light Rain,0.2968,1,Watch
28.73738,92.70567,2.5,96.18,56.58,0,Clear,0.2266,0,Safe
28.6909,93.01548,1.0,15.36,67.61,2,Heavy Rain,0.2057,0,Safe
26.66557,95.44572,36.43,101.0,42.98,3,Extreme Storm,0.3559,1,Watch
28.26939,92.57379,0.81,53.23,36.65,1,Light Rain,0.152,0,Safe
27.87912,94.60068,6.47,220.51,72.75,2,Heavy Rain,0.3841,1,Watch
26.59329,94.24255,39.15,50.04,43.88,1,Light Rain,0.2804,1,Watch
26.40546,94.68735,47.87,31.55,20.94,1,Light Rain,0.1491,0,Safe
25.90711,91.48959,0.77,48.68,31.5,3,Extreme Storm,0.2017,0,Safe
26.64666,91.99101,38.27,19.39,66.24,2,Heavy Rain,0.2663,1,Watch
26.28217,90.53073,17.17,91.22,96.63,2,Heavy Rain,0.3816,1,Watch
26.01882,91.47069,2.09,141.18,55.71,0,Clear,0.3326,1,Watch
28.02418,91.35174,0.25,22.17,42.22,0,Clear,0.0902,0,Safe
25.50826,91.94841,2.76,269.72,29.01,2,Heavy Rain,0.3176,1,Watch
27.58453,91.0451,31.52,543.03,19.95,1,Light Rain,0.5534,2,Warning
25.46817,91.50279,1.08,393.39,60.65,2,Heavy Rain,0.4999,1,Watch
22.4274,93.59113,0.14,11.21,60.48,0,Clear,0.1534,0,Safe
25.57228,91.87846,150.0,2.97,53.3,1,Light Rain,0.3909,1,Watch
24.87113,91.23566,2.42,600.0,31.95,1,Light Rain,0.5442,2,Warning
23.85074,97.15221,20.44,306.42,50.61,3,Extreme Storm,0.4519,1,Watch
27.7236,90.95797,89.55,17.89,29.03,0,Clear,0.3208,1,Watch
24.07408,90.94683,28.84,28.3,13.01,1,Light Rain,0.1215,0,Safe
26.41279,94.02537,0.02,526.61,73.04,0,Clear,0.6013,2,Warning
24.0312,91.96269,69.52,246.52,49.84,1,Light Rain,0.4732,1,Watch
25.09983,94.82372,6.32,49.99,22.36,3,Extreme Storm,0.2345,0,Safe
21.87409,96.85087,100.91,120.82,55.55,2,Heavy Rain,0.4479,1,Watch
25.55042,94.13372,1.09,34.24,19.19,2,Heavy Rain,0.1209,0,Safe
23.8722,88.87119,0.78,18.38,42.99,0,Clear,0.1106,0,Safe
25.65147,91.91746,12.01,133.66,40.0,1,Light Rain,0.2843,1,Watch
27.75821,91.406,2.06,250.97,37.7,2,Heavy Rain,0.3526,1,Watch
25.2402,97.10286,45.27,5.34,79.28,2,Heavy Rain,0.2692,1,Watch
26.51218,90.71377,12.59,388.8,94.21,3,Extreme Storm,0.5642,2,Warning
26.08422,90.33161,2.34,192.81,87.29,1,Light Rain,0.3786,1,Watch
27.64648,93.66035,97.01,248.27,97.87,0,Clear,0.5933,2,Warning
24.80247,93.51572,2.5,64.87,53.87,3,Extreme Storm,0.2729,1,Watch
22.44835,88.14447,22.93,398.05,40.2,3,Extreme Storm,0.484,1,Watch
27.44774,91.76156,3.56,118.89,14.96,3,Extreme Storm,0.1832,0,Safe
26.53874,89.36045,0.93,118.31,99.15,2,Heavy Rain,0.4315,1,Watch
25.98996,93.29609,22.28,18.43,57.21,0,Clear,0.1964,0,Safe
26.5163,91.40299,1.57,108.38,85.82,0,Clear,0.3566,1,Watch
28.36732,94.65655,0.26,87.37,70.77,2,Heavy Rain,0.2503,1,Watch
28.80517,89.16083,29.15,352.02,17.42,0,Clear,0.3545,1,Watch
25.92228,91.84261,54.53,22.61,23.05,3,Extreme Storm,0.2855,1,Watch
25.03438,93.35335,4.89,175.91,61.67,1,Light Rain,0.3468,1,Watch
25.09485,95.4564,24.0,138.22,29.03,0,Clear,0.2378,0,Safe
29.0711,90.51068,12.62,205.89,67.07,0,Clear,0.3057,1,Watch
26.42445,92.53576,1.42,25.48,73.01,1,Light Rain,0.228,0,Safe
28.066,91.95663,14.53,252.99,13.65,2,Heavy Rain,0.3003,1,Watch
23.23414,95.70398,0.64,17.58,69.1,2,Heavy Rain,0.2121,0,Safe
28.62447,90.66585,13.43,73.34,71.69,0,Clear,0.2918,1,Watch
22.70223,95.0356,40.97,33.68,23.52,2,Heavy Rain,0.1172,0,Safe
25.52309,90.51144,0.94,33.58,34.07,0,Clear,0.0627,0,Safe
28.2065,90.73731,3.93,92.91,46.69,0,Clear,0.1181,0,Safe
25.73431,90.67993,33.72,360.3,20.31,1,Light Rain,0.4245,1,Watch
25.58547,89.26291,1.99,27.83,76.03,2,Heavy Rain,0.2872,1,Watch
22.54547,93.78314,6.85,13.65,12.16,3,Extreme Storm,0.1296,0,Safe
24.81777,88.98238,62.12,107.97,54.82,1,Light Rain,0.3497,1,Watch
26.86176,91.61677,1.49,104.55,79.27,0,Clear,0.2809,1,Watch
22.38306,91.28852,5.56,99.19,75.44,3,Extreme Storm,0.3144,1,Watch
24.21099,97.30042,2.59,14.35,26.82,1,Light Rain,0.1201,0,Safe
26.27505,89.74554,101.9,44.33,77.24,1,Light Rain,0.4814,1,Watch
27.28148,90.65004,7.98,87.48,31.53,3,Extreme Storm,0.313,1,Watch
26.22681,94.2126,13.48,20.21,17.8,1,Light Rain,0.1479,0,Safe
25.71296,90.45672,1.49,41.09,27.92,1,Light Rain,0.1433,0,Safe
23.74113,93.17341,12.2,89.36,77.58,1,Light Rain,0.3442,1,Watch
26.83515,92.96679,40.35,23.81,63.22,2,Heavy Rain,0.3361,1,Watch
24.39181,90.37176,4.17,180.95,57.47,3,Extreme Storm,0.3263,1,Watch
24.69369,93.3478,41.46,501.61,64.66,0,Clear,0.5286,2,Warning
24.13751,92.10458,30.17,329.87,87.99,1,Light Rain,0.5489,2,Warning
27.33302,93.46671,1.57,294.13,24.25,3,Extreme Storm,0.3326,1,Watch
22.44694,94.22355,7.54,30.61,78.82,0,Clear,0.189,0,Safe
25.50573,95.0601,0.78,92.69,14.31,0,Clear,0.1504,0,Safe
29.11053,89.72491,15.21,128.37,58.62,1,Light Rain,0.2933,1,Watch
25.9544,88.83534,0.06,101.98,20.72,2,Heavy Rain,0.184,0,Safe
29.18783,97.30575,57.74,21.04,61.34,2,Heavy Rain,0.2822,1,Watch
26.14648,93.47563,2.12,31.71,24.27,0,Clear,0.0674,0,Safe
26.7933,90.35728,2.06,251.18,25.92,0,Clear,0.222,0,Safe
24.53136,91.40992,63.18,360.71,22.17,2,Heavy Rain,0.4317,1,Watch
22.48524,91.6315,0.81,395.31,72.08,0,Clear,0.3965,1,Watch
25.24735,95.90097,1.23,72.69,76.33,1,Light Rain,0.3446,1,Watch
23.94037,97.01889,26.68,26.84,78.5,2,Heavy Rain,0.3817,1,Watch
26.46092,91.93706,122.45,451.75,47.58,0,Clear,0.62,2,Warning
24.49098,90.21169,2.05,229.45,63.04,2,Heavy Rain,0.3276,1,Watch
27.7873,94.63019,12.64,3.56,49.91,1,Light Rain,0.1125,0,Safe
22.69732,88.63017,66.32,84.69,34.88,1,Light Rain,0.2695,1,Watch
27.18184,94.21254,62.53,35.71,25.28,0,Clear,0.1011,0,Safe
22.13863,92.21946,0.85,52.89,66.45,2,Heavy Rain,0.2514,1,Watch
27.4621,92.2408,2.74,63.39,39.01,3,Extreme Storm,0.1635,0,Safe
22.52335,92.14206,36.48,56.81,63.83,2,Heavy Rain,0.3211,1,Watch
24.82982,91.35949,150.0,90.68,21.95,1,Light Rain,0.4065,1,Watch
27.08111,91.72519,10.43,56.02,91.91,2,Heavy Rain,0.3437,1,Watch
26.62324,92.75221,10.25,23.34,67.06,1,Light Rain,0.3205,1,Watch
25.94193,92.01099,22.58,117.8,42.01,3,Extreme Storm,0.3129,1,Watch
22.53666,95.0555,2.02,14.15,62.3,1,Light Rain,0.2711,1,Watch
29.40388,96.34753,74.94,72.99,36.34,0,Clear,0.2763,1,Watch
21.6627,90.79627,3.82,3.0,73.3,0,Clear,0.2721,1,Watch
26.11138,89.84695,5.7,562.26,20.37,1,Light Rain,0.3984,1,Watch
29.33636,91.61646,9.43,20.82,63.61,1,Light Rain,0.1787,0,Safe
27.11016,88.95275,0.49,100.33,39.71,0,Clear,0.1555,0,Safe
23.96389,97.4642,0.26,155.48,16.26,0,Clear,0.2088,0,Safe
25.01648,95.78569,1.99,1.35,40.42,1,Light Rain,0.1291,0,Safe
26.58406,92.20473,1.25,214.28,40.19,1,Light Rain,0.2516,1,Watch
25.63393,90.51005,34.15,340.82,21.38,1,Light Rain,0.3952,1,Watch
26.48927,88.83205,41.57,115.03,10.39,1,Light Rain,0.2415,0,Safe
23.27443,97.11791,47.5,181.48,76.88,2,Heavy Rain,0.4283,1,Watch
29.43945,96.95091,40.75,235.45,57.61,3,Extreme Storm,0.4414,1,Watch
28.65787,95.87094,8.79,38.51,46.83,1,Light Rain,0.2585,1,Watch
28.68956,89.28732,9.26,71.5,43.68,3,Extreme Storm,0.3223,1,Watch
28.02671,94.7116,1.9,208.42,35.96,0,Clear,0.2926,1,Watch
26.73275,95.50153,0.17,25.25,89.53,2,Heavy Rain,0.3452,1,Watch
28.07489,95.69892,3.75,92.6,44.97,2,Heavy Rain,0.2129,0,Safe
22.52268,90.55691,1.19,82.88,19.71,0,Clear,0.1052,0,Safe
24.90493,96.04996,40.39,7.64,63.06,2,Heavy Rain,0.2543,1,Watch
26.17356,91.3789,1.14,139.12,62.63,3,Extreme Storm,0.3902,1,Watch
24.0951,92.43397,142.62,6.76,79.33,3,Extreme Storm,0.5188,2,Warning
27.86452,91.80505,8.34,80.86,40.28,2,Heavy Rain,0.1667,0,Safe
25.33463,89.07005,49.41,125.46,67.89,2,Heavy Rain,0.4069,1,Watch
28.67927,91.59996,3.67,112.12,91.15,0,Clear,0.3537,1,Watch
27.40755,92.02849,56.27,109.56,31.6,0,Clear,0.1907,0,Safe
25.80702,91.70988,105.06,105.61,95.75,1,Light Rain,0.5132,2,Warning
25.60307,90.75309,1.75,40.74,80.67,1,Light Rain,0.2429,0,Safe
27.38475,89.94296,90.12,150.0,26.65,1,Light Rain,0.3898,1,Watch
28.37227,90.71632,44.04,156.6,31.37,2,Heavy Rain,0.241,0,Safe
26.19257,93.30551,138.52,285.07,66.46,1,Light Rain,0.6658,2,Warning
29.00753,92.94244,0.92,18.89,96.61,2,Heavy Rain,0.2941,1,Watch
22.39689,91.01086,6.1,213.75,12.81,2,Heavy Rain,0.245,0,Safe
26.49529,94.02222,1.72,70.53,87.37,2,Heavy Rain,0.3693,1,Watch
25.59781,95.7327,46.02,42.02,30.12,2,Heavy Rain,0.3058,1,Watch
25.39691,96.47385,1.64,84.05,14.93,2,Heavy Rain,0.1648,0,Safe
25.23979,88.65952,20.14,60.62,33.72,2,Heavy Rain,0.1959,0,Safe
28.7402,97.00785,0.89,451.0,62.28,0,Clear,0.4366,1,Watch
22.03849,91.49168,1.04,17.05,76.79,2,Heavy Rain,0.3184,1,Watch
23.02046,91.86022,5.67,241.68,16.73,0,Clear,0.177,0,Safe
29.41437,90.84202,3.42,51.9,17.53,2,Heavy Rain,0.164,0,Safe
25.13567,97.44679,45.91,0.27,30.47,0,Clear,0.1532,0,Safe
21.52168,91.54987,0.21,302.47,79.46,3,Extreme Storm,0.531,2,Warning
26.67055,88.48893,98.09,376.32,14.78,2,Heavy Rain,0.5193,2,Warning
24.7333,94.17342,53.98,96.35,64.15,0,Clear,0.2972,1,Watch
29.33608,92.22417,12.15,32.47,48.06,1,Light Rain,0.1752,0,Safe
25.73169,90.59573,9.93,199.6,27.04,2,Heavy Rain,0.263,1,Watch
26.50164,96.12734,19.36,156.84,40.5,0,Clear,0.1829,0,Safe
28.16259,93.73296,12.58,15.45,36.07,1,Light Rain,0.175,0,Safe
25.51255,91.91605,17.48,202.59,77.3,0,Clear,0.3658,1,Watch
22.14736,92.40316,108.58,152.12,16.55,2,Heavy Rain,0.3318,1,Watch
26.40867,91.71292,51.51,91.55,82.45,0,Clear,0.3368,1,Watch
27.92284,92.92306,35.68,473.34,18.54,1,Light Rain,0.4437,1,Watch
26.12917,93.08523,131.99,600.0,40.44,1,Light Rain,0.731,2,Warning
24.16848,92.14222,0.42,42.63,66.6,0,Clear,0.1908,0,Safe
29.06516,91.85149,51.03,62.69,67.18,3,Extreme Storm,0.3905,1,Watch
25.97441,96.97484,30.5,112.11,80.25,1,Light Rain,0.3953,1,Watch
25.75482,94.94054,15.98,23.89,45.76,0,Clear,0.1568,0,Safe
25.98794,92.79058,9.9,57.56,51.61,2,Heavy Rain,0.2743,1,Watch
23.70284,91.03854,2.19,67.7,85.62,3,Extreme Storm,0.3072,1,Watch
27.13409,95.90418,1.57,40.2,20.43,3,Extreme Storm,0.138,0,Safe
24.4348,92.50241,2.75,10.03,29.43,1,Light Rain,0.0632,0,Safe
26.08147,92.54994,51.62,9.9,17.33,1,Light Rain,0.1535,0,Safe
25.13167,92.09853,28.55,248.44,10.84,3,Extreme Storm,0.3425,1,Watch
25.05319,92.31375,52.09,157.03,19.35,0,Clear,0.3066,1,Watch
25.18834,94.23868,138.17,77.92,24.13,2,Heavy Rain,0.376,1,Watch
25.22024,93.69648,0.16,93.21,98.37,0,Clear,0.3423,1,Watch
27.0405,91.84083,14.73,11.56,27.09,1,Light Rain,0.1,0,Safe
26.75122,93.51579,27.42,70.81,39.15,3,Extreme Storm,0.2917,1,Watch
25.53746,91.72498,3.01,253.33,13.25,1,Light Rain,0.2343,0,Safe
27.1982,88.09718,24.83,400.86,25.15,1,Light Rain,0.3679,1,Watch
26.03068,90.70911,2.13,31.95,59.23,0,Clear,0.1391,0,Safe
23.70502,91.62531,15.2,36.18,72.07,1,Light Rain,0.3269,1,Watch
25.55508,94.14691,16.9,212.2,54.16,0,Clear,0.2837,1,Watch
26.75735,96.52026,0.75,43.46,72.12,3,Extreme Storm,0.3505,1,Watch
27.6881,90.95286,122.1,82.09,42.21,2,Heavy Rain,0.4576,1,Watch
25.03655,94.18178,2.22,100.42,76.58,0,Clear,0.2377,0,Safe
28.55333,96.03821,3.58,246.03,50.03,1,Light Rain,0.3283,1,Watch
26.46622,90.6047,64.43,2.07,45.49,2,Heavy Rain,0.294,1,Watch
22.56423,95.13441,6.48,58.54,29.88,0,Clear,0.144,0,Safe
26.29641,92.05278,18.61,32.58,21.64,0,Clear,0.0906,0,Safe
26.62253,90.11436,24.09,32.3,42.27,1,Light Rain,0.1404,0,Safe
29.29105,91.8484,41.14,93.8,81.2,0,Clear,0.3061,1,Watch
28.65459,92.35485,0.02,7.96,53.12,1,Light Rain,0.2181,0,Safe
25.9011,92.05372,13.16,361.97,37.09,3,Extreme Storm,0.4547,1,Watch
24.01578,88.96611,2.19,65.1,61.8,1,Light Rain,0.2181,0,Safe
21.94422,88.63045,1.25,42.78,39.78,2,Heavy Rain,0.1377,0,Safe
25.6845,88.99222,1.83,223.46,50.88,2,Heavy Rain,0.3954,1,Watch
22.48525,93.72896,9.39,0.15,32.15,0,Clear,0.0878,0,Safe
25.20241,92.27986,11.01,594.01,73.36,2,Heavy Rain,0.7079,2,Warning
24.25178,91.768,8.11,0.33,18.53,0,Clear,0.0874,0,Safe
25.2775,90.01254,83.62,147.19,70.16,3,Extreme Storm,0.5447,2,Warning
25.09459,91.7031,20.19,401.82,49.99,0,Clear,0.4929,1,Watch
27.49172,93.36341,44.99,484.42,88.47,3,Extreme Storm,0.7239,2,Warning
21.65691,88.77743,1.71,42.06,57.82,2,Heavy Rain,0.2368,0,Safe
26.54842,92.38381,28.06,7.33,27.06,0,Clear,0.1819,0,Safe
25.42623,88.81892,51.9,146.3,11.11,0,Clear,0.2452,0,Safe
26.24834,91.64077,12.3,14.31,74.05,0,Clear,0.187,0,Safe
23.42645,88.74495,0.99,168.54,37.46,0,Clear,0.2494,0,Safe
26.85266,94.01402,13.06,90.37,69.05,2,Heavy Rain,0.3819,1,Watch
25.23406,91.11896,5.85,90.34,50.96,1,Light Rain,0.1387,0,Safe
24.2065,89.4335,1.59,5.99,36.38,2,Heavy Rain,0.1145,0,Safe
28.46136,94.30174,9.77,222.14,26.32,0,Clear,0.1978,0,Safe
29.48129,88.65658,2.9,50.43,56.69,0,Clear,0.2091,0,Safe
29.48583,93.16062,1.13,48.38,49.08,2,Heavy Rain,0.255,1,Watch
23.43331,88.87465,2.97,232.72,13.49,2,Heavy Rain,0.2813,1,Watch
24.68046,94.71693,0.25,27.33,11.71,1,Light Rain,0.1163,0,Safe
22.28489,88.00226,5.49,242.59,25.07,0,Clear,0.1892,0,Safe
29.08411,93.34974,6.3,92.02,37.13,1,Light Rain,0.1498,0,Safe
24.97502,92.69953,21.6,99.23,61.55,1,Light Rain,0.3395,1,Watch
23.61633,92.13349,37.88,293.77,34.36,2,Heavy Rain,0.4157,1,Watch
26.38926,96.95244,53.17,126.09,56.15,1,Light Rain,0.3947,1,Watch
26.25091,91.26324,20.91,39.77,92.61,3,Extreme Storm,0.365,1,Watch
21.52909,92.48518,4.14,420.85,24.17,1,Light Rain,0.339,1,Watch
28.91163,92.37577,2.75,483.82,87.31,0,Clear,0.4946,1,Watch
26.88929,93.37416,44.22,106.72,42.78,0,Clear,0.2838,1,Watch
27.52079,89.8792,15.28,165.65,20.24,1,Light Rain,0.2651,1,Watch
23.54728,93.434,2.0,43.4,73.79,2,Heavy Rain,0.3051,1,Watch
25.02198,92.64835,36.2,161.21,64.83,3,Extreme Storm,0.4106,1,Watch
28.11682,95.54057,49.36,44.96,53.8,0,Clear,0.2722,1,Watch
26.81055,91.28671,2.11,349.33,89.39,0,Clear,0.4843,1,Watch
26.6068,95.77405,1.79,76.79,98.01,3,Extreme Storm,0.3182,1,Watch
26.60688,93.68721,11.29,111.19,51.64,0,Clear,0.208,0,Safe
23.99336,92.51218,1.16,115.41,13.34,2,Heavy Rain,0.1901,0,Safe
28.85976,91.29828,0.86,89.5,34.94,1,Light Rain,0.2261,0,Safe
27.85462,93.11952,0.79,104.25,72.27,1,Light Rain,0.2814,1,Watch
25.8629,93.40771,38.1,40.64,23.68,0,Clear,0.1558,0,Safe
21.73174,91.29591,0.84,249.3,45.76,2,Heavy Rain,0.346,1,Watch
26.23136,95.87373,12.94,26.83,49.05,2,Heavy Rain,0.2394,0,Safe
25.36424,91.93127,53.2,516.6,75.71,1,Light Rain,0.6009,2,Warning
26.33532,94.80472,0.76,14.78,87.54,1,Light Rain,0.2391,0,Safe
26.64832,91.7308,2.36,35.24,83.98,2,Heavy Rain,0.2148,0,Safe
29.22048,93.51842,46.59,79.5,53.16,1,Light Rain,0.2792,1,Watch
27.6729,96.48308,13.06,41.89,26.07,2,Heavy Rain,0.2014,0,Safe
22.6958,94.44975,1.51,155.31,44.98,0,Clear,0.1868,0,Safe
26.95539,91.10744,35.01,20.24,37.42,3,Extreme Storm,0.2553,1,Watch
23.62053,92.45283,16.76,16.79,60.53,1,Light Rain,0.2394,0,Safe
26.77496,91.31362,40.65,113.59,87.89,0,Clear,0.4721,1,Watch
25.79275,92.41398,7.36,600.0,25.74,0,Clear,0.4733,1,Watch
22.10176,92.44171,9.93,44.38,98.11,2,Heavy Rain,0.3868,1,Watch
23.31864,92.98901,1.03,3.69,75.32,0,Clear,0.185,0,Safe
25.13593,88.28486,20.72,23.84,51.35,3,Extreme Storm,0.293,1,Watch
24.94453,91.91353,0.99,419.21,52.92,1,Light Rain,0.4456,1,Watch
21.73215,90.35498,1.96,27.29,71.36,2,Heavy Rain,0.2496,0,Safe
25.50203,88.42538,51.1,40.81,90.67,2,Heavy Rain,0.3976,1,Watch
24.73385,94.16117,1.21,388.94,11.86,1,Light Rain,0.3742,1,Watch
24.01355,93.7681,0.32,7.77,36.18,2,Heavy Rain,0.1744,0,Safe
25.38946,96.33225,45.72,17.75,21.41,3,Extreme Storm,0.1937,0,Safe
24.67554,89.88101,14.45,31.55,33.55,1,Light Rain,0.1454,0,Safe
23.05429,91.44109,6.58,25.8,89.77,2,Heavy Rain,0.2836,1,Watch
25.90284,93.91865,30.31,81.11,18.09,2,Heavy Rain,0.2536,1,Watch
24.29385,94.98215,13.68,72.98,34.86,1,Light Rain,0.1616,0,Safe
25.58677,92.92208,0.13,5.37,55.88,1,Light Rain,0.2113,0,Safe
22.22038,90.93428,0.1,19.24,66.73,1,Light Rain,0.2522,1,Watch
25.09307,96.15129,40.24,340.93,23.97,1,Light Rain,0.3934,1,Watch
25.25726,94.40978,4.57,9.55,17.85,1,Light Rain,0.1137,0,Safe
26.55339,93.11201,128.94,110.32,63.22,3,Extreme Storm,0.5264,2,Warning
26.72241,91.22107,117.96,120.16,73.87,1,Light Rain,0.5287,2,Warning
26.02578,90.57013,148.35,65.62,99.77,2,Heavy Rain,0.5575,2,Warning
26.92714,94.01786,9.24,100.16,13.47,1,Light Rain,0.1307,0,Safe
23.73462,92.39313,4.73,105.41,31.96,1,Light Rain,0.1791,0,Safe
26.50674,92.3058,50.63,35.56,16.34,0,Clear,0.1884,0,Safe
22.61681,88.42264,14.43,99.55,92.33,2,Heavy Rain,0.4561,1,Watch
22.71155,91.75042,39.35,340.52,39.22,2,Heavy Rain,0.4391,1,Watch
23.90105,90.9556,1.53,20.06,91.43,1,Light Rain,0.274,1,Watch
23.91981,88.5647,0.61,329.69,37.79,1,Light Rain,0.3014,1,Watch
24.7069,92.02414,56.94,56.82,12.99,3,Extreme Storm,0.2619,1,Watch
28.02114,88.41184,5.67,56.85,47.06,0,Clear,0.2091,0,Safe
27.05034,96.07689,3.76,298.41,66.39,3,Extreme Storm,0.3994,1,Watch
25.87351,92.24237,2.79,53.38,22.18,1,Light Rain,0.1298,0,Safe
23.38092,93.32209,3.17,17.18,63.08,3,Extreme Storm,0.3032,1,Watch
29.28765,95.37301,0.39,314.11,20.72,3,Extreme Storm,0.3641,1,Watch
26.93617,93.36757,131.3,251.14,86.82,0,Clear,0.5957,2,Warning
28.62345,92.11186,1.8,74.78,71.99,2,Heavy Rain,0.3346,1,Watch
22.5593,94.71805,1.73,223.5,89.7,2,Heavy Rain,0.4104,1,Watch
25.11903,92.76091,2.18,11.2,23.87,0,Clear,0.0396,0,Safe
25.6015,88.78752,7.71,330.96,90.79,3,Extreme Storm,0.4866,1,Watch
24.11121,94.60548,6.58,308.86,77.02,2,Heavy Rain,0.4891,1,Watch
22.65656,92.76038,7.19,252.72,81.84,0,Clear,0.3939,1,Watch
22.07142,97.05136,16.59,131.86,54.93,0,Clear,0.2299,0,Safe
24.01963,92.7668,0.12,195.62,67.15,1,Light Rain,0.2961,1,Watch
29.43673,95.81279,38.66,72.68,71.07,0,Clear,0.2887,1,Watch
23.36546,90.81857,65.84,246.92,38.96,0,Clear,0.3756,1,Watch
26.82289,88.5766,5.26,230.16,51.33,3,Extreme Storm,0.3426,1,Watch
23.6612,88.75863,100.31,339.84,41.25,2,Heavy Rain,0.4857,1,Watch
23.43861,94.97472,7.69,236.53,42.71,2,Heavy Rain,0.2749,1,Watch
25.87024,89.31768,7.95,18.82,34.96,0,Clear,0.055,0,Safe
22.89632,88.02911,2.92,7.31,19.74,0,Clear,0.0109,0,Safe
21.561,94.20985,89.28,53.21,13.46,1,Light Rain,0.2479,0,Safe
29.3953,90.70048,1.38,57.31,37.83,2,Heavy Rain,0.2051,0,Safe
26.48517,97.35165,0.84,5.28,70.29,0,Clear,0.1739,0,Safe
28.92361,92.98065,4.7,72.86,73.56,0,Clear,0.2547,1,Watch
25.90641,91.40078,64.7,110.69,95.32,3,Extreme Storm,0.536,2,Warning
26.02101,91.28557,0.47,160.71,80.99,2,Heavy Rain,0.3903,1,Watch
21.98029,89.4575,43.65,85.64,40.44,2,Heavy Rain,0.3012,1,Watch
22.99652,91.48797,126.37,166.84,11.36,1,Light Rain,0.3413,1,Watch
25.91046,94.504,49.1,72.16,12.1,0,Clear,0.1068,0,Safe
21.77765,92.20443,11.22,135.8,75.41,0,Clear,0.2753,1,Watch
25.75459,94.38252,8.3,21.02,17.68,3,Extreme Storm,0.2174,0,Safe
26.135,95.28737,0.92,0.78,28.26,1,Light Rain,0.1998,0,Safe
25.87134,91.32947,150.0,81.25,81.84,2,Heavy Rain,0.5977,2,Warning
26.57164,88.33696,1.96,5.87,56.49,1,Light Rain,0.1961,0,Safe
22.52847,89.18977,0.69,43.35,58.83,2,Heavy Rain,0.2865,1,Watch
26.78815,88.85144,8.37,462.53,87.84,0,Clear,0.6024,2,Warning
24.79929,92.07867,59.57,84.67,86.37,1,Light Rain,0.3681,1,Watch
26.48513,93.9057,9.86,25.99,34.15,1,Light Rain,0.2686,1,Watch
28.72512,93.60356,21.28,76.35,38.78,0,Clear,0.2468,0,Safe
27.11396,92.40321,1.64,357.53,50.73,1,Light Rain,0.3466,1,Watch
24.94451,91.50481,39.4,127.68,65.97,1,Light Rain,0.3091,1,Watch
27.19464,91.38615,16.09,5.75,85.8,1,Light Rain,0.3912,1,Watch
21.67069,93.00549,91.14,182.36,96.2,1,Light Rain,0.5888,2,Warning
25.01008,94.9109,10.05,462.99,17.82,0,Clear,0.3461,1,Watch
25.38546,93.44757,10.92,26.65,58.77,1,Light Rain,0.2194,0,Safe
23.59148,95.20479,5.21,77.79,40.92,1,Light Rain,0.2263,0,Safe
23.92132,92.66007,14.55,253.54,31.85,2,Heavy Rain,0.3751,1,Watch
23.05027,94.78337,9.53,25.95,32.33,0,Clear,0.1687,0,Safe
24.72196,91.17551,8.48,35.74,68.95,1,Light Rain,0.2534,1,Watch
27.13641,88.10584,23.49,230.47,86.65,3,Extreme Storm,0.5206,2,Warning
25.57775,89.92292,8.43,111.15,88.7,1,Light Rain,0.3287,1,Watch
25.37366,91.36725,0.02,77.35,48.68,0,Clear,0.1361,0,Safe
29.06483,93.62076,31.72,143.67,36.45,2,Heavy Rain,0.2674,1,Watch
27.58056,95.11446,34.24,175.19,41.9,0,Clear,0.2729,1,Watch
24.57395,89.46705,16.92,84.28,89.6,1,Light Rain,0.3555,1,Watch
25.54762,96.5809,1.5,111.4,99.23,3,Extreme Storm,0.3666,1,Watch
26.61432,91.30751,62.82,422.12,53.83,3,Extreme Storm,0.7025,2,Warning
23.75679,93.74858,85.79,503.04,72.38,0,Clear,0.6315,2,Warning
26.5038,92.91303,0.71,533.31,45.49,1,Light Rain,0.4695,1,Watch
26.97172,93.518,1.86,53.75,69.05,1,Light Rain,0.2438,0,Safe
28.89063,97.08469,0.01,24.1,14.86,0,Clear,0.0,0,Safe
23.63567,92.39342,0.31,164.38,23.61,0,Clear,0.1836,0,Safe
24.33516,88.65638,15.06,19.99,47.73,1,Light Rain,0.1515,0,Safe
26.07653,88.3577,28.18,165.18,98.04,0,Clear,0.3253,1,Watch
25.82933,90.99062,112.04,109.85,47.28,3,Extreme Storm,0.4839,1,Watch
27.55112,93.84133,1.78,96.08,52.69,1,Light Rain,0.2378,0,Safe
24.97487,92.66341,65.78,98.33,33.93,1,Light Rain,0.3711,1,Watch
24.19941,88.45164,0.91,100.62,47.71,2,Heavy Rain,0.2617,1,Watch
26.99223,90.80988,13.79,199.99,39.36,1,Light Rain,0.2949,1,Watch
21.91267,92.01691,7.58,40.95,40.91,2,Heavy Rain,0.2105,0,Safe
27.34814,96.63656,82.51,139.99,53.05,0,Clear,0.2603,1,Watch
24.49651,89.53546,0.38,376.32,43.32,1,Light Rain,0.3962,1,Watch
23.52619,90.90531,2.36,224.74,30.68,2,Heavy Rain,0.2952,1,Watch
29.26061,95.53561,35.29,2.43,33.18,1,Light Rain,0.1709,0,Safe
26.68971,96.37619,41.74,228.56,58.41,0,Clear,0.3346,1,Watch
24.42699,89.29365,25.31,290.43,69.37,2,Heavy Rain,0.4985,1,Watch
25.84562,94.06955,17.2,236.15,23.76,1,Light Rain,0.2398,0,Safe
24.5606,91.65144,85.82,132.27,90.78,1,Light Rain,0.5197,2,Warning
28.54793,96.47739,16.83,16.5,36.82,3,Extreme Storm,0.2466,0,Safe
26.02944,92.81184,34.56,541.23,65.84,3,Extreme Storm,0.7391,2,Warning
26.08979,91.04583,12.14,15.52,76.89,0,Clear,0.2043,0,Safe
28.19632,91.07212,39.25,112.22,20.96,1,Light Rain,0.2794,1,Watch
25.29606,93.36615,120.15,153.84,70.31,1,Light Rain,0.5204,2,Warning
25.23459,93.19316,46.11,600.0,11.72,0,Clear,0.5031,2,Warning
28.67305,92.87191,0.52,290.58,17.23,0,Clear,0.2035,0,Safe
23.90997,93.44607,31.8,6.78,28.66,1,Light Rain,0.1783,0,Safe
23.48101,94.16552,19.99,14.07,55.86,1,Light Rain,0.1966,0,Safe
23.25494,89.90821,124.87,62.47,56.4,2,Heavy Rain,0.4563,1,Watch
24.63978,97.37978,9.81,16.34,65.58,1,Light Rain,0.2556,1,Watch
24.46594,92.5113,0.7,127.49,32.07,2,Heavy Rain,0.2318,0,Safe
25.11199,97.02101,1.2,26.72,58.03,2,Heavy Rain,0.2442,0,Safe
26.16066,92.81627,0.41,380.39,97.98,2,Heavy Rain,0.6264,2,Warning
28.38672,88.21943,29.45,39.87,49.76,1,Light Rain,0.2559,1,Watch
25.06758,92.72116,68.21,43.61,19.71,3,Extreme Storm,0.2649,1,Watch
27.12604,88.19947,0.96,251.66,85.47,1,Light Rain,0.4002,1,Watch
28.85392,93.72129,6.59,116.79,12.29,1,Light Rain,0.1585,0,Safe
25.10998,95.00368,0.39,495.21,91.5,1,Light Rain,0.6777,2,Warning
25.60046,94.02571,33.5,0.57,61.98,1,Light Rain,0.1911,0,Safe
25.91755,94.8099,4.9,102.58,46.42,0,Clear,0.2002,0,Safe
26.81382,94.78449,0.9,131.0,19.0,1,Light Rain,0.2243,0,Safe
28.54847,91.68438,8.96,79.11,63.45,0,Clear,0.2509,1,Watch
22.67984,90.91986,0.64,31.22,61.48,3,Extreme Storm,0.2703,1,Watch
25.82361,96.5849,20.21,461.17,73.56,2,Heavy Rain,0.5229,2,Warning
25.84077,92.01068,0.73,488.15,23.3,1,Light Rain,0.4787,1,Watch
21.61617,91.31644,33.88,15.9,55.74,1,Light Rain,0.2208,0,Safe
27.89298,95.56925,43.0,45.22,97.3,3,Extreme Storm,0.407,1,Watch
26.09552,93.12895,39.97,217.59,15.87,3,Extreme Storm,0.3614,1,Watch
25.47534,88.51342,0.71,412.78,48.32,0,Clear,0.4543,1,Watch
23.79275,91.45185,2.18,210.14,48.99,2,Heavy Rain,0.349,1,Watch
22.17806,88.98184,1.06,84.23,92.93,3,Extreme Storm,0.3757,1,Watch
24.83643,92.2916,14.08,37.43,54.0,1,Light Rain,0.2267,0,Safe
23.21092,90.28121,25.22,58.66,31.18,3,Extreme Storm,0.2638,1,Watch
26.51047,91.43833,1.17,28.88,20.64,3,Extreme Storm,0.1541,0,Safe
26.17248,92.53234,5.96,57.09,44.16,2,Heavy Rain,0.2278,0,Safe
28.72328,92.7236,12.24,17.28,56.74,2,Heavy Rain,0.2075,0,Safe
26.34066,93.75935,12.59,127.59,71.62,1,Light Rain,0.2789,1,Watch
28.26483,93.57105,75.23,55.23,39.5,3,Extreme Storm,0.3831,1,Watch
29.39284,93.75118,119.65,79.55,59.96,1,Light Rain,0.4199,1,Watch
27.30862,91.79389,1.48,558.21,28.56,1,Light Rain,0.4783,1,Watch
24.97133,90.35891,67.12,37.48,47.34,2,Heavy Rain,0.291,1,Watch
26.04064,95.44407,4.77,437.45,33.42,3,Extreme Storm,0.4605,1,Watch
24.03613,91.72442,45.65,134.45,21.13,2,Heavy Rain,0.2659,1,Watch
26.35766,93.40603,15.01,300.2,77.54,0,Clear,0.3955,1,Watch
27.44224,93.09187,10.15,38.8,26.37,1,Light Rain,0.1257,0,Safe
26.08174,92.49503,1.73,418.39,39.29,2,Heavy Rain,0.4546,1,Watch
25.79194,88.01408,39.66,357.29,15.72,1,Light Rain,0.4325,1,Watch
26.46712,89.72425,0.15,10.61,51.74,3,Extreme Storm,0.2671,1,Watch
27.95849,94.33404,14.07,9.9,23.73,3,Extreme Storm,0.176,0,Safe
26.15872,92.48319,23.84,104.06,49.76,1,Light Rain,0.2415,0,Safe
28.87342,90.55526,72.14,124.63,22.38,1,Light Rain,0.2214,0,Safe
24.35099,93.04489,3.44,493.61,37.4,0,Clear,0.4014,1,Watch
25.23628,90.86302,71.52,51.99,97.31,2,Heavy Rain,0.4199,1,Watch
24.49435,92.05964,19.13,104.49,95.5,1,Light Rain,0.3758,1,Watch
29.40354,97.31767,19.05,9.0,52.11,2,Heavy Rain,0.3014,1,Watch
25.6448,90.53671,5.78,600.0,97.28,2,Heavy Rain,0.7037,2,Warning
22.25252,95.48482,0.35,158.95,59.5,1,Light Rain,0.2305,0,Safe
27.02703,93.48214,85.97,59.12,82.67,0,Clear,0.3815,1,Watch
28.8782,96.69961,56.37,103.92,53.0,3,Extreme Storm,0.3781,1,Watch
23.15748,93.08489,106.02,295.24,10.45,1,Light Rain,0.4834,1,Watch
23.70822,90.82343,0.64,105.91,49.59,1,Light Rain,0.1536,0,Safe
21.64238,89.88735,40.65,10.9,56.6,2,Heavy Rain,0.2435,0,Safe
28.39468,91.94487,0.9,227.74,46.89,2,Heavy Rain,0.3677,1,Watch
28.50452,91.66767,1.76,115.39,47.38,0,Clear,0.1355,0,Safe
23.35875,94.80345,2.57,329.0,87.69,2,Heavy Rain,0.5324,2,Warning
23.22621,91.27458,4.91,0.82,15.81,1,Light Rain,0.055,0,Safe
23.29218,88.47254,37.12,40.06,39.68,2,Heavy Rain,0.2955,1,Watch
27.93021,88.07624,0.09,101.36,77.45,3,Extreme Storm,0.3594,1,Watch
27.99248,89.76558,0.96,211.5,71.34,0,Clear,0.3146,1,Watch
24.47486,93.7774,1.94,121.48,10.89,3,Extreme Storm,0.2354,0,Safe
21.58146,91.01551,47.02,94.96,39.96,3,Extreme Storm,0.3423,1,Watch
28.37666,93.18183,3.47,166.34,38.71,1,Light Rain,0.1973,0,Safe
22.15499,92.11474,65.93,145.44,76.53,0,Clear,0.3773,1,Watch
24.67322,90.36407,2.11,500.88,34.71,2,Heavy Rain,0.4258,1,Watch
26.27908,96.08254,1.33,428.13,53.52,1,Light Rain,0.4202,1,Watch
24.73197,91.09977,70.11,5.1,63.94,0,Clear,0.1945,0,Safe
24.97375,96.30646,1.17,220.53,10.4,0,Clear,0.2685,1,Watch
24.74933,95.65053,1.17,8.97,42.1,0,Clear,0.1121,0,Safe
26.4925,90.75646,61.38,466.62,64.96,0,Clear,0.5971,2,Warning
26.4172,92.56424,13.32,192.07,46.89,2,Heavy Rain,0.3007,1,Watch
26.15073,89.09444,46.63,109.92,32.09,2,Heavy Rain,0.3189,1,Watch
27.54083,90.15976,0.33,122.99,31.14,1,Light Rain,0.2247,0,Safe
28.03293,90.27229,1.14,163.99,33.67,1,Light Rain,0.2662,1,Watch
25.02977,96.28782,0.65,184.41,29.92,3,Extreme Storm,0.2955,1,Watch
25.7088,94.49867,12.52,13.47,55.44,3,Extreme Storm,0.3091,1,Watch
28.04536,95.94315,22.57,167.89,55.8,2,Heavy Rain,0.3314,1,Watch
26.96301,93.99027,1.72,127.95,95.43,1,Light Rain,0.3751,1,Watch
29.18577,97.04741,40.87,3.12,39.87,1,Light Rain,0.2051,0,Safe
22.10848,91.23049,0.32,28.77,41.52,3,Extreme Storm,0.1765,0,Safe
25.10529,93.29205,21.12,172.89,73.22,3,Extreme Storm,0.3603,1,Watch
23.67529,89.54339,0.61,211.8,13.57,2,Heavy Rain,0.2308,0,Safe
23.98139,90.15894,2.28,423.95,14.95,2,Heavy Rain,0.3787,1,Watch
28.69431,90.73211,39.33,181.15,81.89,1,Light Rain,0.4136,1,Watch
21.82244,88.22131,1.1,425.43,72.62,1,Light Rain,0.5423,2,Warning
26.67561,96.33922,8.77,139.35,78.78,0,Clear,0.3595,1,Watch
24.23507,92.34419,2.55,139.94,61.69,0,Clear,0.2781,1,Watch
21.58632,93.49102,1.36,67.96,60.23,2,Heavy Rain,0.2883,1,Watch
27.25061,88.57089,11.92,59.64,28.19,2,Heavy Rain,0.1936,0,Safe
24.17039,88.72295,6.48,47.51,76.07,1,Light Rain,0.273,1,Watch
29.17978,95.20485,30.74,31.27,72.29,0,Clear,0.27,1,Watch
23.66958,93.46508,25.88,58.41,43.61,3,Extreme Storm,0.2967,1,Watch
22.68718,88.35011,13.94,249.24,75.92,1,Light Rain,0.4362,1,Watch
24.89124,96.08025,8.58,405.91,17.14,3,Extreme Storm,0.4296,1,Watch
23.74042,92.39038,24.5,31.4,40.75,2,Heavy Rain,0.2105,0,Safe
24.96623,96.112,17.51,22.1,15.72,0,Clear,0.0937,0,Safe
26.229,91.04927,2.16,175.25,75.3,1,Light Rain,0.3326,1,Watch
25.22274,91.4504,0.5,196.0,69.33,2,Heavy Rain,0.4296,1,Watch
28.0087,97.36097,36.54,4.66,80.4,2,Heavy Rain,0.3146,1,Watch
23.69617,92.30986,9.7,283.47,11.06,0,Clear,0.3472,1,Watch
26.23885,90.56422,12.19,117.13,23.36,0,Clear,0.2224,0,Safe
23.87027,92.32291,40.76,171.13,15.62,1,Light Rain,0.2091,0,Safe
25.36406,90.6939,2.57,108.19,78.49,2,Heavy Rain,0.3894,1,Watch
21.84105,88.90831,1.05,149.53,90.63,0,Clear,0.323,1,Watch
26.11451,96.89984,7.05,90.71,66.19,2,Heavy Rain,0.327,1,Watch
29.37318,93.99284,0.36,15.35,16.92,3,Extreme Storm,0.2162,0,Safe
23.43982,92.44419,2.03,116.03,80.02,1,Light Rain,0.2831,1,Watch
25.65802,93.72624,1.37,179.35,38.88,0,Clear,0.2005,0,Safe
24.8351,89.73919,1.85,38.13,69.57,0,Clear,0.2326,0,Safe
27.63257,89.53804,1.85,252.28,28.31,1,Light Rain,0.2607,1,Watch
26.91259,91.5884,35.4,131.07,19.12,0,Clear,0.1052,0,Safe
23.13092,92.78557,1.08,214.92,33.12,1,Light Rain,0.2998,1,Watch
26.12791,91.72462,0.14,547.17,58.67,1,Light Rain,0.5598,2,Warning
28.98455,89.02362,1.58,52.32,13.42,0,Clear,0.0701,0,Safe
27.94217,91.59697,18.49,260.4,84.39,0,Clear,0.4204,1,Watch
27.90269,91.88748,1.26,166.43,56.79,3,Extreme Storm,0.4446,1,Watch
25.6894,92.34816,2.74,107.64,83.48,1,Light Rain,0.3589,1,Watch
27.21032,93.47051,2.11,48.57,57.15,3,Extreme Storm,0.2443,0,Safe
25.22667,90.51647,18.15,191.8,22.44,0,Clear,0.2191,0,Safe
27.06442,89.26185,13.25,407.38,47.54,0,Clear,0.46,1,Watch
27.77577,90.88162,126.03,110.43,46.38,2,Heavy Rain,0.5129,2,Warning
24.04843,97.13054,0.37,113.9,72.28,1,Light Rain,0.2305,0,Safe
26.34025,94.72606,52.61,94.45,74.82,3,Extreme Storm,0.4176,1,Watch
25.93576,92.53308,2.79,28.72,55.39,2,Heavy Rain,0.1836,0,Safe
23.94888,95.01454,26.16,70.02,59.49,1,Light Rain,0.2979,1,Watch
26.46969,92.43006,7.13,143.24,75.8,1,Light Rain,0.2939,1,Watch
29.16509,97.35988,1.24,95.82,67.99,2,Heavy Rain,0.3648,1,Watch
26.97177,92.35562,0.57,541.49,23.48,2,Heavy Rain,0.5391,2,Warning
25.74405,91.71845,20.94,38.86,29.89,1,Light Rain,0.159,0,Safe
28.28615,92.0143,22.39,26.48,73.73,2,Heavy Rain,0.2554,1,Watch
22.86601,91.69206,9.25,15.66,87.07,2,Heavy Rain,0.2786,1,Watch
25.49339,97.25656,2.75,448.63,31.39,3,Extreme Storm,0.5002,2,Warning
27.30112,90.90492,33.42,63.25,41.45,3,Extreme Storm,0.3356,1,Watch
24.67246,91.99925,21.03,65.29,60.54,1,Light Rain,0.2617,1,Watch
29.03597,93.94552,0.29,210.64,30.36,3,Extreme Storm,0.2141,0,Safe
25.46237,92.01341,2.05,600.0,40.16,3,Extreme Storm,0.631,2,Warning
28.28219,90.97464,1.61,29.89,41.87,0,Clear,0.0465,0,Safe
25.8848,92.21063,23.5,565.81,99.01,1,Light Rain,0.6125,2,Warning
28.37147,92.64163,105.07,191.37,11.36,1,Light Rain,0.4044,1,Watch
27.64048,92.06977,1.6,118.34,10.91,1,Light Rain,0.0947,0,Safe
26.43731,92.04661,0.51,123.39,64.44,2,Heavy Rain,0.3209,1,Watch
24.74183,92.86058,5.67,13.18,33.78,0,Clear,0.1064,0,Safe
22.82504,92.74458,0.88,87.33,72.92,2,Heavy Rain,0.2764,1,Watch
26.59905,94.11692,29.17,179.94,60.48,0,Clear,0.328,1,Watch
23.54917,92.60344,12.48,578.0,86.22,1,Light Rain,0.633,2,Warning
26.39537,94.16028,2.08,27.42,53.31,0,Clear,0.1569,0,Safe
24.27859,94.26674,15.78,534.26,27.52,2,Heavy Rain,0.5025,2,Warning
27.32679,96.83697,54.31,85.96,54.26,1,Light Rain,0.2968,1,Watch
25.59925,91.66511,3.24,332.9,23.91,3,Extreme Storm,0.3607,1,Watch
24.71419,92.74324,0.36,74.4,24.92,3,Extreme Storm,0.1766,0,Safe
21.9229,93.64854,5.71,160.66,60.6,1,Light Rain,0.3356,1,Watch
25.4967,88.93392,6.4,393.15,52.37,1,Light Rain,0.4189,1,Watch
25.73239,92.58557,70.36,141.56,70.64,1,Light Rain,0.3763,1,Watch
29.07177,90.20837,2.63,5.4,25.17,2,Heavy Rain,0.1212,0,Safe
28.41058,95.38044,0.4,59.52,21.01,1,Light Rain,0.1051,0,Safe
25.47557,91.00371,4.25,190.4,64.27,0,Clear,0.2789,1,Watch
25.77791,89.01793,26.92,239.84,93.12,2,Heavy Rain,0.5328,2,Warning
26.12664,95.84918,1.64,72.77,22.97,0,Clear,0.0836,0,Safe
23.00475,94.4131,12.18,94.38,67.54,1,Light Rain,0.2702,1,Watch
24.40758,92.71067,14.33,274.75,13.28,3,Extreme Storm,0.366,1,Watch
27.41101,92.57498,1.86,259.55,64.25,0,Clear,0.3545,1,Watch
25.46934,88.71665,15.6,220.53,70.59,1,Light Rain,0.3554,1,Watch
25.59341,96.06622,19.99,46.32,22.55,2,Heavy Rain,0.2259,0,Safe
25.74793,94.28246,0.78,30.12,29.46,3,Extreme Storm,0.2314,0,Safe
29.38912,89.44263,32.45,167.67,73.05,1,Light Rain,0.4154,1,Watch
22.89195,91.37078,1.79,89.25,50.58,0,Clear,0.201,0,Safe
24.78194,92.02726,0.35,99.26,53.26,3,Extreme Storm,0.293,1,Watch
25.58929,92.82079,30.28,9.29,86.6,2,Heavy Rain,0.2968,1,Watch
27.12643,94.48399,0.73,88.06,62.71,1,Light Rain,0.1947,0,Safe
26.64917,92.21797,35.39,315.98,58.14,1,Light Rain,0.4449,1,Watch
23.28053,97.03794,7.73,10.38,44.3,0,Clear,0.1311,0,Safe
23.29353,96.47977,39.25,12.89,20.5,0,Clear,0.1148,0,Safe
27.063,89.00413,8.3,76.01,61.44,2,Heavy Rain,0.2803,1,Watch
28.79366,95.8876,32.63,157.52,33.25,0,Clear,0.297,1,Watch
25.25703,94.20288,6.43,12.63,81.73,0,Clear,0.2885,1,Watch
26.82728,90.77247,14.2,21.59,68.81,0,Clear,0.1658,0,Safe
23.55306,94.01399,79.04,26.47,45.93,1,Light Rain,0.3091,1,Watch
23.9304,95.21286,52.96,125.46,27.5,0,Clear,0.2427,0,Safe
26.75186,92.30753,3.31,4.26,72.83,3,Extreme Storm,0.3174,1,Watch
25.9497,94.55505,1.86,201.13,62.85,1,Light Rain,0.397,1,Watch
28.95473,91.33142,35.26,87.38,18.1,3,Extreme Storm,0.3498,1,Watch
26.05168,92.03897,0.25,24.75,36.1,3,Extreme Storm,0.236,0,Safe
26.75605,96.33857,50.14,26.83,68.84,2,Heavy Rain,0.3418,1,Watch
25.84876,96.52606,116.63,7.06,52.85,0,Clear,0.3167,1,Watch
24.65735,92.04361,10.23,8.06,50.5,0,Clear,0.2481,0,Safe
23.96722,94.22791,95.1,55.32,18.76,1,Light Rain,0.2449,0,Safe
27.8196,89.39059,41.77,81.13,53.66,1,Light Rain,0.3241,1,Watch
26.80681,89.93484,19.97,67.91,70.89,0,Clear,0.2452,0,Safe
26.58517,93.85975,117.39,7.6,40.28,0,Clear,0.2479,0,Safe
27.56164,92.37598,5.77,208.16,28.56,0,Clear,0.2884,1,Watch
22.75789,89.83075,11.3,49.96,19.04,1,Light Rain,0.0634,0,Safe
26.60167,91.97331,9.33,19.51,59.64,0,Clear,0.0917,0,Safe
25.43982,93.3523,71.28,37.9,29.24,0,Clear,0.2452,0,Safe
27.86254,92.88506,1.37,1.63,49.22,0,Clear,0.1142,0,Safe
24.94868,91.10192,48.21,304.24,56.8,2,Heavy Rain,0.5091,2,Warning
28.74458,94.32351,0.14,92.59,67.19,0,Clear,0.2297,0,Safe
21.68257,95.94407,3.14,481.7,53.13,2,Heavy Rain,0.5499,2,Warning
27.60201,89.7383,91.8,79.54,99.32,1,Light Rain,0.4758,1,Watch
25.61841,94.25066,8.07,7.19,73.51,2,Heavy Rain,0.3048,1,Watch
25.72095,94.86467,44.95,50.54,74.55,1,Light Rain,0.3656,1,Watch
26.44907,92.42458,0.43,104.64,99.45,3,Extreme Storm,0.4811,1,Watch
21.79415,92.70215,0.85,12.35,93.67,1,Light Rain,0.3277,1,Watch
26.38974,94.63779,8.26,173.93,65.15,2,Heavy Rain,0.355,1,Watch
28.72812,94.21591,0.84,24.23,53.21,0,Clear,0.1784,0,Safe
27.52265,91.02351,1.52,53.19,47.6,3,Extreme Storm,0.2737,1,Watch
23.6171,95.94393,0.85,242.62,33.43,0,Clear,0.2636,1,Watch
25.81576,91.57325,49.19,30.96,18.05,1,Light Rain,0.1281,0,Safe
28.95606,90.61634,96.22,241.93,72.51,1,Light Rain,0.5664,2,Warning
21.65547,89.97751,25.53,120.45,52.08,2,Heavy Rain,0.3441,1,Watch
22.32368,93.03759,90.7,0.72,31.33,1,Light Rain,0.3361,1,Watch
28.87152,91.47612,69.15,0.87,29.52,1,Light Rain,0.2696,1,Watch
25.3286,91.3807,15.07,397.35,26.76,3,Extreme Storm,0.4629,1,Watch
26.0927,92.94319,2.55,107.4,10.85,0,Clear,0.0989,0,Safe
23.83407,95.54108,1.68,363.66,77.01,0,Clear,0.3976,1,Watch
26.09642,94.47837,23.6,16.58,26.58,2,Heavy Rain,0.2562,1,Watch
22.58529,93.72987,8.65,15.99,73.08,0,Clear,0.1652,0,Safe
26.34867,91.32904,16.36,239.57,98.82,3,Extreme Storm,0.4593,1,Watch
25.65809,95.50274,11.89,393.55,85.21,1,Light Rain,0.5645,2,Warning
25.54075,88.82354,2.19,6.41,40.5,0,Clear,0.1127,0,Safe
26.41994,96.0443,70.32,186.42,62.46,0,Clear,0.4082,1,Watch
23.56077,94.01689,101.85,32.22,80.15,2,Heavy Rain,0.4657,1,Watch
27.7015,95.87068,45.52,5.98,48.19,3,Extreme Storm,0.258,1,Watch
25.95713,89.78809,38.58,291.33,48.73,0,Clear,0.3951,1,Watch
24.84379,91.76001,2.96,600.0,20.2,0,Clear,0.4425,1,Watch
25.83076,97.09437,14.7,456.94,70.0,3,Extreme Storm,0.5856,2,Warning
23.80405,92.04297,117.1,143.69,29.15,2,Heavy Rain,0.4874,1,Watch
25.51032,92.92425,46.1,5.72,97.88,0,Clear,0.357,1,Watch
28.73013,92.56981,17.98,27.59,27.91,1,Light Rain,0.0594,0,Safe
25.91891,91.60686,36.18,16.78,84.43,3,Extreme Storm,0.3912,1,Watch
26.43071,89.14032,34.87,25.17,71.9,2,Heavy Rain,0.364,1,Watch
28.80039,88.01443,7.97,99.57,42.4,1,Light Rain,0.1692,0,Safe
25.52869,89.21969,0.07,260.51,19.76,0,Clear,0.1886,0,Safe
26.36745,93.85967,0.08,162.19,60.16,2,Heavy Rain,0.3653,1,Watch
26.57768,94.15496,20.71,2.73,96.69,1,Light Rain,0.2932,1,Watch
25.58714,93.51849,150.0,228.65,76.54,1,Light Rain,0.548,2,Warning
29.41458,92.01897,43.87,231.53,11.39,2,Heavy Rain,0.3706,1,Watch
21.61261,89.29288,15.39,206.58,30.27,1,Light Rain,0.2654,1,Watch
26.2145,93.85902,11.95,29.18,23.19,0,Clear,0.1123,0,Safe
23.56641,89.81392,0.38,160.66,79.43,2,Heavy Rain,0.371,1,Watch
23.42489,88.66101,21.97,217.07,32.72,1,Light Rain,0.3413,1,Watch
23.49327,91.7801,1.27,0.87,56.41,1,Light Rain,0.1331,0,Safe
26.68108,91.00777,1.02,104.95,22.32,0,Clear,0.154,0,Safe
26.2309,95.45483,50.87,7.8,15.26,1,Light Rain,0.2142,0,Safe
26.30348,92.30331,4.61,112.59,52.26,1,Light Rain,0.1927,0,Safe
25.48251,90.13654,9.23,74.89,95.25,2,Heavy Rain,0.3405,1,Watch
26.25894,92.78065,81.51,23.11,26.38,1,Light Rain,0.3163,1,Watch
26.92616,92.09644,1.81,70.39,69.31,3,Extreme Storm,0.3665,1,Watch
23.65884,90.44428,9.58,268.74,42.87,2,Heavy Rain,0.3362,1,Watch
23.13444,88.21562,0.94,27.73,80.59,1,Light Rain,0.2063,0,Safe
26.56315,91.44387,7.51,392.89,43.16,0,Clear,0.3937,1,Watch
26.82146,90.63326,21.24,47.81,10.95,0,Clear,0.1078,0,Safe
26.6391,93.86228,25.22,3.33,17.18,0,Clear,0.0848,0,Safe
26.2724,97.41615,4.54,52.34,40.91,1,Light Rain,0.2714,1,Watch
23.4517,97.05819,114.82,57.15,14.93,2,Heavy Rain,0.3593,1,Watch
22.26778,90.09305,0.78,81.46,36.61,2,Heavy Rain,0.1802,0,Safe
24.52444,92.05328,15.8,72.43,80.68,0,Clear,0.3186,1,Watch
24.81871,94.24607,1.23,0.72,24.97,1,Light Rain,0.1006,0,Safe
25.42598,96.56332,28.98,294.44,61.68,1,Light Rain,0.4051,1,Watch
29.35126,92.02819,2.41,8.08,37.72,1,Light Rain,0.1731,0,Safe
25.2533,94.08443,43.66,95.2,21.15,1,Light Rain,0.2815,1,Watch
25.52873,93.67203,15.48,0.34,96.37,1,Light Rain,0.3089,1,Watch
21.70294,93.60266,0.06,398.34,41.78,1,Light Rain,0.3644,1,Watch
21.73919,89.72455,2.73,216.2,84.12,1,Light Rain,0.3968,1,Watch
27.62135,95.07773,1.77,99.19,13.88,1,Light Rain,0.0989,0,Safe
23.84968,97.18002,0.89,9.69,86.23,3,Extreme Storm,0.3326,1,Watch
26.73448,95.21123,97.34,200.03,99.26,1,Light Rain,0.6072,2,Warning
26.91606,91.65815,10.78,87.03,68.58,3,Extreme Storm,0.2684,1,Watch
26.65938,92.82526,128.27,0.1,92.64,2,Heavy Rain,0.5407,2,Warning
29.38097,95.83315,3.0,9.84,62.37,1,Light Rain,0.1859,0,Safe
28.68916,96.16656,41.53,12.53,68.79,1,Light Rain,0.2604,1,Watch
26.92713,88.5391,58.4,226.3,13.48,3,Extreme Storm,0.3288,1,Watch
25.23725,93.17943,0.06,5.56,75.0,1,Light Rain,0.1817,0,Safe
25.89043,92.44595,1.31,2.8,11.96,2,Heavy Rain,0.1712,0,Safe
24.50513,91.12208,1.2,22.97,45.17,2,Heavy Rain,0.2309,0,Safe
28.03535,91.02909,0.42,56.84,22.49,3,Extreme Storm,0.2466,0,Safe
21.7201,92.78212,0.35,332.7,61.35,0,Clear,0.3415,1,Watch
23.82014,90.36237,1.76,21.81,98.8,3,Extreme Storm,0.4364,1,Watch
24.69645,94.27347,1.92,192.59,67.49,3,Extreme Storm,0.3977,1,Watch
23.32648,92.70046,6.7,159.73,23.1,1,Light Rain,0.1772,0,Safe
26.70674,93.30806,8.4,28.53,23.32,2,Heavy Rain,0.1149,0,Safe
26.7318,91.97187,52.23,15.31,94.31,0,Clear,0.2911,1,Watch
26.74393,90.25561,55.08,11.68,41.34,0,Clear,0.1731,0,Safe
27.24241,91.75172,6.3,56.08,24.78,1,Light Rain,0.1074,0,Safe
25.57221,92.33035,0.46,330.02,88.73,2,Heavy Rain,0.5454,2,Warning
26.51541,90.85231,0.99,21.2,96.18,1,Light Rain,0.3936,1,Watch
27.99833,91.41585,14.45,23.02,79.7,2,Heavy Rain,0.2955,1,Watch
29.01429,94.04431,4.58,26.75,34.0,2,Heavy Rain,0.168,0,Safe
24.8768,89.31358,1.21,76.57,87.47,0,Clear,0.1974,0,Safe
22.60871,89.71847,42.31,34.56,26.61,2,Heavy Rain,0.1898,0,Safe
29.12118,89.26189,11.45,287.83,26.19,1,Light Rain,0.2449,0,Safe
29.27294,92.70225,91.06,3.52,24.74,0,Clear,0.2485,0,Safe
26.50027,90.56681,0.28,83.87,64.33,0,Clear,0.2945,1,Watch
24.30299,89.2313,0.28,16.84,89.97,1,Light Rain,0.2267,0,Safe
26.21332,95.35964,13.1,21.33,27.08,3,Extreme Storm,0.1956,0,Safe
26.91855,88.72374,1.12,100.85,40.28,0,Clear,0.1599,0,Safe
22.54449,95.05969,14.77,0.42,77.7,0,Clear,0.2465,0,Safe
25.82161,92.00431,12.84,589.45,58.24,2,Heavy Rain,0.6309,2,Warning
26.82362,90.85125,31.2,36.7,39.59,3,Extreme Storm,0.36,1,Watch
28.35344,97.13719,3.02,11.19,76.41,1,Light Rain,0.2069,0,Safe
25.66887,90.62087,1.16,284.39,18.51,1,Light Rain,0.3071,1,Watch
25.29024,96.98562,28.1,97.04,76.48,1,Light Rain,0.3123,1,Watch
25.48973,96.05836,12.28,24.48,59.66,0,Clear,0.1219,0,Safe
22.4312,91.59548,5.81,60.89,34.57,0,Clear,0.1938,0,Safe
29.29122,93.43617,5.77,15.79,15.58,0,Clear,0.134,0,Safe
23.71947,94.89968,1.68,227.68,48.9,1,Light Rain,0.3266,1,Watch
27.03307,96.75005,22.53,1.41,64.0,3,Extreme Storm,0.2733,1,Watch
24.15292,94.44849,24.29,51.29,66.7,2,Heavy Rain,0.2626,1,Watch
26.55579,97.48516,25.32,73.9,75.52,2,Heavy Rain,0.3694,1,Watch
27.353,92.16408,5.68,130.61,36.9,1,Light Rain,0.1371,0,Safe
25.06152,91.48358,150.0,146.86,18.66,2,Heavy Rain,0.4961,1,Watch
27.68497,95.04759,48.72,140.44,57.86,1,Light Rain,0.3361,1,Watch
23.80483,92.85427,16.12,116.63,14.65,0,Clear,0.1237,0,Safe
25.11185,91.71263,9.71,568.46,42.59,1,Light Rain,0.492,1,Watch
26.54043,88.48498,15.06,65.46,71.97,1,Light Rain,0.2245,0,Safe
26.81564,92.81252,20.44,4.2,61.07,3,Extreme Storm,0.2872,1,Watch
24.49029,94.08444,1.01,140.09,92.75,2,Heavy Rain,0.4014,1,Watch
23.04464,90.71926,68.8,299.34,89.14,2,Heavy Rain,0.6001,2,Warning
26.03216,94.44015,111.53,29.61,44.24,0,Clear,0.36,1,Watch
25.56053,93.71738,120.18,127.09,74.84,2,Heavy Rain,0.5412,2,Warning
27.204,91.74748,0.42,104.56,37.64,3,Extreme Storm,0.2931,1,Watch
29.08091,92.68997,21.11,114.11,28.69,2,Heavy Rain,0.1909,0,Safe
28.08461,97.07808,1.62,229.64,40.9,2,Heavy Rain,0.307,1,Watch
23.82725,95.01797,43.51,2.84,11.89,3,Extreme Storm,0.2635,1,Watch
26.49958,91.43861,16.29,462.67,65.56,1,Light Rain,0.5717,2,Warning
29.4233,94.47127,5.65,101.3,22.82,2,Heavy Rain,0.214,0,Safe
26.84688,93.7322,0.12,98.8,59.28,1,Light Rain,0.2325,0,Safe
24.72291,90.91749,127.04,537.76,79.06,1,Light Rain,0.7638,3,Critical
29.35369,89.17562,20.63,89.9,57.16,2,Heavy Rain,0.2827,1,Watch
27.32081,89.61227,1.65,269.78,61.24,1,Light Rain,0.3945,1,Watch
25.97081,93.8378,132.36,5.5,60.84,3,Extreme Storm,0.3971,1,Watch
26.05968,90.08872,16.68,14.19,82.9,1,Light Rain,0.3496,1,Watch
29.11166,92.21763,22.05,64.09,69.84,0,Clear,0.3036,1,Watch
27.35867,89.54056,12.36,185.95,44.23,1,Light Rain,0.3371,1,Watch
28.46397,92.20854,101.0,328.31,26.86,3,Extreme Storm,0.5789,2,Warning
23.83497,93.91716,11.29,451.18,30.45,1,Light Rain,0.4334,1,Watch
24.35043,91.04616,12.25,594.93,52.13,2,Heavy Rain,0.6291,2,Warning
26.00602,94.31944,106.41,183.45,90.84,3,Extreme Storm,0.6121,2,Warning
22.74027,96.24337,2.65,18.63,46.59,1,Light Rain,0.2513,1,Watch
27.46319,91.15908,0.04,52.85,94.7,0,Clear,0.2665,1,Watch
25.74251,91.48809,0.01,600.0,69.55,0,Clear,0.5549,2,Warning
24.58259,91.53856,16.01,62.75,26.87,1,Light Rain,0.1584,0,Safe
25.45175,93.05919,64.74,38.44,78.76,0,Clear,0.3015,1,Watch
26.6314,91.78298,0.06,285.79,59.67,1,Light Rain,0.4055,1,Watch
24.66678,90.74923,54.24,115.49,50.34,3,Extreme Storm,0.3725,1,Watch
27.09817,96.63815,0.53,49.02,15.82,2,Heavy Rain,0.1347,0,Safe
26.181,92.87669,0.57,10.72,51.94,1,Light Rain,0.2247,0,Safe
26.26112,90.71721,26.51,556.58,71.84,3,Extreme Storm,0.7377,2,Warning
23.98409,92.24493,0.17,36.26,71.17,0,Clear,0.1614,0,Safe
24.63004,94.00875,1.16,96.2,75.8,2,Heavy Rain,0.3695,1,Watch
23.63142,90.54617,56.23,18.84,43.88,0,Clear,0.1593,0,Safe
27.43131,88.53686,7.26,188.5,64.07,1,Light Rain,0.2712,1,Watch
24.35217,93.35669,5.85,215.51,26.26,1,Light Rain,0.2393,0,Safe
27.97953,93.0702,86.04,29.14,97.57,1,Light Rain,0.4518,1,Watch
26.82047,91.52806,0.45,13.95,31.29,2,Heavy Rain,0.146,0,Safe
28.76593,94.23962,76.54,30.05,72.04,0,Clear,0.3453,1,Watch
26.11223,96.28849,1.75,496.52,24.72,1,Light Rain,0.414,1,Watch
25.83807,90.23384,0.69,588.17,13.23,1,Light Rain,0.3773,1,Watch
25.73122,92.21836,150.0,230.72,87.74,1,Light Rain,0.6489,2,Warning
26.68576,95.76161,5.7,28.01,82.69,0,Clear,0.1741,0,Safe
28.08424,91.3335,10.34,49.8,64.47,2,Heavy Rain,0.2784,1,Watch
23.2372,93.32924,27.69,359.55,66.36,0,Clear,0.4016,1,Watch
22.24032,91.78426,1.89,100.18,23.31,2,Heavy Rain,0.2156,0,Safe
25.62341,92.16642,25.5,600.0,76.93,1,Light Rain,0.7224,2,Warning
26.3707,94.39583,1.33,5.23,80.76,0,Clear,0.1384,0,Safe
22.32077,96.11984,49.03,227.41,51.45,1,Light Rain,0.3136,1,Watch
29.06881,97.45205,10.11,15.18,56.9,1,Light Rain,0.1905,0,Safe
22.8915,91.62677,0.54,478.42,99.69,1,Light Rain,0.6476,2,Warning
26.49633,89.94152,0.05,29.97,33.52,0,Clear,0.1101,0,Safe
22.21766,93.04417,116.97,0.79,21.63,0,Clear,0.2325,0,Safe
23.40012,95.68103,1.17,19.79,46.34,2,Heavy Rain,0.1546,0,Safe
25.3417,92.38967,1.98,346.78,40.7,3,Extreme Storm,0.4652,1,Watch
24.29248,91.52628,3.47,40.91,32.71,0,Clear,0.1763,0,Safe
22.81739,92.71324,47.99,186.13,38.14,0,Clear,0.2247,0,Safe
27.65291,97.27857,0.22,2.51,51.85,0,Clear,0.1434,0,Safe
26.12891,94.8366,6.2,452.11,51.3,3,Extreme Storm,0.6418,2,Warning
28.7868,96.89178,26.41,18.95,36.03,1,Light Rain,0.1558,0,Safe
29.18405,88.68479,2.0,29.43,27.37,3,Extreme Storm,0.1838,0,Safe
26.06088,95.82408,0.99,155.71,61.14,1,Light Rain,0.2902,1,Watch
25.51248,92.27564,62.64,10.99,30.69,3,Extreme Storm,0.2721,1,Watch
27.79025,90.78154,1.14,530.14,19.89,3,Extreme Storm,0.5489,2,Warning
27.19201,90.6447,49.91,90.53,91.3,1,Light Rain,0.4772,1,Watch
24.00448,94.99234,1.22,425.36,56.91,2,Heavy Rain,0.4264,1,Watch
22.66248,96.57276,16.11,96.1,43.32,2,Heavy Rain,0.2285,0,Safe
26.77552,94.22121,6.13,222.35,27.81,0,Clear,0.2778,1,Watch
23.85486,95.86472,9.09,177.8,58.81,1,Light Rain,0.3381,1,Watch
25.51176,94.10242,1.77,180.41,64.15,3,Extreme Storm,0.4011,1,Watch
25.413,90.93977,25.83,0.89,95.17,3,Extreme Storm,0.4094,1,Watch
29.21595,93.65352,0.6,39.16,83.71,3,Extreme Storm,0.3402,1,Watch
24.48319,91.95082,0.76,258.63,75.76,3,Extreme Storm,0.4823,1,Watch
25.72038,97.00609,3.94,79.32,16.63,2,Heavy Rain,0.1547,0,Safe
25.60088,97.08908,1.79,233.83,41.68,0,Clear,0.254,1,Watch
21.5929,93.32099,12.55,24.92,19.39,1,Light Rain,0.1155,0,Safe
27.31086,91.82544,0.16,172.53,30.19,1,Light Rain,0.2078,0,Safe
26.89939,91.39626,7.82,63.69,66.58,1,Light Rain,0.274,1,Watch
26.08098,97.23869,14.39,64.41,41.71,2,Heavy Rain,0.2498,0,Safe
23.30832,95.94572,1.64,79.71,36.43,2,Heavy Rain,0.139,0,Safe
28.44452,89.67936,17.9,25.81,78.6,2,Heavy Rain,0.3021,1,Watch
24.70322,93.82384,0.71,77.76,54.72,1,Light Rain,0.224,0,Safe
24.75244,96.19917,1.45,29.35,49.32,3,Extreme Storm,0.3065,1,Watch
23.47328,91.68023,14.22,94.46,52.51,0,Clear,0.2065,0,Safe
23.93135,95.04315,77.77,140.63,25.34,2,Heavy Rain,0.3572,1,Watch
24.91536,90.55126,1.37,113.61,27.7,0,Clear,0.1442,0,Safe
24.81296,94.01296,2.11,33.38,78.51,1,Light Rain,0.3083,1,Watch
22.31791,94.49722,45.91,71.08,11.34,0,Clear,0.1045,0,Safe
21.9576,94.09448,0.45,1.11,69.44,1,Light Rain,0.177,0,Safe
26.97729,90.79758,10.19,566.96,16.46,3,Extreme Storm,0.502,2,Warning
26.24631,96.75548,26.21,9.99,19.3,3,Extreme Storm,0.1991,0,Safe
25.75098,92.56996,10.07,16.91,39.98,2,Heavy Rain,0.1349,0,Safe
25.07381,89.37286,45.9,60.45,10.81,1,Light Rain,0.2358,0,Safe
26.45391,92.20378,2.13,34.61,66.53,1,Light Rain,0.2429,0,Safe
24.72588,89.40782,16.66,22.09,26.2,0,Clear,0.1314,0,Safe
25.02058,92.52287,0.82,349.94,62.41,2,Heavy Rain,0.5414,2,Warning
25.6639,91.54938,32.04,155.86,38.51,1,Light Rain,0.2732,1,Watch
26.5388,91.1495,56.23,567.06,95.94,0,Clear,0.7459,2,Warning
27.31706,94.14135,24.9,297.52,11.34,1,Light Rain,0.3248,1,Watch
26.98602,94.44011,1.93,25.71,88.96,0,Clear,0.3043,1,Watch
28.37467,93.64149,60.46,208.63,24.56,2,Heavy Rain,0.3956,1,Watch
26.76547,91.87726,8.46,59.79,53.13,0,Clear,0.1664,0,Safe
26.73327,88.31962,70.3,4.98,85.91,1,Light Rain,0.3856,1,Watch
29.15416,95.15755,0.9,217.19,35.66,1,Light Rain,0.2429,0,Safe
26.57108,95.52881,13.18,77.46,59.71,1,Light Rain,0.2375,0,Safe
26.6748,96.87472,6.17,4.68,52.97,0,Clear,0.1453,0,Safe
28.04417,94.23247,1.67,204.62,59.99,1,Light Rain,0.3151,1,Watch
25.60269,95.23036,9.52,49.97,92.91,0,Clear,0.2457,0,Safe
23.92988,94.60666,1.35,11.15,28.2,2,Heavy Rain,0.0561,0,Safe
25.53503,92.37422,37.65,291.13,18.16,0,Clear,0.3141,1,Watch
29.4141,94.44408,14.75,8.72,52.81,1,Light Rain,0.2105,0,Safe
24.87627,88.9964,55.34,106.88,48.35,1,Light Rain,0.3322,1,Watch
28.45783,94.04362,0.53,24.51,54.39,0,Clear,0.2294,0,Safe
27.53499,92.74302,1.2,470.46,50.73,1,Light Rain,0.4143,1,Watch
25.79498,92.10011,38.33,572.9,40.83,1,Light Rain,0.6434,2,Warning
24.73569,93.79634,0.31,243.46,21.26,0,Clear,0.3157,1,Watch
23.99446,95.50265,24.89,81.06,33.14,2,Heavy Rain,0.3156,1,Watch
26.53295,96.65759,5.55,406.55,98.84,0,Clear,0.5134,2,Warning
25.6381,92.01572,2.92,600.0,98.47,0,Clear,0.6692,2,Warning
25.73054,92.27729,1.24,370.62,61.0,2,Heavy Rain,0.4375,1,Watch
21.54117,88.19996,1.98,116.37,61.83,2,Heavy Rain,0.2751,1,Watch
26.74126,96.05294,105.06,83.01,21.86,1,Light Rain,0.3873,1,Watch
25.66204,95.26428,14.26,506.6,48.42,2,Heavy Rain,0.5772,2,Warning
27.36609,91.16535,1.8,11.71,34.24,1,Light Rain,0.1601,0,Safe
24.9728,94.84181,3.37,28.28,88.8,1,Light Rain,0.2349,0,Safe
23.56789,90.57737,9.12,447.73,77.34,1,Light Rain,0.4814,1,Watch
27.01595,90.6939,4.17,69.06,61.73,3,Extreme Storm,0.3495,1,Watch
21.74859,91.2758,14.68,230.98,69.7,2,Heavy Rain,0.4362,1,Watch
27.37858,93.94227,0.98,30.55,44.53,0,Clear,0.1214,0,Safe
26.35159,96.7648,89.57,442.45,28.23,0,Clear,0.5843,2,Warning
27.17113,94.41564,1.68,64.14,35.37,2,Heavy Rain,0.2244,0,Safe
23.2544,90.08319,9.2,44.96,92.65,1,Light Rain,0.2763,1,Watch
28.06867,93.16971,0.56,58.09,73.77,0,Clear,0.1466,0,Safe
27.41072,89.25262,0.19,162.78,37.28,0,Clear,0.226,0,Safe
25.5767,89.36133,40.28,294.61,45.4,1,Light Rain,0.3916,1,Watch
26.7286,92.00996,4.51,105.05,76.73,1,Light Rain,0.2972,1,Watch
29.0788,91.88798,33.02,127.41,20.83,2,Heavy Rain,0.2498,0,Safe
27.94169,91.92817,9.88,350.67,93.03,1,Light Rain,0.5734,2,Warning
24.25938,91.08149,8.3,19.77,38.47,2,Heavy Rain,0.2236,0,Safe
28.50612,88.27599,2.28,22.27,90.51,1,Light Rain,0.2744,1,Watch
22.66731,88.28633,45.42,9.2,38.71,2,Heavy Rain,0.2403,0,Safe
24.57062,95.9042,59.86,6.18,71.42,3,Extreme Storm,0.394,1,Watch
26.25781,91.61553,2.57,7.97,65.11,0,Clear,0.2251,0,Safe
26.05826,96.79217,37.34,72.68,20.56,2,Heavy Rain,0.2321,0,Safe
21.89743,97.17942,2.13,97.76,28.26,2,Heavy Rain,0.1831,0,Safe
24.86659,95.60603,12.23,302.01,10.57,2,Heavy Rain,0.2666,1,Watch
28.03706,92.43572,0.68,159.92,44.43,1,Light Rain,0.2488,0,Safe
27.00008,92.69134,16.38,409.36,62.05,1,Light Rain,0.4407,1,Watch
22.66674,96.38549,4.59,228.83,20.25,0,Clear,0.2245,0,Safe
25.24307,93.87913,35.47,48.45,15.79,1,Light Rain,0.1824,0,Safe
24.44413,93.1143,0.24,386.48,66.47,3,Extreme Storm,0.5719,2,Warning
25.2882,93.63113,15.72,265.5,89.52,1,Light Rain,0.452,1,Watch
26.50915,94.3901,16.58,223.0,79.3,2,Heavy Rain,0.4825,1,Watch
26.71632,97.3764,1.88,80.26,76.15,2,Heavy Rain,0.3782,1,Watch
23.37231,92.7435,1.73,95.01,38.57,1,Light Rain,0.1989,0,Safe
26.57093,95.87832,75.84,88.54,73.95,3,Extreme Storm,0.5597,2,Warning
25.23654,95.06518,1.19,232.23,15.23,2,Heavy Rain,0.319,1,Watch
22.07308,92.16283,38.52,76.14,61.63,1,Light Rain,0.2832,1,Watch
26.94604,96.20912,5.42,2.61,47.37,1,Light Rain,0.2803,1,Watch
25.76888,92.14745,12.47,15.63,10.81,0,Clear,0.0555,0,Safe
26.55771,95.28251,0.56,23.73,32.14,1,Light Rain,0.1864,0,Safe
22.71913,93.14274,35.59,67.89,70.91,1,Light Rain,0.3403,1,Watch
26.94752,93.25509,50.7,119.43,79.87,2,Heavy Rain,0.4426,1,Watch
23.00123,88.11896,1.52,42.48,68.63,0,Clear,0.2548,1,Watch
25.32969,91.88934,3.35,600.0,77.09,2,Heavy Rain,0.671,2,Warning
25.62411,92.4049,6.61,28.63,41.03,1,Light Rain,0.1629,0,Safe
26.25719,91.32553,2.47,319.34,64.38,1,Light Rain,0.4094,1,Watch
27.60133,95.07703,12.29,126.3,28.19,0,Clear,0.1294,0,Safe
26.4256,88.91962,26.56,264.18,50.42,3,Extreme Storm,0.4891,1,Watch
28.27224,92.69688,1.97,275.5,28.81,1,Light Rain,0.2659,1,Watch
26.57149,92.65497,0.91,463.29,13.12,2,Heavy Rain,0.4182,1,Watch
25.2415,93.17736,24.08,43.15,62.14,0,Clear,0.2251,0,Safe
23.94764,94.12014,14.63,13.4,11.84,0,Clear,0.0872,0,Safe
25.81049,93.30546,9.65,77.44,73.03,2,Heavy Rain,0.3164,1,Watch
22.35422,95.37454,0.49,263.67,13.96,3,Extreme Storm,0.3007,1,Watch
24.95434,97.16277,4.81,263.74,13.89,2,Heavy Rain,0.3018,1,Watch
28.68273,91.17899,0.57,19.03,41.77,2,Heavy Rain,0.1979,0,Safe
26.39049,94.12814,25.83,91.86,56.23,1,Light Rain,0.2357,0,Safe
27.87705,92.95266,9.68,27.19,26.35,1,Light Rain,0.1291,0,Safe
22.90497,89.87009,10.04,116.92,66.47,1,Light Rain,0.345,1,Watch
27.17259,95.64432,88.12,37.14,30.03,0,Clear,0.345,1,Watch
26.64653,90.77905,14.72,22.31,58.88,1,Light Rain,0.1516,0,Safe
26.348,92.15582,48.96,230.99,85.94,1,Light Rain,0.5169,2,Warning
23.51513,88.72234,9.95,14.36,54.29,0,Clear,0.1661,0,Safe
25.91796,93.6068,2.36,16.59,11.71,2,Heavy Rain,0.0873,0,Safe
26.5986,92.6367,50.77,138.12,42.47,0,Clear,0.2657,1,Watch
27.60291,91.44752,0.26,173.23,92.44,1,Light Rain,0.3428,1,Watch
26.89069,90.88831,41.85,52.58,14.64,1,Light Rain,0.1202,0,Safe
22.50536,95.78071,35.87,75.74,17.15,3,Extreme Storm,0.2686,1,Watch
24.6859,91.36787,0.67,67.39,48.57,1,Light Rain,0.2721,1,Watch
24.00934,88.31875,7.54,106.9,57.94,1,Light Rain,0.2761,1,Watch
21.97445,91.6947,6.53,252.87,83.73,1,Light Rain,0.429,1,Watch
22.08642,91.18886,1.88,363.99,95.71,1,Light Rain,0.4935,1,Watch
26.71354,92.70178,1.17,333.67,15.42,0,Clear,0.2258,0,Safe
28.51499,97.19802,40.67,59.01,67.31,0,Clear,0.2763,1,Watch
25.1796,94.65381,0.36,54.46,21.33,1,Light Rain,0.0824,0,Safe
21.86904,94.41313,8.33,40.78,70.06,1,Light Rain,0.2945,1,Watch
24.51228,94.33906,1.57,82.7,87.68,0,Clear,0.2538,1,Watch
22.67368,90.60241,21.12,10.23,68.21,0,Clear,0.1788,0,Safe
26.48509,95.39203,2.61,97.63,51.05,1,Light Rain,0.3204,1,Watch
26.67095,95.37699,1.89,84.34,96.67,1,Light Rain,0.3863,1,Watch
26.44099,90.9096,0.03,8.19,81.97,0,Clear,0.1626,0,Safe
25.09971,89.4424,28.87,155.6,87.92,2,Heavy Rain,0.403,1,Watch
26.85654,92.53083,1.5,457.66,92.57,2,Heavy Rain,0.5979,2,Warning
26.19344,91.487,5.95,448.58,40.81,0,Clear,0.4045,1,Watch
23.6347,94.82958,1.18,334.67,61.64,1,Light Rain,0.3942,1,Watch
21.74408,89.53906,1.2,26.11,10.07,2,Heavy Rain,0.1647,0,Safe
25.98766,92.60349,54.65,248.77,61.11,2,Heavy Rain,0.4848,1,Watch
28.6936,95.21078,6.61,14.69,53.35,0,Clear,0.1527,0,Safe
26.03239,92.52519,115.1,243.48,78.43,1,Light Rain,0.5592,2,Warning
24.78513,88.84309,39.34,303.37,59.37,2,Heavy Rain,0.4408,1,Watch
29.04685,92.91368,8.1,82.57,47.83,0,Clear,0.1631,0,Safe
26.17553,95.96384,15.63,496.37,96.3,0,Clear,0.5627,2,Warning
24.66034,93.22024,9.6,29.22,73.81,2,Heavy Rain,0.2363,0,Safe
27.12091,89.58561,1.65,242.67,11.69,1,Light Rain,0.2702,1,Watch
25.79882,92.84584,62.6,31.52,88.98,1,Light Rain,0.4183,1,Watch
26.01062,94.24162,0.54,181.45,36.01,1,Light Rain,0.2302,0,Safe
25.74335,91.35086,31.05,85.38,78.93,2,Heavy Rain,0.4254,1,Watch
26.4626,91.83816,21.42,600.0,38.53,1,Light Rain,0.589,2,Warning
25.06406,91.08303,19.76,48.58,72.41,3,Extreme Storm,0.3031,1,Watch
23.53622,91.2539,14.49,33.1,61.13,0,Clear,0.1407,0,Safe
21.82853,88.80416,44.8,186.32,71.15,2,Heavy Rain,0.4557,1,Watch
24.98541,97.333,36.27,451.16,60.78,1,Light Rain,0.5656,2,Warning
28.36158,94.75171,2.12,99.09,66.25,2,Heavy Rain,0.2502,1,Watch
26.27078,93.07881,0.13,25.15,66.22,1,Light Rain,0.1948,0,Safe
22.91615,90.56413,13.19,4.76,18.28,1,Light Rain,0.1383,0,Safe
25.71612,89.41205,1.68,17.83,42.27,2,Heavy Rain,0.2498,0,Safe
24.46269,89.52598,43.15,29.1,76.29,2,Heavy Rain,0.3521,1,Watch
25.86284,96.38075,85.59,215.83,43.25,1,Light Rain,0.4302,1,Watch
28.82813,92.78366,0.99,89.91,16.07,2,Heavy Rain,0.1504,0,Safe
29.30609,91.28406,38.36,17.9,13.03,2,Heavy Rain,0.2346,0,Safe
24.73722,94.21518,44.26,179.03,66.05,1,Light Rain,0.4138,1,Watch
29.27387,88.66281,8.86,19.77,48.53,3,Extreme Storm,0.2156,0,Safe
23.76017,90.40718,16.72,587.71,86.12,0,Clear,0.6662,2,Warning
26.27486,88.84492,17.8,100.44,61.32,1,Light Rain,0.2552,1,Watch
23.12023,91.19897,35.88,515.22,30.93,1,Light Rain,0.4759,1,Watch
26.43718,92.16037,10.11,191.56,70.1,3,Extreme Storm,0.4019,1,Watch
22.27735,94.50758,37.25,123.34,47.19,0,Clear,0.2278,0,Safe
25.6665,91.63867,2.14,277.41,52.18,2,Heavy Rain,0.3494,1,Watch
25.48362,93.08864,58.11,496.66,52.05,2,Heavy Rain,0.5688,2,Warning
26.70541,94.9357,1.62,28.52,68.23,0,Clear,0.1643,0,Safe
24.09089,95.02984,1.94,224.56,40.2,0,Clear,0.2321,0,Safe
21.6301,92.93109,8.24,96.17,81.83,0,Clear,0.2284,0,Safe
23.47303,89.45755,91.26,239.06,68.13,0,Clear,0.5034,2,Warning
24.9656,92.72442,0.25,17.33,16.54,2,Heavy Rain,0.0493,0,Safe
28.71079,91.65468,27.28,197.33,61.14,3,Extreme Storm,0.4146,1,Watch
25.85164,96.24766,105.14,1.48,53.89,3,Extreme Storm,0.4374,1,Watch
24.95638,88.65812,2.13,94.56,10.32,1,Light Rain,0.171,0,Safe
23.62458,91.36084,0.22,213.64,33.61,2,Heavy Rain,0.2705,1,Watch
26.60986,89.40672,2.2,41.16,44.39,2,Heavy Rain,0.2493,0,Safe
25.26016,89.49823,0.98,15.65,44.09,2,Heavy Rain,0.1743,0,Safe
24.65303,91.65415,4.24,142.4,48.57,0,Clear,0.3136,1,Watch
27.41557,96.64755,2.39,180.83,47.32,0,Clear,0.1844,0,Safe
27.29146,95.1581,0.46,248.08,34.69,3,Extreme Storm,0.3126,1,Watch
26.92074,92.38228,5.26,34.94,62.88,2,Heavy Rain,0.2624,1,Watch
28.40547,97.07224,1.96,29.28,29.36,2,Heavy Rain,0.1124,0,Safe
21.55757,90.42643,12.9,30.35,77.6,1,Light Rain,0.2408,0,Safe
26.43692,90.67195,7.57,600.0,10.77,1,Light Rain,0.491,1,Watch
27.10395,91.4963,56.8,52.05,29.81,2,Heavy Rain,0.2782,1,Watch
24.29235,91.3803,2.25,125.54,91.65,1,Light Rain,0.3485,1,Watch
22.42156,89.93619,37.15,8.69,14.22,1,Light Rain,0.1356,0,Safe
29.33437,93.64429,1.22,20.47,32.98,1,Light Rain,0.033,0,Safe
23.66434,91.97959,129.07,24.24,55.18,0,Clear,0.3752,1,Watch
24.04525,95.98486,13.72,32.64,14.39,1,Light Rain,0.0885,0,Safe
27.20394,93.88364,26.28,199.34,86.93,1,Light Rain,0.4126,1,Watch
25.81061,88.20968,3.66,521.28,67.19,1,Light Rain,0.4913,1,Watch
29.44555,92.31075,0.36,35.64,60.79,0,Clear,0.2033,0,Safe
25.74102,93.5682,39.39,33.56,50.61,3,Extreme Storm,0.3366,1,Watch
26.37439,93.43574,0.57,88.79,62.18,2,Heavy Rain,0.2357,0,Safe
24.61073,94.8735,1.48,240.78,58.12,0,Clear,0.3155,1,Watch
26.08655,92.80318,150.0,498.61,39.1,0,Clear,0.746,2,Warning
23.59393,92.23981,7.86,73.88,61.47,2,Heavy Rain,0.2883,1,Watch
26.64128,90.95823,150.0,22.06,44.19,1,Light Rain,0.3279,1,Watch
25.55237,94.52867,93.79,229.05,39.89,1,Light Rain,0.4193,1,Watch
25.38812,93.35971,11.18,73.47,24.32,2,Heavy Rain,0.2002,0,Safe
26.68889,89.35007,101.24,44.97,72.2,1,Light Rain,0.4972,1,Watch
23.76543,95.56967,4.66,13.82,80.11,2,Heavy Rain,0.2355,0,Safe
24.70119,92.82323,37.56,43.48,75.8,1,Light Rain,0.3085,1,Watch
25.22409,93.86842,1.26,112.36,72.87,1,Light Rain,0.2498,0,Safe
27.8637,96.52208,9.26,133.74,11.75,1,Light Rain,0.2025,0,Safe
25.94909,90.01493,18.78,266.89,99.08,3,Extreme Storm,0.5423,2,Warning
23.56505,89.06923,12.18,4.68,30.79,1,Light Rain,0.0245,0,Safe
21.75516,91.99843,32.82,462.96,13.15,2,Heavy Rain,0.4472,1,Watch
22.46905,95.84907,14.17,74.1,51.11,3,Extreme Storm,0.2963,1,Watch
23.99698,90.16432,6.24,195.73,52.48,0,Clear,0.2876,1,Watch
29.4563,96.50478,60.52,1.08,53.65,2,Heavy Rain,0.3096,1,Watch
26.0706,89.29166,6.98,60.63,33.86,2,Heavy Rain,0.2297,0,Safe
26.69177,93.70729,90.1,225.86,52.97,1,Light Rain,0.4616,1,Watch
27.1422,92.17632,77.2,100.39,99.79,1,Light Rain,0.4818,1,Watch
25.16044,96.50471,12.29,355.39,87.17,0,Clear,0.4758,1,Watch
22.00356,92.96716,1.75,9.85,70.04,1,Light Rain,0.2013,0,Safe
25.87965,89.19155,0.08,31.79,47.93,2,Heavy Rain,0.2305,0,Safe
26.70666,95.06144,0.95,9.19,72.84,2,Heavy Rain,0.2904,1,Watch
26.55171,91.34238,82.0,58.47,37.89,0,Clear,0.2686,1,Watch
21.53091,94.32413,0.93,70.34,68.26,3,Extreme Storm,0.2994,1,Watch
28.4984,89.66202,6.16,59.55,35.88,3,Extreme Storm,0.1964,0,Safe
23.53838,94.59744,24.94,6.25,74.3,0,Clear,0.2457,0,Safe
28.60699,94.24811,0.61,72.14,76.76,3,Extreme Storm,0.3009,1,Watch
25.93111,95.04446,0.21,249.59,76.68,1,Light Rain,0.3982,1,Watch
27.58333,93.51975,1.35,6.51,52.3,1,Light Rain,0.1759,0,Safe
26.67294,88.73501,5.98,175.71,75.35,2,Heavy Rain,0.4248,1,Watch
23.04254,92.3861,1.04,16.71,41.97,1,Light Rain,0.2066,0,Safe
29.32935,88.36178,0.16,10.13,39.5,1,Light Rain,0.0176,0,Safe
22.71286,91.85438,1.47,2.89,10.42,1,Light Rain,0.0557,0,Safe
24.99992,90.37013,2.76,160.5,38.07,2,Heavy Rain,0.1894,0,Safe
27.95531,92.79677,1.04,377.42,50.03,1,Light Rain,0.4582,1,Watch
26.66082,91.38518,4.81,21.68,16.44,1,Light Rain,0.096,0,Safe
24.13081,95.17518,3.6,7.11,34.64,2,Heavy Rain,0.2101,0,Safe
26.7427,94.16328,5.87,13.8,17.3,2,Heavy Rain,0.1392,0,Safe
22.62255,90.98819,115.53,261.75,21.94,1,Light Rain,0.4012,1,Watch
26.30008,94.28084,5.78,191.06,51.79,1,Light Rain,0.2611,1,Watch
25.39223,97.42181,0.11,42.25,13.41,0,Clear,0.0565,0,Safe
28.49641,91.35568,46.28,8.66,18.43,0,Clear,0.1518,0,Safe
22.19774,90.06181,1.55,43.64,52.68,3,Extreme Storm,0.2656,1,Watch
24.26865,95.50515,6.68,25.57,69.37,0,Clear,0.2087,0,Safe
25.68154,91.39945,1.32,31.85,88.17,1,Light Rain,0.2629,1,Watch
28.90544,92.17114,6.73,237.7,11.86,2,Heavy Rain,0.3112,1,Watch
26.78094,91.1496,15.98,52.23,59.45,2,Heavy Rain,0.2826,1,Watch
26.11664,93.3549,10.1,73.09,53.92,2,Heavy Rain,0.269,1,Watch
24.42311,94.48963,1.92,67.14,62.41,2,Heavy Rain,0.2825,1,Watch
23.44879,95.14004,26.68,250.81,51.3,3,Extreme Storm,0.4233,1,Watch
24.30596,93.01284,1.08,71.15,79.35,0,Clear,0.2336,0,Safe
29.49237,91.60404,1.62,23.39,78.27,1,Light Rain,0.2666,1,Watch
24.27712,95.00933,42.61,205.84,42.99,3,Extreme Storm,0.4468,1,Watch
29.20224,97.49653,8.5,281.26,34.33,1,Light Rain,0.3561,1,Watch
25.51497,90.50189,122.92,98.62,65.43,3,Extreme Storm,0.5264,2,Warning
22.96399,90.11639,20.74,25.84,52.74,0,Clear,0.1886,0,Safe
29.47883,90.81926,2.99,82.8,81.4,1,Light Rain,0.2728,1,Watch
25.80395,88.80799,51.86,362.58,72.61,3,Extreme Storm,0.6411,2,Warning
27.11799,91.12747,1.86,0.13,14.62,1,Light Rain,0.0353,0,Safe
29.00245,92.77606,0.35,306.3,32.76,3,Extreme Storm,0.3956,1,Watch
24.90936,91.94163,2.77,62.83,41.73,0,Clear,0.186,0,Safe
23.56227,93.05584,39.54,28.64,20.46,0,Clear,0.1412,0,Safe
22.81997,91.03898,16.09,85.18,17.33,1,Light Rain,0.1723,0,Safe
27.7881,92.26548,1.75,243.59,42.81,0,Clear,0.2614,1,Watch
26.65971,90.95666,1.6,7.78,42.02,0,Clear,0.0387,0,Safe
26.2506,89.33078,11.45,16.1,98.89,1,Light Rain,0.2834,1,Watch
28.40973,95.42582,0.46,377.57,68.99,1,Light Rain,0.4601,1,Watch
23.70914,95.8363,21.57,224.53,97.99,1,Light Rain,0.4364,1,Watch
26.2393,90.96467,9.19,301.09,89.67,3,Extreme Storm,0.5596,2,Warning
29.05122,96.00028,13.8,39.25,44.13,3,Extreme Storm,0.2009,0,Safe
27.47484,94.08015,121.71,253.86,21.12,2,Heavy Rain,0.4141,1,Watch
28.72272,91.24064,21.74,20.22,68.53,2,Heavy Rain,0.3155,1,Watch
29.15355,89.08099,0.53,51.91,34.64,0,Clear,0.1096,0,Safe
26.36568,94.27306,6.9,195.36,13.29,2,Heavy Rain,0.2555,1,Watch
28.82872,91.56838,115.24,90.47,95.93,0,Clear,0.4714,1,Watch
26.90746,91.85781,9.6,312.81,46.56,1,Light Rain,0.3969,1,Watch
22.89347,97.38683,13.83,26.59,94.01,1,Light Rain,0.3634,1,Watch
26.32906,94.031,58.15,210.66,73.21,2,Heavy Rain,0.5442,2,Warning
25.00543,92.61718,5.97,25.17,15.25,2,Heavy Rain,0.1056,0,Safe
29.35248,90.03296,1.18,411.63,55.01,1,Light Rain,0.4304,1,Watch
29.34621,92.90289,1.47,40.85,71.22,0,Clear,0.2145,0,Safe
25.12794,94.46408,10.6,194.56,17.13,0,Clear,0.265,1,Watch
26.10431,91.16949,0.71,101.64,61.93,3,Extreme Storm,0.2777,1,Watch
26.85012,96.57873,11.12,13.52,56.04,1,Light Rain,0.1552,0,Safe
23.75037,97.31844,41.45,64.91,77.6,0,Clear,0.3411,1,Watch
28.19623,91.46143,21.88,75.52,11.0,0,Clear,0.0877,0,Safe
26.09483,93.56431,0.17,28.62,31.91,1,Light Rain,0.1588,0,Safe
26.35407,92.36655,2.69,134.79,33.81,0,Clear,0.1555,0,Safe
25.79891,89.71692,12.66,12.5,67.24,1,Light Rain,0.245,0,Safe
24.96514,90.63126,9.47,10.24,86.73,1,Light Rain,0.2524,1,Watch
25.69598,91.55354,2.05,66.53,13.59,0,Clear,0.0415,0,Safe
26.2871,93.59002,38.43,1.08,20.26,0,Clear,0.1213,0,Safe
26.1516,90.54044,0.31,182.3,85.33,0,Clear,0.2869,1,Watch
26.86079,92.1899,8.91,133.72,44.18,1,Light Rain,0.266,1,Watch
26.84605,88.85428,1.15,371.59,87.98,0,Clear,0.4602,1,Watch
21.90325,94.0779,25.26,22.91,61.74,3,Extreme Storm,0.2573,1,Watch
25.96917,95.05924,1.04,124.91,55.18,2,Heavy Rain,0.3016,1,Watch
25.8757,92.51569,19.64,266.49,14.89,1,Light Rain,0.2921,1,Watch
23.13414,91.84678,14.71,29.98,66.84,1,Light Rain,0.1508,0,Safe
27.52781,95.04743,7.18,242.34,99.01,0,Clear,0.419,1,Watch
25.92006,91.88752,0.08,405.57,65.35,3,Extreme Storm,0.5343,2,Warning
23.1258,97.37702,13.13,185.31,25.07,3,Extreme Storm,0.3118,1,Watch
28.0653,92.07041,35.7,8.89,21.87,1,Light Rain,0.0807,0,Safe
26.22456,95.05122,8.11,3.88,49.48,2,Heavy Rain,0.2206,0,Safe
23.76142,93.91629,30.91,144.31,90.82,0,Clear,0.3953,1,Watch
26.03298,94.60971,7.57,24.52,66.88,2,Heavy Rain,0.2253,0,Safe
27.21508,92.73492,0.61,7.63,15.33,1,Light Rain,0.0218,0,Safe
25.87256,89.74659,7.6,33.91,30.34,1,Light Rain,0.1053,0,Safe
25.33785,88.3304,10.14,5.57,59.2,1,Light Rain,0.2071,0,Safe
24.81232,91.57505,41.48,27.76,18.45,1,Light Rain,0.1176,0,Safe
23.54425,91.70148,45.73,232.09,40.23,0,Clear,0.2774,1,Watch
26.49365,95.27203,7.7,64.8,23.6,1,Light Rain,0.2324,0,Safe
22.06968,91.14563,11.85,43.11,66.37,0,Clear,0.2142,0,Safe
26.59402,95.18526,12.63,115.99,17.6,1,Light Rain,0.1633,0,Safe
28.99664,91.95921,30.91,12.98,31.63,0,Clear,0.1124,0,Safe
26.75901,96.17555,14.93,29.42,84.03,3,Extreme Storm,0.3376,1,Watch
26.6427,90.76678,37.19,18.74,74.48,1,Light Rain,0.3661,1,Watch
24.78394,92.09195,26.2,16.09,52.96,3,Extreme Storm,0.3194,1,Watch
26.27701,93.76621,127.36,77.96,75.33,1,Light Rain,0.5814,2,Warning
26.05392,90.37278,0.15,265.89,28.35,0,Clear,0.2641,1,Watch
24.36804,92.51119,1.92,175.15,48.8,1,Light Rain,0.2371,0,Safe
23.71396,96.46449,39.57,3.2,75.29,1,Light Rain,0.3005,1,Watch
28.11213,90.36933,2.1,82.62,68.09,2,Heavy Rain,0.3174,1,Watch
29.4087,97.37505,11.93,7.61,36.38,1,Light Rain,0.1738,0,Safe
26.21466,89.13542,0.75,39.49,74.8,1,Light Rain,0.2302,0,Safe
24.42401,91.60961,53.46,23.02,48.71,0,Clear,0.2984,1,Watch
25.94294,94.94386,0.82,104.11,53.92,3,Extreme Storm,0.2548,1,Watch
26.05306,91.72833,16.73,7.0,57.76,2,Heavy Rain,0.2572,1,Watch
26.70396,94.39169,6.12,14.33,65.6,2,Heavy Rain,0.2387,0,Safe
28.83652,91.11076,6.56,4.32,45.06,0,Clear,0.0954,0,Safe
25.79715,90.88603,16.52,296.16,37.01,2,Heavy Rain,0.3941,1,Watch
27.63079,91.14722,0.23,19.05,56.86,2,Heavy Rain,0.2721,1,Watch
25.4753,92.98813,1.6,23.16,87.82,1,Light Rain,0.2872,1,Watch
25.96471,92.2913,54.22,115.76,33.51,0,Clear,0.2622,1,Watch
28.41505,88.96465,1.77,1.68,84.47,2,Heavy Rain,0.2011,0,Safe
23.02302,89.02853,1.64,24.25,18.97,2,Heavy Rain,0.1698,0,Safe
22.1575,93.36996,33.16,210.7,63.59,1,Light Rain,0.3718,1,Watch
23.57685,95.91371,11.66,242.65,19.63,0,Clear,0.2516,1,Watch
26.31531,88.64566,1.66,0.42,47.8,1,Light Rain,0.1927,0,Safe
29.38351,88.94549,5.43,251.96,18.93,2,Heavy Rain,0.2987,1,Watch
23.69107,88.72053,22.35,22.38,76.87,2,Heavy Rain,0.231,0,Safe
22.75172,89.80104,13.67,8.79,83.63,1,Light Rain,0.3277,1,Watch
26.11794,95.00965,43.6,444.69,27.05,2,Heavy Rain,0.5756,2,Warning
24.58002,88.87839,0.51,355.95,13.69,2,Heavy Rain,0.3716,1,Watch
21.56878,94.4832,8.7,78.97,52.66,1,Light Rain,0.2031,0,Safe
29.02067,90.83408,39.15,111.05,34.85,0,Clear,0.2756,1,Watch
25.04182,93.2301,26.37,33.93,21.83,0,Clear,0.1099,0,Safe
26.24032,89.75285,8.84,28.42,78.31,1,Light Rain,0.2601,1,Watch
25.59969,94.93396,28.35,352.37,24.72,3,Extreme Storm,0.4919,1,Watch
26.77108,91.26613,2.15,79.92,76.1,0,Clear,0.273,1,Watch
24.85929,88.68565,2.17,17.17,55.8,3,Extreme Storm,0.1604,0,Safe
26.82024,91.71453,6.82,344.11,35.81,0,Clear,0.3386,1,Watch
26.91168,90.34441,1.35,532.47,35.32,1,Light Rain,0.5263,2,Warning
26.23274,93.22726,0.54,242.18,57.59,0,Clear,0.2518,1,Watch
27.72978,91.67752,0.55,48.32,32.11,0,Clear,0.1525,0,Safe
25.5775,92.37565,9.58,261.21,38.85,0,Clear,0.2204,0,Safe
25.8606,97.32949,92.2,5.82,59.89,1,Light Rain,0.332,1,Watch
24.08893,93.14153,12.19,23.08,39.22,1,Light Rain,0.1888,0,Safe
22.26178,94.05992,0.24,420.69,13.29,0,Clear,0.304,1,Watch
25.80071,92.08718,0.96,82.12,53.39,3,Extreme Storm,0.3369,1,Watch
23.98696,92.40122,139.09,93.3,41.28,1,Light Rain,0.374,1,Watch
25.48828,91.99251,150.0,263.92,44.85,3,Extreme Storm,0.6707,2,Warning
28.96101,92.45852,0.53,338.37,53.42,0,Clear,0.3621,1,Watch
25.94935,91.48423,38.63,69.79,69.3,0,Clear,0.2501,1,Watch
26.1889,91.65382,49.37,31.93,22.81,2,Heavy Rain,0.2448,0,Safe
24.88939,95.66275,34.08,216.78,84.13,1,Light Rain,0.4422,1,Watch
24.99615,92.27551,126.51,106.36,15.22,3,Extreme Storm,0.479,1,Watch
29.03118,94.4428,36.99,5.62,55.97,0,Clear,0.2287,0,Safe
25.35407,92.13867,20.21,600.0,62.79,0,Clear,0.6072,2,Warning
26.79794,92.90195,35.39,62.49,44.43,3,Extreme Storm,0.2848,1,Watch
21.75832,94.02662,1.25,82.37,75.05,2,Heavy Rain,0.3171,1,Watch
24.0036,94.33485,0.25,25.32,99.83,2,Heavy Rain,0.3105,1,Watch
28.58686,96.35014,31.62,9.3,63.35,1,Light Rain,0.2481,0,Safe
23.81721,95.04319,2.73,170.52,76.64,0,Clear,0.3596,1,Watch
23.8623,90.87249,68.14,373.32,38.97,1,Light Rain,0.4818,1,Watch
27.40665,96.19662,107.85,159.79,67.21,3,Extreme Storm,0.4965,1,Watch
26.18699,96.28869,1.47,98.74,45.72,3,Extreme Storm,0.3024,1,Watch
26.91555,93.73377,0.38,147.7,63.43,0,Clear,0.2891,1,Watch
23.65716,89.84748,1.59,519.91,73.06,0,Clear,0.5955,2,Warning
26.3658,90.91349,1.34,21.85,12.55,1,Light Rain,0.1161,0,Safe
26.56981,88.59379,1.67,29.0,29.35,2,Heavy Rain,0.1513,0,Safe
25.60757,93.62457,1.39,109.87,71.75,2,Heavy Rain,0.332,1,Watch
27.01746,92.29083,0.69,73.91,78.88,0,Clear,0.2632,1,Watch
26.47746,96.70219,50.03,17.03,66.02,1,Light Rain,0.3105,1,Watch
26.36821,91.68219,10.47,80.47,21.05,1,Light Rain,0.0581,0,Safe
28.81343,92.16895,1.52,11.49,73.34,1,Light Rain,0.2039,0,Safe
26.56802,97.32366,2.99,435.54,24.81,1,Light Rain,0.4098,1,Watch
26.50722,96.93936,77.38,23.6,22.72,1,Light Rain,0.2788,1,Watch
29.22478,97.20357,48.44,165.96,52.61,1,Light Rain,0.3309,1,Watch
24.82274,96.7313,35.66,23.54,60.91,2,Heavy Rain,0.2775,1,Watch
23.09659,90.73846,0.41,28.38,21.16,0,Clear,0.063,0,Safe
26.0742,88.1608,40.76,98.66,16.29,3,Extreme Storm,0.269,1,Watch
25.69512,94.12448,2.27,55.62,93.98,0,Clear,0.31,1,Watch
28.65757,88.92141,32.61,478.29,11.79,1,Light Rain,0.4065,1,Watch
28.1463,94.30439,1.47,20.06,25.95,1,Light Rain,0.1486,0,Safe
24.69077,93.75488,7.22,86.39,34.66,0,Clear,0.213,0,Safe
25.84331,91.42974,20.47,143.65,26.5,1,Light Rain,0.2137,0,Safe
25.99235,91.99679,4.62,34.73,59.27,3,Extreme Storm,0.2618,1,Watch
25.90139,93.39791,17.4,48.08,42.39,3,Extreme Storm,0.2733,1,Watch
25.76064,89.24044,7.64,516.19,66.51,1,Light Rain,0.533,2,Warning
26.63557,94.57399,1.49,0.08,10.17,1,Light Rain,0.0578,0,Safe
28.22262,93.88993,1.32,29.37,84.9,2,Heavy Rain,0.2419,0,Safe
27.98276,91.06331,71.66,25.34,64.4,1,Light Rain,0.3649,1,Watch
24.74779,94.07737,9.31,5.09,84.79,1,Light Rain,0.3307,1,Watch
24.55787,92.16035,20.06,68.05,60.45,1,Light Rain,0.2363,0,Safe
23.83603,88.71213,33.82,113.67,66.53,1,Light Rain,0.2659,1,Watch
25.02962,89.93721,131.85,52.35,46.29,0,Clear,0.4072,1,Watch
26.14915,90.83309,23.24,39.28,64.38,1,Light Rain,0.2425,0,Safe
25.13557,90.9543,1.14,122.84,66.05,0,Clear,0.2222,0,Safe
27.85311,92.3347,70.71,434.7,74.65,1,Light Rain,0.6227,2,Warning
26.70736,93.55737,119.48,13.27,57.64,1,Light Rain,0.3366,1,Watch
21.92468,89.02675,48.96,1.7,67.69,1,Light Rain,0.3046,1,Watch
23.59642,93.71114,7.46,25.57,70.34,3,Extreme Storm,0.2547,1,Watch
27.98643,94.58485,2.99,171.81,92.97,2,Heavy Rain,0.3712,1,Watch
25.79849,89.20898,11.43,204.4,79.61,3,Extreme Storm,0.4064,1,Watch
24.37881,88.53684,123.67,10.44,66.75,1,Light Rain,0.4198,1,Watch
26.78246,92.2574,0.52,445.53,75.21,2,Heavy Rain,0.48,1,Watch
27.34997,91.89359,1.16,240.55,14.49,2,Heavy Rain,0.3487,1,Watch
26.85921,94.02446,92.16,27.16,39.53,2,Heavy Rain,0.3222,1,Watch
28.37665,91.52577,12.81,2.38,35.58,2,Heavy Rain,0.0939,0,Safe
25.37446,94.12133,1.64,273.42,34.26,1,Light Rain,0.2616,1,Watch
26.25017,94.77978,21.8,25.91,79.14,1,Light Rain,0.3088,1,Watch
25.80667,89.73872,111.29,99.52,44.54,0,Clear,0.4171,1,Watch
22.37495,88.90975,1.99,80.5,35.21,2,Heavy Rain,0.2182,0,Safe
23.96134,89.8348,0.16,239.01,99.87,1,Light Rain,0.446,1,Watch
26.44434,96.76705,1.52,148.33,35.78,2,Heavy Rain,0.1963,0,Safe
26.33796,94.69163,78.79,90.15,31.33,3,Extreme Storm,0.4293,1,Watch
24.57832,93.88855,48.82,22.51,18.82,0,Clear,0.1657,0,Safe
24.57991,96.17483,42.27,10.38,48.41,2,Heavy Rain,0.2779,1,Watch
27.52423,91.24907,41.86,38.13,92.38,3,Extreme Storm,0.4268,1,Watch
21.66968,93.5985,7.91,75.21,71.53,3,Extreme Storm,0.3634,1,Watch
25.53274,93.27143,59.42,50.06,63.65,2,Heavy Rain,0.3262,1,Watch
23.75543,91.68118,3.53,77.66,91.04,0,Clear,0.3228,1,Watch
22.46228,91.35565,1.59,2.71,61.66,1,Light Rain,0.2241,0,Safe
27.42957,92.2459,55.87,61.56,21.02,0,Clear,0.1828,0,Safe
28.06872,90.68217,14.9,48.14,15.03,3,Extreme Storm,0.1836,0,Safe
27.9064,97.13755,3.89,64.63,26.72,2,Heavy Rain,0.0967,0,Safe
27.14257,88.26863,23.19,9.83,90.44,1,Light Rain,0.2353,0,Safe
27.49805,90.50678,13.07,19.29,29.22,3,Extreme Storm,0.2295,0,Safe
26.52393,91.7928,46.88,24.43,71.69,0,Clear,0.3098,1,Watch
24.33945,91.65666,2.32,135.88,77.97,2,Heavy Rain,0.3988,1,Watch
23.97509,95.31141,94.74,9.6,31.92,2,Heavy Rain,0.2569,1,Watch
26.32875,94.15252,12.56,505.16,19.88,1,Light Rain,0.5325,2,Warning
28.29519,97.4086,1.84,41.04,59.69,1,Light Rain,0.253,1,Watch
28.62191,90.98484,58.44,26.93,58.03,0,Clear,0.2375,0,Safe
22.10923,97.06829,0.63,201.95,11.66,2,Heavy Rain,0.238,0,Safe
27.4666,91.92479,12.54,448.98,50.39,1,Light Rain,0.4116,1,Watch
26.43395,89.29137,7.47,14.37,24.36,0,Clear,0.0582,0,Safe
25.6724,93.7108,6.39,35.89,22.15,3,Extreme Storm,0.2115,0,Safe
26.71235,91.46853,1.78,44.88,68.33,1,Light Rain,0.2396,0,Safe
26.71,95.9432,45.61,224.53,39.49,2,Heavy Rain,0.4608,1,Watch
23.84779,93.84037,0.39,98.91,11.84,0,Clear,0.037,0,Safe
22.79094,92.84444,4.55,116.93,19.42,0,Clear,0.1294,0,Safe
25.78158,93.69835,0.62,316.63,10.31,3,Extreme Storm,0.2924,1,Watch
21.73633,92.90341,110.74,289.53,52.99,1,Light Rain,0.6048,2,Warning
24.53784,94.72483,0.65,10.69,89.59,1,Light Rain,0.2761,1,Watch
27.47299,91.30705,38.0,508.04,13.2,1,Light Rain,0.4687,1,Watch
26.18215,94.51051,24.06,119.08,81.89,0,Clear,0.3189,1,Watch
25.84302,90.51392,70.47,0.32,31.41,3,Extreme Storm,0.2611,1,Watch
28.61384,88.85779,7.45,48.23,68.36,0,Clear,0.2634,1,Watch
25.32473,89.80223,17.47,21.97,61.97,0,Clear,0.2055,0,Safe
25.52701,91.92049,138.83,30.85,53.56,3,Extreme Storm,0.4956,1,Watch
25.72687,95.57749,6.11,110.92,77.39,1,Light Rain,0.3342,1,Watch
21.59089,93.8123,19.21,198.41,45.57,3,Extreme Storm,0.3437,1,Watch
25.76903,90.92232,46.95,388.6,12.91,2,Heavy Rain,0.5161,2,Warning
24.0863,88.37387,36.93,0.12,50.81,1,Light Rain,0.2848,1,Watch
25.79286,91.54734,3.01,287.02,41.67,1,Light Rain,0.3324,1,Watch
27.46115,90.84558,3.63,7.18,36.26,2,Heavy Rain,0.1561,0,Safe
26.8252,96.15882,8.36,31.98,95.99,1,Light Rain,0.3341,1,Watch
26.0891,93.4066,16.97,24.79,71.45,1,Light Rain,0.3016,1,Watch
21.98494,90.98025,1.15,226.3,27.53,3,Extreme Storm,0.3916,1,Watch
23.28105,96.16835,26.77,422.03,91.53,2,Heavy Rain,0.6473,2,Warning
25.90621,94.29104,3.04,22.7,15.45,3,Extreme Storm,0.1643,0,Safe
28.53199,90.07295,0.99,24.06,77.93,1,Light Rain,0.2513,1,Watch
25.74862,90.66156,2.79,4.34,12.28,0,Clear,0.0,0,Safe
27.44271,97.12146,13.77,28.21,63.73,3,Extreme Storm,0.2839,1,Watch
27.42734,93.64077,7.19,30.04,72.14,2,Heavy Rain,0.2935,1,Watch
26.56175,91.91424,53.03,7.75,87.39,2,Heavy Rain,0.2884,1,Watch
26.9521,91.04372,0.77,99.23,84.79,1,Light Rain,0.3199,1,Watch
26.82437,90.668,1.93,4.04,53.95,1,Light Rain,0.1416,0,Safe
21.76803,88.60476,33.74,59.89,62.15,1,Light Rain,0.3479,1,Watch
21.87304,94.5123,1.08,216.73,27.63,2,Heavy Rain,0.2706,1,Watch
24.94414,93.28339,0.6,277.0,38.89,2,Heavy Rain,0.339,1,Watch
26.35431,89.00448,15.06,50.95,65.84,3,Extreme Storm,0.3182,1,Watch
24.49273,90.7559,150.0,99.39,77.24,0,Clear,0.5092,2,Warning
27.5258,90.98371,83.55,43.38,48.68,1,Light Rain,0.3549,1,Watch
26.69502,91.91007,54.83,312.24,56.12,2,Heavy Rain,0.4927,1,Watch
25.50654,92.96594,2.74,15.98,10.75,2,Heavy Rain,0.1097,0,Safe
26.05761,97.25191,1.26,26.88,38.68,0,Clear,0.1487,0,Safe
27.36791,93.26315,12.8,123.47,52.48,0,Clear,0.2352,0,Safe
23.80508,93.74885,11.69,336.22,97.34,1,Light Rain,0.5465,2,Warning
25.78112,92.72071,24.99,138.78,45.96,0,Clear,0.2313,0,Safe
22.14591,90.03232,65.42,380.39,80.27,2,Heavy Rain,0.644,2,Warning
26.13784,90.96,15.47,41.6,40.16,2,Heavy Rain,0.2729,1,Watch
22.99522,90.15984,1.98,0.97,60.05,3,Extreme Storm,0.2782,1,Watch
22.13795,91.42065,1.91,32.78,62.35,1,Light Rain,0.1394,0,Safe
22.07019,92.21097,0.14,69.79,34.99,2,Heavy Rain,0.2231,0,Safe
27.33865,94.35453,0.62,96.18,77.24,3,Extreme Storm,0.3121,1,Watch
26.82254,96.56997,14.55,7.38,38.95,3,Extreme Storm,0.1896,0,Safe
22.97014,91.55955,8.8,32.46,46.68,0,Clear,0.1727,0,Safe
27.08668,93.12589,1.35,137.01,83.45,0,Clear,0.2634,1,Watch
26.3804,89.67842,1.0,2.3,16.76,3,Extreme Storm,0.1007,0,Safe
22.59906,90.96358,95.12,203.37,43.6,1,Light Rain,0.4363,1,Watch
27.72046,96.33392,0.24,25.66,22.94,2,Heavy Rain,0.117,0,Safe
25.68723,92.28257,28.24,239.47,77.34,3,Extreme Storm,0.4349,1,Watch
23.35906,88.24916,11.54,282.88,75.43,1,Light Rain,0.4519,1,Watch
26.56893,91.91187,40.87,70.96,28.84,1,Light Rain,0.2603,1,Watch
29.07656,88.62134,78.91,65.88,72.46,0,Clear,0.3928,1,Watch
26.02426,97.062,42.38,24.63,72.88,3,Extreme Storm,0.3333,1,Watch
28.45161,95.12367,35.6,374.44,78.69,2,Heavy Rain,0.5888,2,Warning
27.86395,93.43193,1.03,213.65,25.58,0,Clear,0.1883,0,Safe
28.05943,91.4649,11.62,225.0,79.05,1,Light Rain,0.3496,1,Watch
26.07063,90.70507,3.87,159.48,51.15,1,Light Rain,0.2441,0,Safe
26.88149,88.07971,1.12,159.41,51.31,0,Clear,0.1236,0,Safe
24.9352,91.80264,0.14,51.94,69.51,0,Clear,0.1663,0,Safe
27.45703,89.4283,4.07,98.74,48.72,1,Light Rain,0.1691,0,Safe
26.32674,90.33353,8.28,290.38,52.21,1,Light Rain,0.3794,1,Watch
25.12354,93.20288,1.95,11.04,13.23,2,Heavy Rain,0.122,0,Safe
24.87577,91.63902,0.0,439.13,74.24,0,Clear,0.4108,1,Watch
23.77377,94.01532,0.0,125.62,45.81,3,Extreme Storm,0.3314,1,Watch
26.56957,89.39973,31.75,3.42,97.56,1,Light Rain,0.3081,1,Watch
26.01475,91.40309,117.74,6.91,72.72,0,Clear,0.3398,1,Watch
26.19945,92.55001,93.8,368.75,13.2,1,Light Rain,0.3969,1,Watch
28.28098,92.99165,21.74,381.21,19.6,3,Extreme Storm,0.4073,1,Watch
25.8265,92.21531,1.82,34.22,46.11,1,Light Rain,0.1689,0,Safe
26.28377,91.81499,9.29,600.0,65.03,3,Extreme Storm,0.7179,2,Warning
26.97148,90.59097,107.86,15.07,68.82,0,Clear,0.3577,1,Watch
28.88368,92.00375,1.4,406.95,38.95,3,Extreme Storm,0.4584,1,Watch
24.14917,92.45121,0.42,27.22,23.88,1,Light Rain,0.1351,0,Safe
29.24491,90.96218,5.31,96.9,56.06,3,Extreme Storm,0.3192,1,Watch
23.51866,94.39521,8.09,31.93,90.66,3,Extreme Storm,0.3012,1,Watch
22.23272,92.98107,9.62,109.15,71.76,2,Heavy Rain,0.3174,1,Watch
27.00278,93.02395,11.96,30.49,30.46,2,Heavy Rain,0.1601,0,Safe
24.30153,89.71663,5.51,63.26,94.85,0,Clear,0.2825,1,Watch
25.12965,92.76516,2.58,330.3,28.97,2,Heavy Rain,0.3446,1,Watch
25.48432,93.189,102.29,326.68,45.28,1,Light Rain,0.5025,2,Warning
25.39457,91.35488,30.74,87.63,46.89,1,Light Rain,0.3188,1,Watch
26.54581,88.71351,23.16,15.21,56.54,1,Light Rain,0.2216,0,Safe
28.44279,90.96546,4.44,361.18,22.32,3,Extreme Storm,0.4231,1,Watch
26.19054,92.38035,2.8,584.26,31.63,0,Clear,0.4686,1,Watch
28.57844,88.18686,1.06,76.58,66.25,1,Light Rain,0.2844,1,Watch
26.43989,94.0799,18.75,270.56,46.12,1,Light Rain,0.3566,1,Watch
26.18098,89.88417,11.86,275.91,83.76,3,Extreme Storm,0.552,2,Warning
28.80096,95.71355,13.08,377.14,79.09,3,Extreme Storm,0.4561,1,Watch
22.68167,92.24082,18.3,8.28,60.59,1,Light Rain,0.2248,0,Safe
25.48234,91.67824,15.08,554.77,94.32,1,Light Rain,0.6745,2,Warning
27.42472,91.63091,0.31,110.64,53.67,3,Extreme Storm,0.3206,1,Watch
26.52017,93.40267,12.15,28.33,40.15,0,Clear,0.0962,0,Safe
29.49437,93.70658,44.31,158.6,52.24,1,Light Rain,0.3146,1,Watch
24.3425,93.75928,0.19,19.45,34.79,0,Clear,0.0585,0,Safe
23.97755,92.62785,1.0,37.68,91.02,3,Extreme Storm,0.3738,1,Watch
27.29845,92.92525,3.03,20.05,27.18,1,Light Rain,0.1559,0,Safe
24.96614,89.21248,1.61,53.27,76.07,1,Light Rain,0.1959,0,Safe
25.55403,97.04377,19.47,151.87,53.94,1,Light Rain,0.3101,1,Watch
21.58174,90.61097,0.75,143.11,95.42,3,Extreme Storm,0.4006,1,Watch
28.32824,91.33934,18.29,329.82,53.07,3,Extreme Storm,0.5529,2,Warning
22.19133,89.00887,1.32,12.82,15.71,0,Clear,0.0725,0,Safe
24.68059,92.47276,16.51,572.42,83.8,2,Heavy Rain,0.6712,2,Warning
25.6252,88.13069,0.14,70.15,22.92,1,Light Rain,0.1323,0,Safe
23.77288,91.62001,0.44,237.55,51.31,0,Clear,0.3393,1,Watch
25.07269,95.46957,0.91,89.64,82.43,1,Light Rain,0.303,1,Watch
23.8543,94.21121,6.32,4.31,97.18,3,Extreme Storm,0.2848,1,Watch
23.75774,92.25241,8.02,254.22,75.11,1,Light Rain,0.4646,1,Watch
26.1275,92.36556,29.18,166.67,14.01,1,Light Rain,0.2606,1,Watch
22.99494,94.1657,11.77,498.12,13.91,2,Heavy Rain,0.4317,1,Watch
23.67825,92.17448,18.23,150.94,69.99,3,Extreme Storm,0.43,1,Watch
24.29519,88.71026,1.23,306.64,29.95,1,Light Rain,0.2901,1,Watch
26.92639,91.15475,1.2,18.21,31.37,1,Light Rain,0.1003,0,Safe
27.89802,91.70205,77.52,154.91,47.81,2,Heavy Rain,0.4138,1,Watch
26.97055,95.66165,24.88,66.84,54.46,0,Clear,0.2462,0,Safe
29.47991,94.35435,0.8,482.35,67.21,1,Light Rain,0.5431,2,Warning
26.47248,92.20603,0.86,269.12,70.75,0,Clear,0.3953,1,Watch
27.42215,92.06147,16.29,21.56,46.28,1,Light Rain,0.2095,0,Safe
25.93261,90.8442,2.31,600.0,12.72,1,Light Rain,0.5271,2,Warning
26.74029,95.78161,15.67,61.21,37.35,2,Heavy Rain,0.296,1,Watch
23.66023,95.4816,1.14,190.0,34.56,1,Light Rain,0.2604,1,Watch
28.27927,90.76091,100.88,155.46,59.97,3,Extreme Storm,0.5082,2,Warning
26.19946,89.81106,10.0,5.5,14.14,3,Extreme Storm,0.1485,0,Safe
28.61401,96.36977,4.04,19.48,86.45,0,Clear,0.1588,0,Safe
23.25468,90.27245,0.35,6.28,17.87,1,Light Rain,0.0836,0,Safe
27.6272,90.07167,1.27,253.57,50.58,1,Light Rain,0.3063,1,Watch
26.66865,89.10729,11.48,39.13,46.28,1,Light Rain,0.1661,0,Safe
25.8444,92.05432,2.22,40.9,60.38,1,Light Rain,0.2138,0,Safe
24.73003,90.47219,2.8,600.0,13.88,1,Light Rain,0.3887,1,Watch
24.30864,94.1845,2.22,14.71,83.85,0,Clear,0.216,0,Safe
24.78716,94.35594,15.32,546.15,86.42,1,Light Rain,0.6472,2,Warning
26.49457,94.24021,77.9,4.88,82.88,2,Heavy Rain,0.3455,1,Watch
26.6086,93.77478,0.78,20.71,45.72,1,Light Rain,0.2169,0,Safe
25.69723,93.04835,36.78,28.93,45.84,0,Clear,0.2129,0,Safe
25.76268,91.75547,23.08,43.07,55.26,0,Clear,0.257,1,Watch
24.35931,94.86305,11.31,44.51,54.02,1,Light Rain,0.2343,0,Safe
26.66302,96.14616,0.89,7.97,16.96,2,Heavy Rain,0.1303,0,Safe
22.56271,95.27223,18.75,117.03,40.21,1,Light Rain,0.304,1,Watch
23.56131,96.30413,1.24,59.72,56.76,1,Light Rain,0.2697,1,Watch
27.54678,90.48201,11.28,32.9,83.4,3,Extreme Storm,0.4269,1,Watch
22.37827,92.37505,1.07,115.48,48.41,1,Light Rain,0.2282,0,Safe
24.21135,90.27699,6.87,20.34,86.16,1,Light Rain,0.2419,0,Safe
23.20227,93.93933,7.67,19.85,74.45,1,Light Rain,0.1992,0,Safe
25.86284,92.97797,0.92,170.94,17.73,1,Light Rain,0.1541,0,Safe
26.69687,94.30712,103.53,59.35,12.54,3,Extreme Storm,0.3706,1,Watch
24.788,97.03101,50.59,165.62,96.4,1,Light Rain,0.5781,2,Warning
25.61116,91.89663,23.2,151.83,18.1,3,Extreme Storm,0.3455,1,Watch
27.87208,96.95125,1.12,5.65,35.55,0,Clear,0.0873,0,Safe
26.01058,91.98492,33.61,32.91,99.86,0,Clear,0.3583,1,Watch
26.11679,97.04855,0.5,15.66,70.13,2,Heavy Rain,0.2311,0,Safe
22.17523,91.51197,0.25,138.84,71.56,1,Light Rain,0.2856,1,Watch
28.75527,95.57769,0.88,168.75,66.89,1,Light Rain,0.2731,1,Watch
26.44264,91.39223,2.25,252.43,23.35,2,Heavy Rain,0.2584,1,Watch
25.8286,92.88786,30.81,113.23,43.13,1,Light Rain,0.2902,1,Watch
27.81303,89.77081,1.53,153.38,42.8,0,Clear,0.2711,1,Watch
26.34102,92.00701,85.22,270.43,50.96,1,Light Rain,0.5247,2,Warning
22.08429,91.14347,8.84,155.93,33.84,0,Clear,0.2616,1,Watch
25.63053,89.72675,59.44,253.07,64.36,3,Extreme Storm,0.56,2,Warning
21.9745,91.46277,13.97,125.97,47.9,2,Heavy Rain,0.2923,1,Watch
25.96683,91.44559,34.69,33.71,71.32,3,Extreme Storm,0.3376,1,Watch
26.64679,90.45519,0.06,60.07,73.18,3,Extreme Storm,0.3462,1,Watch
27.67661,91.85964,44.56,191.02,30.87,1,Light Rain,0.2449,0,Safe
26.53241,95.78308,0.68,433.73,57.34,3,Extreme Storm,0.5095,2,Warning
28.56333,90.86874,16.38,20.96,42.8,2,Heavy Rain,0.1834,0,Safe
21.66828,88.47614,1.43,251.45,16.1,1,Light Rain,0.2934,1,Watch
29.27835,92.25007,0.85,473.68,29.57,1,Light Rain,0.3694,1,Watch
29.23891,91.2662,1.01,77.17,66.26,2,Heavy Rain,0.3226,1,Watch
21.82326,89.5168,1.24,477.1,17.91,1,Light Rain,0.4137,1,Watch
23.00676,93.59641,1.18,160.46,35.64,2,Heavy Rain,0.2807,1,Watch
29.37245,90.82446,10.69,2.99,23.51,1,Light Rain,0.0932,0,Safe
21.67699,90.64241,12.06,39.13,31.72,2,Heavy Rain,0.1336,0,Safe
28.12588,96.17255,14.09,191.44,24.29,0,Clear,0.2318,0,Safe
26.42269,92.19826,40.87,144.55,14.04,2,Heavy Rain,0.3017,1,Watch
21.64759,96.77696,15.14,91.66,15.98,2,Heavy Rain,0.2128,0,Safe
26.5611,92.0023,2.53,494.18,32.82,1,Light Rain,0.4433,1,Watch
26.31815,92.72858,18.23,31.86,51.97,1,Light Rain,0.1694,0,Safe
28.74256,91.02023,0.27,57.6,68.68,1,Light Rain,0.219,0,Safe
29.27313,88.94975,1.97,25.38,30.42,0,Clear,0.1143,0,Safe
24.49353,92.13709,0.89,37.27,20.64,1,Light Rain,0.0797,0,Safe
26.6308,91.35574,18.85,110.73,54.6,1,Light Rain,0.2366,0,Safe
24.40074,96.13271,28.27,337.16,59.48,2,Heavy Rain,0.4294,1,Watch
22.42507,88.71545,2.0,5.12,44.63,0,Clear,0.1397,0,Safe
23.7338,91.73819,6.69,97.83,94.43,0,Clear,0.333,1,Watch
24.95196,89.19085,9.2,96.82,44.8,2,Heavy Rain,0.3047,1,Watch
28.72581,91.88693,13.46,112.61,95.46,2,Heavy Rain,0.3171,1,Watch
23.18975,96.43415,13.16,240.35,60.76,0,Clear,0.381,1,Watch
26.23335,97.18413,5.02,89.8,45.9,0,Clear,0.2275,0,Safe
21.75609,95.84214,16.05,29.32,23.65,0,Clear,0.1538,0,Safe
21.82731,94.57397,79.81,179.47,63.64,3,Extreme Storm,0.5165,2,Warning
27.8524,88.67139,0.58,241.91,43.16,2,Heavy Rain,0.3457,1,Watch
27.58182,91.90917,12.79,65.29,43.12,3,Extreme Storm,0.2813,1,Watch
29.13486,90.28722,1.87,94.48,30.58,2,Heavy Rain,0.1727,0,Safe
29.31616,88.0109,67.6,20.23,93.56,3,Extreme Storm,0.4252,1,Watch
25.22403,88.24932,9.34,55.12,76.92,1,Light Rain,0.287,1,Watch
29.41326,88.82698,40.51,17.85,69.05,1,Light Rain,0.2754,1,Watch
26.78969,92.74001,2.14,100.65,64.25,2,Heavy Rain,0.3266,1,Watch
26.25191,90.84112,24.68,37.77,49.08,0,Clear,0.1747,0,Safe
26.01091,92.72685,3.18,198.55,51.07,0,Clear,0.2066,0,Safe
29.24249,95.91375,39.26,77.3,52.76,0,Clear,0.192,0,Safe
26.89295,93.67854,15.31,0.65,32.36,1,Light Rain,0.1097,0,Safe
26.42929,91.25367,0.65,127.01,50.66,1,Light Rain,0.2748,1,Watch
21.80083,91.20781,42.18,96.61,85.08,1,Light Rain,0.36,1,Watch
27.15057,93.97638,1.46,439.17,16.12,2,Heavy Rain,0.4141,1,Watch
23.40121,90.79379,0.61,7.53,67.02,2,Heavy Rain,0.1734,0,Safe
24.76312,93.36343,8.66,211.36,73.65,3,Extreme Storm,0.4459,1,Watch
23.29041,93.87171,14.99,56.95,70.0,1,Light Rain,0.2728,1,Watch
24.51494,92.05029,12.23,191.72,89.14,1,Light Rain,0.452,1,Watch
24.07448,88.86934,33.09,508.69,88.16,1,Light Rain,0.6542,2,Warning
29.34892,94.5553,1.07,101.5,84.23,1,Light Rain,0.3439,1,Watch
22.2862,97.10928,0.42,31.91,20.35,1,Light Rain,0.184,0,Safe
25.39992,92.68855,48.7,27.1,86.62,1,Light Rain,0.3507,1,Watch
26.09186,91.91124,27.96,30.39,40.28,0,Clear,0.2289,0,Safe
25.93145,94.45884,11.43,22.4,47.17,2,Heavy Rain,0.2235,0,Safe
28.06776,93.77911,76.18,358.59,58.79,1,Light Rain,0.525,2,Warning
21.80572,89.15258,1.61,52.56,81.99,1,Light Rain,0.2717,1,Watch
26.14909,89.12634,18.9,453.63,61.99,0,Clear,0.4686,1,Watch
24.71581,94.47678,0.76,91.19,16.68,0,Clear,0.0849,0,Safe
24.19562,92.13846,15.29,118.29,47.45,1,Light Rain,0.2334,0,Safe
23.16124,96.18081,14.96,16.05,54.07,0,Clear,0.1587,0,Safe
23.76505,92.02729,32.1,121.18,67.32,2,Heavy Rain,0.3977,1,Watch
23.47242,94.82078,1.32,20.09,37.61,3,Extreme Storm,0.1416,0,Safe
25.15783,96.38425,8.25,112.86,46.34,1,Light Rain,0.2497,0,Safe
24.59906,92.07237,54.09,29.32,60.59,2,Heavy Rain,0.3326,1,Watch
24.51672,88.22032,6.12,225.94,70.97,1,Light Rain,0.427,1,Watch
27.63834,94.84963,44.69,347.56,58.32,2,Heavy Rain,0.504,2,Warning
23.23213,96.99853,0.98,65.45,26.89,2,Heavy Rain,0.2244,0,Safe
24.9323,90.58467,51.72,65.24,23.15,2,Heavy Rain,0.2198,0,Safe
26.7597,94.51285,20.91,235.36,73.04,2,Heavy Rain,0.4228,1,Watch
26.65524,89.95381,1.91,4.87,13.98,2,Heavy Rain,0.1247,0,Safe
25.10571,96.24537,9.86,0.53,91.18,1,Light Rain,0.3024,1,Watch
26.74133,94.59665,1.74,118.58,23.49,1,Light Rain,0.1634,0,Safe
23.71319,92.32446,0.45,401.4,65.96,1,Light Rain,0.4755,1,Watch
25.58647,88.79073,31.47,1.94,73.5,1,Light Rain,0.2642,1,Watch
22.5554,93.77005,18.15,101.58,34.79,1,Light Rain,0.2499,0,Safe
24.8933,90.04276,21.1,157.27,88.49,0,Clear,0.3554,1,Watch
25.58002,90.71278,21.37,12.64,12.18,2,Heavy Rain,0.1322,0,Safe
25.98454,95.36206,14.4,172.85,17.28,3,Extreme Storm,0.3221,1,Watch
26.17538,93.02225,0.38,222.15,45.16,3,Extreme Storm,0.37,1,Watch
21.69567,88.72571,1.22,93.4,96.43,1,Light Rain,0.3654,1,Watch
26.60808,92.81118,0.92,92.03,96.32,0,Clear,0.4036,1,Watch
27.91206,88.17876,107.35,77.19,38.13,3,Extreme Storm,0.3463,1,Watch
22.7588,90.44018,1.01,123.57,78.1,2,Heavy Rain,0.3049,1,Watch
27.26469,89.41389,0.86,24.61,50.11,1,Light Rain,0.1393,0,Safe
27.82206,97.17032,0.57,156.53,79.3,2,Heavy Rain,0.3361,1,Watch
26.40524,91.22882,28.88,296.34,97.53,1,Light Rain,0.5798,2,Warning
26.83532,95.73559,11.64,351.3,59.72,3,Extreme Storm,0.3962,1,Watch
23.30084,96.14783,44.37,221.46,72.79,0,Clear,0.4228,1,Watch
29.27005,94.02844,44.38,97.64,19.62,2,Heavy Rain,0.1935,0,Safe
29.38408,88.61438,6.28,1.44,71.37,2,Heavy Rain,0.2575,1,Watch
26.62497,89.52427,107.89,12.62,97.31,0,Clear,0.4419,1,Watch
26.03568,96.32994,0.12,52.31,67.95,1,Light Rain,0.2745,1,Watch
24.57166,90.77546,62.84,549.86,51.02,2,Heavy Rain,0.6549,2,Warning
24.04832,96.76543,4.45,142.56,21.37,0,Clear,0.149,0,Safe
27.02679,91.15396,13.4,26.69,24.8,1,Light Rain,0.0535,0,Safe
23.58022,95.96568,75.3,6.24,77.13,1,Light Rain,0.447,1,Watch
28.95053,88.05994,6.87,24.65,46.04,2,Heavy Rain,0.2219,0,Safe
28.04597,88.12516,1.38,13.09,76.52,1,Light Rain,0.2532,1,Watch
29.44589,95.96472,0.48,229.1,26.55,2,Heavy Rain,0.3295,1,Watch
23.38046,92.47263,37.99,54.07,51.23,0,Clear,0.2247,0,Safe
29.48934,93.57015,1.89,27.29,43.56,0,Clear,0.1472,0,Safe
28.07114,93.16381,10.47,385.47,63.74,1,Light Rain,0.4957,1,Watch
23.63523,94.03022,14.55,135.73,12.39,0,Clear,0.0867,0,Safe
27.09739,91.99784,33.21,538.09,65.74,1,Light Rain,0.633,2,Warning
26.44638,88.67727,0.2,28.99,26.39,2,Heavy Rain,0.2353,0,Safe
25.98794,91.36922,23.77,192.07,78.18,2,Heavy Rain,0.4997,1,Watch
26.94504,89.5144,18.52,214.39,26.1,0,Clear,0.3003,1,Watch
24.39441,91.72818,16.36,569.51,18.81,2,Heavy Rain,0.5971,2,Warning
25.78739,93.4101,1.52,58.1,56.12,1,Light Rain,0.1645,0,Safe
24.88525,92.08833,31.65,137.43,14.35,2,Heavy Rain,0.2259,0,Safe
26.35689,94.34923,48.18,176.56,59.32,0,Clear,0.3098,1,Watch
24.89484,93.62694,1.87,523.35,36.17,1,Light Rain,0.6156,2,Warning
23.47992,88.95987,6.18,403.91,63.05,2,Heavy Rain,0.5136,2,Warning
27.31736,91.37667,2.9,49.59,53.48,0,Clear,0.115,0,Safe
23.58635,95.5685,25.6,462.38,37.68,2,Heavy Rain,0.4677,1,Watch
27.75846,93.18764,14.27,10.74,76.24,1,Light Rain,0.2592,1,Watch
25.89695,95.58444,0.39,415.58,69.34,2,Heavy Rain,0.4632,1,Watch
26.83628,88.82251,1.08,513.58,17.93,3,Extreme Storm,0.5638,2,Warning
26.95069,92.07465,0.34,18.39,98.56,0,Clear,0.2908,1,Watch
25.83904,90.85647,85.97,11.25,55.64,2,Heavy Rain,0.3691,1,Watch
25.43882,95.62765,31.53,21.54,81.7,0,Clear,0.229,0,Safe
23.50644,94.41703,50.46,22.28,89.06,0,Clear,0.2688,1,Watch
25.17403,89.04596,51.47,46.01,23.02,2,Heavy Rain,0.2546,1,Watch
25.09563,95.31217,1.64,234.12,14.91,0,Clear,0.2016,0,Safe
26.75568,92.93533,0.95,456.39,23.39,1,Light Rain,0.3463,1,Watch
25.36775,94.01325,0.37,4.39,10.7,2,Heavy Rain,0.0948,0,Safe
26.23664,96.99857,0.22,16.38,10.42,1,Light Rain,0.0686,0,Safe
25.8745,90.03795,4.73,494.19,81.22,2,Heavy Rain,0.6366,2,Warning
28.1726,92.89243,9.73,54.68,13.9,2,Heavy Rain,0.2383,0,Safe
25.89024,96.24636,30.68,192.83,22.32,3,Extreme Storm,0.2523,1,Watch
23.29358,91.48825,41.63,27.26,33.69,1,Light Rain,0.2372,0,Safe
25.17972,89.83073,139.06,19.34,15.75,1,Light Rain,0.2895,1,Watch
27.40424,94.49661,30.59,85.13,43.36,1,Light Rain,0.2663,1,Watch
28.03861,91.41147,0.79,0.47,68.59,1,Light Rain,0.2117,0,Safe
24.47648,97.16492,105.29,242.66,64.19,0,Clear,0.5177,2,Warning
28.57865,97.38275,10.25,112.17,17.28,1,Light Rain,0.1187,0,Safe
23.43126,92.57878,4.91,8.48,74.04,0,Clear,0.2377,0,Safe
26.47646,91.3657,0.7,287.3,38.59,2,Heavy Rain,0.3575,1,Watch
28.36424,88.50414,51.98,175.14,69.26,2,Heavy Rain,0.4989,1,Watch
26.85913,88.30866,102.06,224.45,42.16,3,Extreme Storm,0.5888,2,Warning
27.05641,90.76905,1.52,25.64,69.08,3,Extreme Storm,0.3018,1,Watch
28.01841,91.90038,1.52,48.62,62.16,0,Clear,0.2299,0,Safe
26.31119,92.75484,92.53,600.0,21.83,0,Clear,0.6449,2,Warning
27.5531,91.03331,2.9,293.46,94.27,0,Clear,0.4897,1,Watch
23.92621,92.19125,0.21,241.97,10.23,1,Light Rain,0.2712,1,Watch
26.64977,94.47236,43.42,13.44,28.62,0,Clear,0.1063,0,Safe
26.54196,88.46683,7.2,23.94,98.89,3,Extreme Storm,0.3863,1,Watch
24.6764,92.70315,19.39,600.0,35.04,0,Clear,0.4644,1,Watch
23.19929,97.13108,0.28,13.72,52.74,1,Light Rain,0.1539,0,Safe
22.37794,96.78502,30.79,3.69,16.54,3,Extreme Storm,0.1759,0,Safe
23.38953,97.3207,26.3,50.84,61.22,3,Extreme Storm,0.3542,1,Watch
24.10626,95.7576,2.63,301.14,67.07,1,Light Rain,0.397,1,Watch
23.1452,96.62008,34.6,90.91,18.81,1,Light Rain,0.1922,0,Safe
26.98988,92.82334,53.57,325.81,87.65,2,Heavy Rain,0.6323,2,Warning
29.02419,91.45059,3.33,127.21,51.51,1,Light Rain,0.2876,1,Watch
26.84114,92.12621,2.12,600.0,56.52,1,Light Rain,0.5892,2,Warning
27.46781,91.82253,0.91,2.46,49.77,2,Heavy Rain,0.2242,0,Safe
28.90923,96.63675,25.73,83.43,50.63,1,Light Rain,0.2842,1,Watch
25.28417,88.17718,55.73,62.48,33.83,1,Light Rain,0.331,1,Watch
28.99789,96.36168,3.28,75.2,73.18,0,Clear,0.2302,0,Safe
27.92558,96.91126,2.0,242.02,74.88,0,Clear,0.3218,1,Watch
23.74377,90.55269,4.87,151.36,57.35,1,Light Rain,0.2939,1,Watch
23.66326,89.00488,31.45,236.12,59.24,2,Heavy Rain,0.3866,1,Watch
26.62117,92.19402,1.4,217.79,64.65,2,Heavy Rain,0.3611,1,Watch
27.30097,92.00761,0.54,31.24,72.22,3,Extreme Storm,0.3203,1,Watch
27.73983,88.925,72.06,67.27,14.19,2,Heavy Rain,0.2468,0,Safe
24.31882,92.09116,21.18,117.21,19.74,0,Clear,0.1537,0,Safe
27.24342,91.99216,52.12,18.84,49.85,2,Heavy Rain,0.2798,1,Watch
24.19139,94.69925,0.77,25.45,29.86,2,Heavy Rain,0.1422,0,Safe
29.36437,97.22608,0.78,314.86,97.36,2,Heavy Rain,0.4774,1,Watch
26.45414,92.39907,2.39,391.72,33.38,2,Heavy Rain,0.4557,1,Watch
22.1618,91.82106,1.17,2.1,54.63,1,Light Rain,0.2281,0,Safe
25.61647,90.5789,0.22,9.27,70.04,1,Light Rain,0.253,1,Watch
25.94586,92.49032,2.49,287.84,13.68,1,Light Rain,0.3013,1,Watch
25.65805,92.09737,10.03,76.65,21.26,1,Light Rain,0.1377,0,Safe
22.82039,91.00358,14.01,532.41,39.99,1,Light Rain,0.5186,2,Warning
26.99934,90.57511,1.98,99.06,67.62,0,Clear,0.2072,0,Safe
27.97978,90.70073,7.89,66.27,48.64,3,Extreme Storm,0.2735,1,Watch
29.4414,91.52538,4.98,92.82,81.92,1,Light Rain,0.3065,1,Watch
28.10458,90.70608,13.72,46.76,46.41,2,Heavy Rain,0.1813,0,Safe
26.83369,95.48046,0.3,442.89,29.01,3,Extreme Storm,0.4736,1,Watch
21.55302,97.35726,25.16,448.74,14.29,3,Extreme Storm,0.4556,1,Watch
23.68316,88.10849,39.55,467.26,55.04,2,Heavy Rain,0.5923,2,Warning
28.00685,92.85035,10.65,102.32,30.27,1,Light Rain,0.1856,0,Safe
26.55322,92.65192,111.97,83.65,43.72,1,Light Rain,0.3989,1,Watch
23.40082,88.88905,26.39,27.52,68.46,3,Extreme Storm,0.3614,1,Watch
24.22479,92.05063,9.45,67.97,51.01,1,Light Rain,0.1718,0,Safe
26.77264,93.51023,0.26,242.58,12.62,0,Clear,0.1809,0,Safe
27.53674,91.14002,119.25,477.12,51.59,1,Light Rain,0.6532,2,Warning
27.14641,93.59205,13.88,305.13,26.72,1,Light Rain,0.3738,1,Watch
26.17461,92.34345,10.33,139.73,62.17,2,Heavy Rain,0.4004,1,Watch
26.58751,91.2791,0.77,149.52,51.75,0,Clear,0.232,0,Safe
29.26325,88.52006,16.14,12.55,49.14,1,Light Rain,0.2076,0,Safe
25.51861,94.50425,0.6,415.61,73.9,0,Clear,0.4039,1,Watch
25.94256,94.6679,29.49,271.49,25.32,2,Heavy Rain,0.3722,1,Watch
28.62116,92.9736,67.07,0.41,54.16,2,Heavy Rain,0.3038,1,Watch
28.65578,92.64536,0.08,0.84,13.85,1,Light Rain,0.123,0,Safe
25.80565,92.17319,2.85,320.5,67.25,1,Light Rain,0.4108,1,Watch
26.25054,91.44222,2.75,68.02,25.54,0,Clear,0.081,0,Safe
25.55636,92.57849,7.32,600.0,21.27,1,Light Rain,0.445,1,Watch
23.69836,93.65023,86.9,36.65,43.83,3,Extreme Storm,0.3861,1,Watch
24.19269,91.93529,0.28,70.38,92.58,0,Clear,0.2571,1,Watch
23.02324,94.30277,1.38,322.92,90.87,2,Heavy Rain,0.5601,2,Warning
25.62685,97.03032,0.49,306.94,69.28,0,Clear,0.404,1,Watch
23.22146,91.87635,0.12,18.66,73.64,1,Light Rain,0.226,0,Safe
23.72095,92.50032,15.03,279.7,17.8,2,Heavy Rain,0.3478,1,Watch
23.6878,89.26105,5.41,37.24,21.74,1,Light Rain,0.1912,0,Safe
23.91702,91.60766,1.79,38.53,30.23,2,Heavy Rain,0.1245,0,Safe
26.71669,92.44259,16.91,411.57,97.23,0,Clear,0.5202,2,Warning
26.91968,91.50426,7.34,109.96,66.44,2,Heavy Rain,0.396,1,Watch
26.63513,88.18087,14.87,315.08,43.79,2,Heavy Rain,0.3808,1,Watch
25.56561,90.69839,0.37,268.09,53.86,2,Heavy Rain,0.4072,1,Watch
26.47672,88.10196,31.42,71.62,28.18,1,Light Rain,0.2514,1,Watch
23.98634,93.83572,0.99,47.7,13.44,3,Extreme Storm,0.1664,0,Safe
24.93809,94.7966,16.17,348.66,77.12,1,Light Rain,0.5131,2,Warning
25.79415,93.93135,121.46,368.18,62.1,2,Heavy Rain,0.658,2,Warning
27.267,91.64792,4.14,24.0,22.6,0,Clear,0.1521,0,Safe
24.26767,91.26473,16.25,17.47,39.99,0,Clear,0.121,0,Safe
25.83017,89.82118,44.03,62.81,71.89,2,Heavy Rain,0.3235,1,Watch
28.54276,92.64672,0.44,172.25,18.69,2,Heavy Rain,0.2645,1,Watch
28.64876,95.9389,2.81,247.87,32.04,2,Heavy Rain,0.3451,1,Watch
23.79778,91.85755,2.89,24.38,24.67,0,Clear,0.0887,0,Safe
22.76461,91.32356,35.83,495.43,54.2,1,Light Rain,0.5602,2,Warning
26.66287,94.28908,21.41,7.28,63.02,1,Light Rain,0.2116,0,Safe
28.42999,91.71752,23.46,3.45,12.17,0,Clear,0.0424,0,Safe
22.86847,91.86305,52.45,47.45,56.68,0,Clear,0.2365,0,Safe
28.14781,92.13748,31.38,401.44,43.22,3,Extreme Storm,0.5405,2,Warning
28.15225,89.27884,0.7,220.12,57.22,0,Clear,0.2827,1,Watch
26.0968,91.2284,2.07,264.97,27.84,0,Clear,0.1901,0,Safe
24.01313,92.23549,10.67,16.15,64.79,2,Heavy Rain,0.2404,0,Safe
23.54189,94.14606,29.27,250.6,24.76,2,Heavy Rain,0.3359,1,Watch
24.02453,95.80935,0.2,26.78,52.03,2,Heavy Rain,0.2353,0,Safe
25.85615,92.75411,132.58,120.21,25.68,2,Heavy Rain,0.4437,1,Watch
26.51631,90.52816,1.79,88.05,64.59,0,Clear,0.2934,1,Watch
27.67873,90.11177,14.03,67.03,23.0,1,Light Rain,0.1197,0,Safe
28.00803,91.90885,70.61,54.81,30.06,0,Clear,0.2515,1,Watch
26.21088,92.61128,0.81,337.82,11.66,1,Light Rain,0.3144,1,Watch
27.22855,89.36782,5.43,226.77,21.28,3,Extreme Storm,0.3246,1,Watch
23.46007,92.91417,16.72,18.65,30.71,2,Heavy Rain,0.1719,0,Safe
21.67741,94.18107,1.99,40.63,80.07,2,Heavy Rain,0.2699,1,Watch
29.36689,92.2485,31.2,229.27,82.53,0,Clear,0.4095,1,Watch
27.87484,91.78873,0.84,24.93,49.28,1,Light Rain,0.103,0,Safe
25.7112,92.20591,15.12,20.63,62.34,1,Light Rain,0.1912,0,Safe
23.05283,93.3575,47.01,66.38,64.65,0,Clear,0.2452,0,Safe
26.59623,93.29322,138.37,35.71,24.73,2,Heavy Rain,0.4031,1,Watch
26.31638,90.92911,15.21,118.54,57.24,0,Clear,0.2725,1,Watch
26.3039,95.80504,1.95,70.7,47.7,2,Heavy Rain,0.1934,0,Safe
28.23239,91.44274,41.17,329.14,80.71,1,Light Rain,0.4708,1,Watch
25.24665,93.99555,1.57,239.5,77.69,2,Heavy Rain,0.3646,1,Watch
24.29437,95.00522,13.01,203.05,28.11,1,Light Rain,0.2998,1,Watch
25.97153,88.34558,0.67,331.43,47.28,1,Light Rain,0.4102,1,Watch
26.81448,91.63828,0.5,289.99,44.92,2,Heavy Rain,0.3991,1,Watch
29.1097,89.8334,23.48,13.52,43.69,0,Clear,0.2175,0,Safe
24.42525,92.31638,36.04,16.62,36.93,2,Heavy Rain,0.3013,1,Watch
21.72695,91.80176,13.6,7.49,88.76,0,Clear,0.2098,0,Safe
26.2594,89.74273,4.19,147.95,96.79,3,Extreme Storm,0.4318,1,Watch
27.68,89.83622,30.96,32.17,92.12,2,Heavy Rain,0.4012,1,Watch
23.24292,91.21087,0.22,36.57,38.19,2,Heavy Rain,0.0764,0,Safe
28.11046,96.24228,4.96,5.42,55.57,1,Light Rain,0.1741,0,Safe
26.76016,93.63941,6.5,55.87,72.43,0,Clear,0.2677,1,Watch
23.12111,90.7614,27.64,18.16,75.22,0,Clear,0.2323,0,Safe
27.20026,90.55161,2.6,563.16,96.98,1,Light Rain,0.6848,2,Warning
26.34927,92.28811,12.79,290.21,47.67,0,Clear,0.254,1,Watch
23.30511,97.04337,1.52,21.76,98.86,0,Clear,0.2756,1,Watch
25.88807,91.56382,19.78,462.37,73.51,0,Clear,0.5066,2,Warning
24.19514,95.61979,1.23,98.07,46.4,1,Light Rain,0.2078,0,Safe
26.90442,96.71596,1.62,67.13,80.69,2,Heavy Rain,0.2779,1,Watch
28.35318,88.15376,75.98,14.69,42.97,0,Clear,0.3078,1,Watch
25.98677,93.77208,0.09,66.8,65.85,3,Extreme Storm,0.3121,1,Watch
22.7668,88.20974,13.53,76.49,15.56,1,Light Rain,0.1516,0,Safe
26.45201,89.34582,10.84,181.11,23.4,1,Light Rain,0.3131,1,Watch
24.7483,89.0469,1.82,104.0,27.1,0,Clear,0.1031,0,Safe
22.11906,95.7941,17.91,76.63,24.63,2,Heavy Rain,0.2148,0,Safe
25.59359,92.29502,34.56,95.41,91.73,0,Clear,0.3233,1,Watch
26.48603,93.72809,0.81,121.29,75.46,0,Clear,0.2417,0,Safe
27.13458,88.96368,50.25,444.24,41.36,0,Clear,0.4956,1,Watch
29.07737,89.33507,10.56,12.51,91.67,2,Heavy Rain,0.3105,1,Watch
25.22559,93.05215,70.02,24.05,31.86,1,Light Rain,0.3249,1,Watch
23.1706,94.77964,8.48,183.85,23.5,1,Light Rain,0.3001,1,Watch
26.0572,96.74016,12.3,111.54,79.48,3,Extreme Storm,0.3871,1,Watch
23.95991,88.12834,0.66,70.5,12.2,0,Clear,0.017,0,Safe
27.4207,95.62844,1.41,241.79,28.64,0,Clear,0.2235,0,Safe
26.46071,91.11968,63.28,600.0,29.84,1,Light Rain,0.6553,2,Warning
25.88793,89.64873,13.02,34.36,42.54,0,Clear,0.1155,0,Safe
28.84867,94.43723,1.77,23.11,89.74,0,Clear,0.3069,1,Watch
27.17634,94.92266,2.4,50.38,58.87,1,Light Rain,0.2413,0,Safe
25.28838,92.48038,2.27,35.25,78.37,2,Heavy Rain,0.243,0,Safe
28.27778,92.61905,24.39,235.28,26.98,0,Clear,0.2386,0,Safe
24.15038,89.06648,0.29,153.61,73.53,3,Extreme Storm,0.366,1,Watch
24.72067,91.19221,20.07,30.36,18.68,1,Light Rain,0.1015,0,Safe
26.41163,93.03469,19.1,256.3,94.82,3,Extreme Storm,0.4939,1,Watch
25.78516,90.52436,19.59,201.41,41.08,1,Light Rain,0.2799,1,Watch
24.44926,91.41183,2.41,39.77,56.0,2,Heavy Rain,0.222,0,Safe
23.72648,91.3197,4.33,122.31,45.23,2,Heavy Rain,0.3205,1,Watch
25.9783,89.81218,0.43,56.54,90.48,1,Light Rain,0.3155,1,Watch
26.48126,89.58321,10.95,69.94,47.06,3,Extreme Storm,0.3025,1,Watch
24.59518,92.21933,28.61,600.0,12.47,1,Light Rain,0.5262,2,Warning
25.81332,88.93875,49.33,141.91,60.94,1,Light Rain,0.3307,1,Watch
28.01648,93.03502,9.11,250.47,33.06,2,Heavy Rain,0.3774,1,Watch
25.58488,89.13568,30.09,254.7,66.33,0,Clear,0.3684,1,Watch
22.32524,91.72433,40.31,137.08,53.23,2,Heavy Rain,0.3449,1,Watch
21.84464,94.66323,17.32,0.32,10.84,0,Clear,0.0713,0,Safe
27.9828,88.72806,0.88,84.26,66.25,2,Heavy Rain,0.3899,1,Watch
24.12363,96.65065,33.53,1.13,72.93,3,Extreme Storm,0.3164,1,Watch
28.45679,93.74725,41.54,72.28,31.64,1,Light Rain,0.1647,0,Safe
22.0427,92.08491,1.01,12.34,95.57,1,Light Rain,0.2937,1,Watch
26.39528,93.81946,53.07,97.3,17.16,1,Light Rain,0.2569,1,Watch
29.04717,95.49796,0.87,24.39,71.31,2,Heavy Rain,0.2453,0,Safe
27.74568,91.80267,29.36,48.63,65.77,1,Light Rain,0.2553,1,Watch
25.93071,97.38429,20.14,223.9,30.05,0,Clear,0.2071,0,Safe
28.04349,92.80531,15.53,18.84,22.03,1,Light Rain,0.1403,0,Safe
24.17401,89.93124,1.23,30.51,25.43,1,Light Rain,0.1971,0,Safe
24.87777,92.40615,0.33,210.85,56.96,1,Light Rain,0.3853,1,Watch
26.70217,88.56222,1.94,114.75,77.17,2,Heavy Rain,0.3514,1,Watch
27.71986,92.40498,50.91,72.68,39.85,1,Light Rain,0.2496,0,Safe
29.2826,92.23086,1.6,95.49,97.52,1,Light Rain,0.3587,1,Watch
22.41651,90.39979,3.66,28.88,33.16,1,Light Rain,0.1286,0,Safe
24.23662,93.93758,1.67,155.86,92.72,1,Light Rain,0.3462,1,Watch
25.99702,91.20853,0.11,9.7,23.52,1,Light Rain,0.1053,0,Safe
23.8001,90.22749,46.88,316.12,60.01,1,Light Rain,0.5234,2,Warning
25.49587,91.95519,90.18,8.63,28.04,1,Light Rain,0.2519,1,Watch
26.6079,94.68231,15.75,18.16,33.39,2,Heavy Rain,0.1805,0,Safe
29.37633,92.60043,37.91,27.97,61.88,0,Clear,0.2259,0,Safe
24.91115,93.61102,5.13,10.3,83.59,3,Extreme Storm,0.3561,1,Watch
26.88115,93.85247,68.45,200.87,37.42,1,Light Rain,0.409,1,Watch
21.70356,96.1202,1.02,7.37,70.83,2,Heavy Rain,0.2073,0,Safe
26.95962,93.78586,6.07,137.12,14.82,0,Clear,0.1315,0,Safe
23.96592,93.70684,55.91,504.7,59.94,1,Light Rain,0.6571,2,Warning
24.39957,93.16743,42.26,146.96,75.54,2,Heavy Rain,0.4105,1,Watch
26.51568,97.42531,38.98,55.5,48.3,0,Clear,0.2784,1,Watch
24.98702,92.3607,73.53,126.59,14.34,3,Extreme Storm,0.3703,1,Watch
23.71133,91.87593,2.06,600.0,37.18,2,Heavy Rain,0.6333,2,Warning
24.74772,94.24406,10.15,63.59,18.2,1,Light Rain,0.1257,0,Safe
22.99209,88.99307,0.67,5.09,40.2,0,Clear,0.1331,0,Safe
22.50544,91.46287,1.45,99.4,13.41,3,Extreme Storm,0.2315,0,Safe
21.68735,89.03947,0.27,4.98,98.86,0,Clear,0.294,1,Watch
23.84705,90.91037,28.08,147.69,15.39,0,Clear,0.1979,0,Safe
25.18387,93.93021,0.83,551.36,85.04,2,Heavy Rain,0.6928,2,Warning
26.0588,89.75984,1.81,500.38,52.99,1,Light Rain,0.4772,1,Watch
22.23783,94.53027,8.53,116.41,71.58,1,Light Rain,0.3019,1,Watch
26.16588,96.75861,31.02,331.7,46.38,1,Light Rain,0.3626,1,Watch
26.43511,89.52737,0.41,97.3,93.66,1,Light Rain,0.3222,1,Watch
26.68267,92.66736,0.19,34.91,61.63,0,Clear,0.1436,0,Safe
26.46432,97.16743,0.63,19.86,82.19,2,Heavy Rain,0.2997,1,Watch
22.06755,90.4041,7.75,76.88,15.82,0,Clear,0.1432,0,Safe
26.27694,91.36445,1.74,88.77,65.29,2,Heavy Rain,0.3146,1,Watch
22.29701,94.06349,33.26,2.97,64.96,3,Extreme Storm,0.351,1,Watch
24.73429,94.95238,6.29,235.87,24.28,1,Light Rain,0.2656,1,Watch
22.91248,92.18433,1.22,203.96,56.1,2,Heavy Rain,0.3393,1,Watch
29.18215,94.38143,1.55,2.02,33.78,0,Clear,0.0415,0,Safe
25.11312,90.84522,20.58,105.98,87.04,0,Clear,0.2456,0,Safe
21.82587,89.17265,1.08,6.48,53.67,0,Clear,0.08,0,Safe
28.95824,93.17385,17.55,244.64,33.68,1,Light Rain,0.2833,1,Watch
21.52271,90.83703,0.45,90.17,46.65,0,Clear,0.214,0,Safe
28.20319,91.06252,30.03,10.65,46.16,2,Heavy Rain,0.1901,0,Safe
22.44443,89.27553,0.99,46.34,93.99,1,Light Rain,0.268,1,Watch
21.85422,91.45141,11.76,78.91,40.29,2,Heavy Rain,0.2208,0,Safe
26.83781,93.98546,22.44,15.27,34.74,1,Light Rain,0.2193,0,Safe
27.56745,95.43005,7.99,78.8,86.55,1,Light Rain,0.314,1,Watch
29.34579,90.37648,14.7,77.25,42.57,3,Extreme Storm,0.2878,1,Watch
22.28449,92.62954,36.52,421.27,73.63,2,Heavy Rain,0.6089,2,Warning
26.73711,94.46643,11.84,48.46,43.41,2,Heavy Rain,0.283,1,Watch
26.12046,92.70088,5.35,239.49,16.09,2,Heavy Rain,0.2788,1,Watch
25.82807,92.38469,92.94,32.26,21.98,2,Heavy Rain,0.2274,0,Safe
26.57265,95.04808,14.39,264.42,62.05,1,Light Rain,0.3938,1,Watch
28.46391,94.27861,32.11,255.97,60.77,1,Light Rain,0.467,1,Watch
25.33098,89.04812,115.4,9.86,14.53,2,Heavy Rain,0.3276,1,Watch
23.29443,92.34863,1.61,194.26,80.07,0,Clear,0.341,1,Watch
23.68297,91.03341,46.88,225.37,74.06,2,Heavy Rain,0.4943,1,Watch
24.40875,88.78342,30.13,2.95,18.04,3,Extreme Storm,0.1238,0,Safe
26.19751,94.83682,8.12,525.37,66.73,0,Clear,0.4515,1,Watch
24.53816,95.02092,30.31,80.64,68.62,0,Clear,0.3116,1,Watch
21.77899,89.92704,50.58,72.42,47.24,0,Clear,0.3021,1,Watch
25.3555,91.19655,14.59,176.2,51.76,2,Heavy Rain,0.3127,1,Watch
23.11975,92.85969,0.4,48.37,80.42,0,Clear,0.2417,0,Safe
25.50002,91.63433,64.84,30.63,85.4,1,Light Rain,0.4002,1,Watch
25.84803,91.00303,0.21,310.13,29.0,0,Clear,0.346,1,Watch
26.90323,90.78738,1.74,185.98,21.95,1,Light Rain,0.2119,0,Safe
28.60241,91.44456,12.07,434.87,40.9,2,Heavy Rain,0.5085,2,Warning
26.73857,93.84417,1.39,47.73,34.19,2,Heavy Rain,0.266,1,Watch
26.43547,95.00227,27.71,29.07,20.58,1,Light Rain,0.1391,0,Safe
28.90001,90.79877,65.59,352.58,99.24,3,Extreme Storm,0.695,2,Warning
28.47088,92.62607,5.14,453.8,20.92,1,Light Rain,0.3525,1,Watch
26.26334,91.57311,43.98,79.86,11.9,3,Extreme Storm,0.2141,0,Safe
21.87314,95.96782,1.0,383.23,27.38,3,Extreme Storm,0.4606,1,Watch
23.34375,95.20598,27.67,41.58,81.54,0,Clear,0.3254,1,Watch
26.97602,94.75403,5.49,228.79,92.02,1,Light Rain,0.4716,1,Watch
24.29634,88.20951,1.68,26.83,53.44,1,Light Rain,0.1463,0,Safe
27.19297,93.04606,15.82,9.18,32.22,0,Clear,0.1048,0,Safe
26.44696,90.17818,0.93,387.68,24.72,1,Light Rain,0.3743,1,Watch
25.90792,93.17466,1.08,441.68,75.94,2,Heavy Rain,0.4617,1,Watch
22.57155,91.90525,0.95,220.16,46.76,0,Clear,0.2835,1,Watch
22.00487,91.0787,0.17,448.27,90.9,2,Heavy Rain,0.6683,2,Warning
28.38498,89.09757,1.41,216.69,92.98,0,Clear,0.4247,1,Watch
23.65391,89.23377,1.11,19.21,37.27,1,Light Rain,0.0447,0,Safe
26.41063,93.45575,57.66,97.63,96.56,2,Heavy Rain,0.4851,1,Watch
29.03596,90.06024,1.29,2.81,93.34,0,Clear,0.246,0,Safe
29.33984,92.0546,11.25,191.72,68.8,1,Light Rain,0.3628,1,Watch
26.806,91.47618,112.98,19.32,88.32,1,Light Rain,0.4596,1,Watch
26.47426,91.32814,42.48,42.16,29.12,0,Clear,0.1586,0,Safe
25.13489,92.0368,2.19,2.02,98.11,1,Light Rain,0.1906,0,Safe
26.37421,88.79913,7.24,20.23,53.15,2,Heavy Rain,0.2375,0,Safe
22.65381,89.31906,0.93,38.8,10.36,1,Light Rain,0.1117,0,Safe
21.89158,90.75474,1.21,182.66,19.52,2,Heavy Rain,0.217,0,Safe
24.63281,92.32044,13.06,74.39,85.16,3,Extreme Storm,0.4346,1,Watch
25.37321,91.093,0.62,16.36,19.73,0,Clear,0.0,0,Safe
27.25816,93.61528,37.52,55.77,52.7,0,Clear,0.1625,0,Safe
26.9573,95.43374,17.7,11.76,56.04,2,Heavy Rain,0.2475,0,Safe
26.49287,95.73588,11.25,10.19,47.07,2,Heavy Rain,0.1826,0,Safe
24.91295,89.37271,11.86,27.25,72.7,1,Light Rain,0.2919,1,Watch
22.06187,92.03694,0.21,45.43,48.59,1,Light Rain,0.1683,0,Safe
23.66184,91.9803,142.37,8.79,67.46,1,Light Rain,0.4995,1,Watch
26.92922,96.28999,1.61,90.23,56.71,1,Light Rain,0.2091,0,Safe
22.76681,95.84845,21.39,264.4,52.2,1,Light Rain,0.3815,1,Watch
28.18775,92.19751,6.04,32.75,44.23,2,Heavy Rain,0.1298,0,Safe
28.34599,90.9866,111.93,10.58,97.68,0,Clear,0.4357,1,Watch
25.6918,91.72416,23.02,143.42,68.57,2,Heavy Rain,0.375,1,Watch
23.74277,90.00354,3.84,465.41,46.86,2,Heavy Rain,0.5489,2,Warning
22.1401,92.96188,2.85,66.71,79.9,3,Extreme Storm,0.2885,1,Watch
26.39282,88.81078,21.77,24.79,66.66,3,Extreme Storm,0.3081,1,Watch
26.27251,90.64594,34.24,94.23,60.05,1,Light Rain,0.3615,1,Watch
26.73208,96.11295,1.97,12.06,46.34,1,Light Rain,0.2239,0,Safe
24.78781,91.48371,73.76,90.56,41.16,1,Light Rain,0.2862,1,Watch
26.6048,89.30021,1.45,21.14,53.28,2,Heavy Rain,0.1889,0,Safe
25.57497,93.91428,13.28,46.15,41.66,0,Clear,0.0891,0,Safe
25.99868,88.42796,14.48,176.31,55.96,0,Clear,0.1967,0,Safe
29.10541,93.5664,1.65,6.04,62.8,3,Extreme Storm,0.2482,0,Safe
25.68084,92.82848,60.86,311.74,89.98,0,Clear,0.5084,2,Warning
23.51046,89.00653,12.97,33.15,58.06,0,Clear,0.2713,1,Watch
26.50082,91.70923,1.68,34.26,24.0,3,Extreme Storm,0.1995,0,Safe
24.28305,92.45297,146.94,128.42,93.37,1,Light Rain,0.5889,2,Warning
26.39034,92.46275,2.95,198.17,66.71,1,Light Rain,0.3634,1,Watch
26.44537,92.86533,61.01,180.52,66.97,3,Extreme Storm,0.5306,2,Warning
24.40354,92.93298,57.99,75.39,33.84,1,Light Rain,0.3134,1,Watch
24.70376,96.74272,2.89,27.06,95.65,1,Light Rain,0.3057,1,Watch
21.59061,89.15142,0.24,1.21,16.56,1,Light Rain,0.075,0,Safe
25.04184,90.87349,8.27,416.9,25.3,3,Extreme Storm,0.4613,1,Watch
23.08316,95.82161,117.72,472.86,46.26,0,Clear,0.6247,2,Warning
28.00078,94.15122,1.78,209.94,94.49,1,Light Rain,0.3913,1,Watch
23.55849,91.67577,2.31,18.3,33.13,1,Light Rain,0.1739,0,Safe
27.47652,92.76386,0.05,333.04,87.35,1,Light Rain,0.4661,1,Watch
26.14342,94.18015,55.41,277.13,26.92,1,Light Rain,0.3372,1,Watch
22.90816,91.72036,34.38,40.15,54.64,1,Light Rain,0.2548,1,Watch
28.37036,93.99905,0.32,29.82,46.84,3,Extreme Storm,0.2662,1,Watch
21.89049,95.56827,110.12,324.11,53.63,0,Clear,0.4754,1,Watch
25.36873,96.05923,9.87,183.85,62.23,0,Clear,0.2838,1,Watch
24.69254,91.29822,149.63,342.69,31.21,0,Clear,0.5238,2,Warning
28.77347,94.09028,104.27,217.51,33.33,1,Light Rain,0.5228,2,Warning
27.04061,90.54002,82.59,347.24,61.48,0,Clear,0.5265,2,Warning
24.17379,90.82934,0.98,55.8,63.9,1,Light Rain,0.294,1,Watch
28.43898,89.80081,5.19,98.67,52.16,3,Extreme Storm,0.3146,1,Watch
26.79396,88.64208,9.68,95.59,68.68,0,Clear,0.2649,1,Watch
28.69924,93.43716,0.1,143.11,63.49,1,Light Rain,0.2852,1,Watch
24.98789,88.59314,0.66,158.35,33.04,1,Light Rain,0.2137,0,Safe
24.91812,92.79886,150.0,38.84,74.31,1,Light Rain,0.4921,1,Watch
25.67309,92.6553,47.43,328.59,15.47,2,Heavy Rain,0.3771,1,Watch
25.49267,88.61568,10.37,22.41,32.26,0,Clear,0.1124,0,Safe
26.19401,89.69637,106.61,29.76,60.95,2,Heavy Rain,0.3516,1,Watch
24.36467,91.13602,1.26,315.11,50.98,2,Heavy Rain,0.4132,1,Watch
29.4345,91.83587,16.59,101.25,83.61,1,Light Rain,0.2893,1,Watch
26.57903,88.76039,10.87,315.9,55.41,3,Extreme Storm,0.471,1,Watch
26.18778,91.71282,1.84,398.86,69.74,1,Light Rain,0.4895,1,Watch
26.70571,95.14778,33.74,387.56,31.49,2,Heavy Rain,0.5167,2,Warning
26.50286,91.41526,43.72,237.76,69.41,1,Light Rain,0.4509,1,Watch
27.99078,89.60943,0.7,2.75,86.34,0,Clear,0.2082,0,Safe
26.40233,89.26291,2.1,16.84,67.59,0,Clear,0.1585,0,Safe
23.8632,95.41818,21.95,426.77,92.46,1,Light Rain,0.6142,2,Warning
26.20498,96.19455,29.09,71.05,66.86,3,Extreme Storm,0.359,1,Watch
28.2499,91.22626,11.15,451.02,34.29,0,Clear,0.3749,1,Watch
23.69143,90.39005,10.26,99.81,27.76,3,Extreme Storm,0.2592,1,Watch
22.95144,91.10006,9.25,123.45,24.37,3,Extreme Storm,0.1844,0,Safe
26.18435,91.12904,69.08,66.32,61.31,1,Light Rain,0.3491,1,Watch
26.11131,90.54962,109.75,464.4,12.22,1,Light Rain,0.5252,2,Warning
26.20874,90.18116,53.32,42.29,47.06,1,Light Rain,0.255,1,Watch
26.89763,89.22969,0.6,45.52,25.72,2,Heavy Rain,0.2421,0,Safe
28.4892,95.40177,33.63,66.51,78.51,0,Clear,0.2772,1,Watch
23.31294,92.37717,44.79,97.06,32.32,1,Light Rain,0.2851,1,Watch
25.89157,95.34788,14.24,71.48,16.58,0,Clear,0.1548,0,Safe
24.91673,88.25944,24.05,56.23,11.47,3,Extreme Storm,0.2404,0,Safe
24.66394,93.27532,1.22,571.29,56.09,0,Clear,0.538,2,Warning
25.65886,92.05354,5.85,26.98,79.86,2,Heavy Rain,0.2497,0,Safe
22.24094,90.53714,0.36,60.57,36.97,1,Light Rain,0.1407,0,Safe
28.7736,92.67976,0.47,23.75,51.5,2,Heavy Rain,0.1654,0,Safe
25.80483,94.39899,2.18,13.22,66.98,3,Extreme Storm,0.2658,1,Watch
25.59985,92.64866,6.78,600.0,31.65,1,Light Rain,0.5102,2,Warning
22.69128,97.35976,0.08,46.41,13.55,0,Clear,0.0284,0,Safe
23.34939,94.42171,0.25,89.67,14.23,2,Heavy Rain,0.1843,0,Safe
22.9449,91.79069,25.61,1.67,73.37,3,Extreme Storm,0.3075,1,Watch
26.39295,95.35473,0.26,51.1,63.92,2,Heavy Rain,0.2465,0,Safe
26.48857,93.94371,1.44,519.7,62.95,2,Heavy Rain,0.5102,2,Warning
22.0304,93.99823,21.56,136.2,82.94,2,Heavy Rain,0.4035,1,Watch
25.20877,94.05821,5.13,19.8,13.91,1,Light Rain,0.0861,0,Safe
22.44315,92.54233,0.06,20.59,43.74,2,Heavy Rain,0.1659,0,Safe
27.8688,90.31975,11.73,74.22,58.63,0,Clear,0.2308,0,Safe
26.75723,97.03532,39.15,1.45,82.31,1,Light Rain,0.3101,1,Watch
29.05313,91.54799,0.52,94.24,14.18,1,Light Rain,0.156,0,Safe
28.43765,89.24439,2.01,108.76,10.84,3,Extreme Storm,0.2283,0,Safe
28.94879,91.80766,0.51,111.5,26.92,3,Extreme Storm,0.2711,1,Watch
25.81745,91.36615,2.31,111.38,24.83,0,Clear,0.2069,0,Safe
25.3619,93.21752,1.35,195.97,48.9,2,Heavy Rain,0.327,1,Watch
24.58898,91.52259,1.83,164.76,49.9,2,Heavy Rain,0.2665,1,Watch
24.39739,96.22869,4.81,189.22,78.3,1,Light Rain,0.3461,1,Watch
23.31513,97.45154,0.8,322.52,69.81,0,Clear,0.3747,1,Watch
25.10014,93.09251,52.35,288.76,23.65,0,Clear,0.3021,1,Watch
23.58335,92.58911,8.85,10.36,32.52,1,Light Rain,0.0358,0,Safe
24.73173,91.52731,43.45,116.39,60.21,2,Heavy Rain,0.3764,1,Watch
23.74277,88.30728,1.29,8.26,62.06,0,Clear,0.1641,0,Safe
26.05676,88.81473,6.81,173.62,76.85,1,Light Rain,0.4291,1,Watch
28.00053,94.77854,96.56,26.35,65.42,0,Clear,0.4161,1,Watch
27.12401,89.2852,28.3,210.6,75.55,1,Light Rain,0.437,1,Watch
29.11722,91.54475,49.84,67.95,67.79,1,Light Rain,0.3537,1,Watch
24.96723,93.75428,7.97,82.76,26.49,1,Light Rain,0.1348,0,Safe
24.29396,88.62324,1.81,23.4,72.2,2,Heavy Rain,0.2733,1,Watch
22.80392,88.02313,1.29,96.51,61.67,0,Clear,0.216,0,Safe
21.68796,88.53568,43.7,80.02,11.24,1,Light Rain,0.1934,0,Safe
28.4856,89.44992,1.44,19.32,34.0,2,Heavy Rain,0.1362,0,Safe
26.57811,89.16259,18.81,485.47,37.83,3,Extreme Storm,0.5663,2,Warning
25.61338,92.59984,7.19,105.83,37.7,2,Heavy Rain,0.1887,0,Safe
22.05987,90.82283,3.64,183.27,38.27,3,Extreme Storm,0.4453,1,Watch
24.88736,89.16962,114.64,23.22,41.3,3,Extreme Storm,0.4677,1,Watch
23.87288,96.85353,15.49,112.9,31.73,3,Extreme Storm,0.3335,1,Watch
25.354,91.03036,9.75,119.91,10.63,3,Extreme Storm,0.1718,0,Safe
24.6847,91.60982,66.04,600.0,10.72,2,Heavy Rain,0.5387,2,Warning
21.59201,95.20223,1.25,62.96,71.29,3,Extreme Storm,0.3333,1,Watch
28.78781,88.28919,10.9,11.78,51.17,1,Light Rain,0.1751,0,Safe
26.45653,95.61701,1.58,191.99,66.94,1,Light Rain,0.4052,1,Watch
27.96153,91.67483,24.23,97.23,11.47,3,Extreme Storm,0.259,1,Watch
24.14867,88.66594,13.49,156.43,14.26,0,Clear,0.1608,0,Safe
24.23588,95.33548,0.49,70.95,71.01,3,Extreme Storm,0.3848,1,Watch
24.51178,91.02079,8.13,50.86,72.98,1,Light Rain,0.2705,1,Watch
22.48504,92.50786,7.32,214.14,10.62,0,Clear,0.1907,0,Safe
26.55553,91.43931,1.85,240.66,43.44,2,Heavy Rain,0.3805,1,Watch
29.24349,92.56635,0.91,51.19,12.32,1,Light Rain,0.0727,0,Safe
24.34271,94.37191,36.06,206.24,53.03,2,Heavy Rain,0.4376,1,Watch
21.82162,91.67617,14.57,87.54,59.27,0,Clear,0.2535,1,Watch
24.46117,90.83977,44.73,30.8,86.82,3,Extreme Storm,0.3753,1,Watch
25.0794,91.12481,1.59,91.82,60.68,2,Heavy Rain,0.3606,1,Watch
26.70522,91.14292,16.84,77.5,71.79,0,Clear,0.2409,0,Safe
25.97514,90.70715,33.65,129.58,31.5,0,Clear,0.1558,0,Safe
29.35515,90.80795,0.95,362.0,57.43,1,Light Rain,0.3887,1,Watch
27.23605,95.70179,38.13,33.53,50.92,3,Extreme Storm,0.2718,1,Watch
27.44288,90.91778,12.93,71.73,81.47,1,Light Rain,0.3142,1,Watch
25.54131,91.01717,22.75,2.4,26.65,1,Light Rain,0.2044,0,Safe
27.71135,95.16904,107.91,202.16,53.53,3,Extreme Storm,0.5584,2,Warning
24.88432,91.99632,1.72,444.03,86.33,3,Extreme Storm,0.6781,2,Warning
27.00057,93.33491,47.41,108.95,23.29,2,Heavy Rain,0.3192,1,Watch
26.45155,93.6574,47.71,206.32,12.97,2,Heavy Rain,0.2095,0,Safe
25.86225,97.0916,14.08,59.26,72.47,0,Clear,0.2801,1,Watch
24.04149,91.60706,40.18,33.48,14.53,1,Light Rain,0.1357,0,Safe
26.99834,96.14901,1.67,6.04,63.18,3,Extreme Storm,0.2853,1,Watch
24.41044,91.124,120.96,33.65,58.68,1,Light Rain,0.4018,1,Watch
24.61557,92.31861,5.51,600.0,52.96,1,Light Rain,0.6864,2,Warning
23.65412,93.82875,0.97,22.11,16.77,1,Light Rain,0.109,0,Safe
23.20602,96.61002,1.75,496.14,11.07,1,Light Rain,0.418,1,Watch
24.5838,89.9703,6.7,69.38,73.76,3,Extreme Storm,0.385,1,Watch
26.25818,95.34613,105.58,510.42,84.74,0,Clear,0.6685,2,Warning
23.81231,92.31607,0.54,506.67,70.47,2,Heavy Rain,0.6249,2,Warning
29.04595,92.40622,14.71,120.3,28.61,2,Heavy Rain,0.2343,0,Safe
25.40173,92.4205,31.43,34.15,69.2,3,Extreme Storm,0.3205,1,Watch
26.62228,91.18888,2.29,600.0,10.25,1,Light Rain,0.4956,1,Watch
24.14935,96.54461,113.46,30.78,47.74,1,Light Rain,0.3028,1,Watch
26.6966,94.21929,2.15,4.68,14.68,2,Heavy Rain,0.1476,0,Safe
26.16607,96.7316,23.98,9.27,35.29,2,Heavy Rain,0.1947,0,Safe
25.87494,89.02299,11.1,225.14,29.41,0,Clear,0.2381,0,Safe
23.76175,96.41622,30.16,60.72,35.64,0,Clear,0.0901,0,Safe
25.87047,94.77491,70.29,98.72,63.24,1,Light Rain,0.4104,1,Watch
23.53647,93.85637,8.18,38.26,71.41,0,Clear,0.2276,0,Safe
28.41463,95.04292,37.64,60.61,76.91,2,Heavy Rain,0.3434,1,Watch
26.86185,92.64342,58.51,287.93,49.04,1,Light Rain,0.4083,1,Watch
27.61714,92.17913,4.91,8.04,73.32,1,Light Rain,0.2615,1,Watch
24.23292,92.9395,2.04,25.41,59.19,0,Clear,0.1823,0,Safe
26.03807,88.23322,4.32,61.22,99.87,3,Extreme Storm,0.3979,1,Watch
27.50382,90.05115,29.9,49.37,63.73,2,Heavy Rain,0.2692,1,Watch
26.26171,89.41268,15.74,237.55,36.08,1,Light Rain,0.3203,1,Watch
24.77235,90.28146,65.22,87.25,45.63,0,Clear,0.2907,1,Watch
26.25395,93.85807,39.78,79.21,57.52,2,Heavy Rain,0.3822,1,Watch
26.72569,95.99174,8.59,126.99,66.5,1,Light Rain,0.2507,1,Watch
27.12587,89.39203,0.97,462.72,34.33,2,Heavy Rain,0.434,1,Watch
25.73224,93.07777,1.16,53.25,47.03,2,Heavy Rain,0.2994,1,Watch
27.13935,89.71738,85.5,190.37,21.01,0,Clear,0.3296,1,Watch
27.38286,92.46283,38.09,39.46,68.43,1,Light Rain,0.3043,1,Watch
25.49883,91.74056,65.87,307.1,23.07,0,Clear,0.4108,1,Watch
27.5608,89.48403,0.5,13.17,84.76,3,Extreme Storm,0.394,1,Watch
22.64323,89.669,41.97,242.17,60.24,2,Heavy Rain,0.4022,1,Watch
25.71107,92.49901,132.23,600.0,58.42,3,Extreme Storm,0.9537,3,Critical
25.60574,91.04827,0.21,43.45,13.56,0,Clear,0.0615,0,Safe
25.91307,90.74504,6.85,8.76,20.83,1,Light Rain,0.1132,0,Safe
21.57188,89.67878,11.81,342.34,98.9,2,Heavy Rain,0.5642,2,Warning
29.12644,93.95764,0.81,94.5,59.04,0,Clear,0.2719,1,Watch
25.76024,90.35839,2.3,14.26,23.83,2,Heavy Rain,0.1779,0,Safe
27.40364,92.46974,1.76,10.11,68.22,2,Heavy Rain,0.2411,0,Safe
26.95211,91.11986,1.12,19.52,33.25,3,Extreme Storm,0.1529,0,Safe
25.98938,88.41343,0.37,448.42,33.86,0,Clear,0.3745,1,Watch
26.85368,90.18929,4.37,333.17,91.88,2,Heavy Rain,0.4723,1,Watch
26.05436,96.79369,0.8,118.6,80.19,3,Extreme Storm,0.4165,1,Watch
25.81685,90.03457,0.51,136.03,55.8,2,Heavy Rain,0.2706,1,Watch
22.05376,94.30245,1.95,37.34,51.43,1,Light Rain,0.186,0,Safe
25.52157,93.57846,40.54,4.03,21.02,0,Clear,0.1697,0,Safe
28.18869,92.2225,111.07,3.8,96.83,3,Extreme Storm,0.562,2,Warning
26.22764,88.2684,0.43,64.39,68.55,0,Clear,0.2304,0,Safe
25.67421,91.42041,1.75,322.77,23.87,3,Extreme Storm,0.3459,1,Watch
28.00176,92.24998,4.21,60.16,50.19,1,Light Rain,0.2253,0,Safe
26.05472,97.43155,14.66,2.21,18.91,3,Extreme Storm,0.1414,0,Safe
26.76217,94.65847,9.39,468.77,32.12,1,Light Rain,0.4616,1,Watch
22.32079,94.79717,106.82,66.36,63.51,3,Extreme Storm,0.4288,1,Watch
23.29915,95.7021,35.64,53.94,41.83,1,Light Rain,0.2815,1,Watch
24.65997,94.06344,40.82,116.74,97.87,2,Heavy Rain,0.4652,1,Watch
25.90792,92.86579,56.99,81.09,51.1,0,Clear,0.2763,1,Watch
25.06979,91.34058,69.89,33.15,70.14,1,Light Rain,0.3629,1,Watch
28.02697,91.81248,3.71,30.59,98.22,2,Heavy Rain,0.3342,1,Watch
26.93388,88.26981,0.66,7.36,45.4,0,Clear,0.1222,0,Safe
26.01979,95.88199,29.86,132.65,43.19,2,Heavy Rain,0.3645,1,Watch
21.82136,88.55738,21.07,86.18,75.58,1,Light Rain,0.3571,1,Watch
25.04695,90.7898,150.0,86.05,18.95,1,Light Rain,0.4166,1,Watch
23.89908,91.82226,68.36,230.99,34.08,1,Light Rain,0.3965,1,Watch
25.42214,92.56291,27.66,433.3,93.67,1,Light Rain,0.5898,2,Warning
28.53493,93.36405,14.55,18.16,94.79,0,Clear,0.3162,1,Watch
26.57105,94.26021,50.22,171.66,26.45,0,Clear,0.2278,0,Safe
22.59845,91.16462,44.95,25.04,48.89,1,Light Rain,0.3185,1,Watch
28.6454,94.2615,0.03,258.34,41.24,1,Light Rain,0.3372,1,Watch
27.51704,92.28982,21.01,198.09,59.42,2,Heavy Rain,0.4296,1,Watch
25.61355,94.19431,31.47,370.1,35.89,2,Heavy Rain,0.4743,1,Watch
24.23552,91.0763,62.86,12.55,44.53,1,Light Rain,0.2529,1,Watch
23.56237,90.5715,2.32,160.84,73.21,2,Heavy Rain,0.3987,1,Watch
29.21543,88.26093,0.41,87.77,20.8,1,Light Rain,0.0882,0,Safe
25.1346,97.08714,1.12,248.71,52.94,0,Clear,0.2765,1,Watch
28.56413,88.52929,39.03,99.1,45.63,2,Heavy Rain,0.3042,1,Watch
25.50235,90.69249,46.86,40.34,55.85,0,Clear,0.1894,0,Safe
29.006,92.9396,11.08,37.18,36.22,1,Light Rain,0.1926,0,Safe
26.12485,88.55281,36.09,6.4,76.1,0,Clear,0.3053,1,Watch
27.98763,92.60739,50.57,5.93,22.76,2,Heavy Rain,0.1435,0,Safe
25.78188,94.20964,15.66,491.79,32.98,1,Light Rain,0.4531,1,Watch
25.79246,91.86805,150.0,22.25,88.9,0,Clear,0.4803,1,Watch
25.31807,89.88767,0.84,199.91,52.23,0,Clear,0.2782,1,Watch
27.40305,92.39262,0.55,18.22,49.67,0,Clear,0.1714,0,Safe
29.33682,92.70013,3.5,204.62,12.24,2,Heavy Rain,0.2283,0,Safe
25.93119,95.24144,37.83,74.49,20.5,2,Heavy Rain,0.2682,1,Watch
24.84686,94.06298,98.15,59.4,28.11,0,Clear,0.277,1,Watch
24.69016,92.2175,29.08,13.33,39.54,0,Clear,0.1321,0,Safe
24.18374,93.12238,0.87,31.46,89.52,1,Light Rain,0.2888,1,Watch
27.03466,93.87994,0.33,540.82,13.57,3,Extreme Storm,0.4445,1,Watch
22.99088,92.22606,1.49,49.85,94.46,1,Light Rain,0.295,1,Watch
24.58253,91.39588,146.75,200.78,53.74,2,Heavy Rain,0.5724,2,Warning
26.26855,90.98958,25.96,63.86,25.23,1,Light Rain,0.1581,0,Safe
27.1711,93.82692,0.7,517.37,57.01,0,Clear,0.5899,2,Warning
24.1825,91.88594,20.63,212.76,45.74,3,Extreme Storm,0.4426,1,Watch
27.33804,92.46833,1.54,214.33,72.01,0,Clear,0.3335,1,Watch
26.67931,93.42702,6.07,69.09,68.28,2,Heavy Rain,0.3107,1,Watch
22.2784,96.33985,11.33,98.62,91.67,3,Extreme Storm,0.4345,1,Watch
23.58315,91.6136,15.52,91.13,33.3,1,Light Rain,0.2282,0,Safe
28.64102,91.5238,5.63,40.56,79.91,0,Clear,0.2987,1,Watch
24.42108,95.61569,88.5,83.48,13.64,1,Light Rain,0.3077,1,Watch
24.03799,96.82278,0.87,224.8,31.16,2,Heavy Rain,0.2165,0,Safe
28.55803,93.35062,11.39,135.42,30.74,3,Extreme Storm,0.3195,1,Watch
23.09882,91.90557,102.07,18.12,46.85,2,Heavy Rain,0.3325,1,Watch
26.95164,94.31018,33.21,282.64,70.9,1,Light Rain,0.4322,1,Watch
26.48144,95.99947,1.19,40.14,72.14,1,Light Rain,0.2817,1,Watch
27.45196,93.2986,77.76,26.75,77.01,2,Heavy Rain,0.3321,1,Watch
27.65333,91.00582,4.89,235.08,21.04,2,Heavy Rain,0.3526,1,Watch
23.71375,92.60668,7.94,42.25,29.13,0,Clear,0.1469,0,Safe
26.04211,93.21543,0.56,37.55,75.08,2,Heavy Rain,0.2937,1,Watch
26.89067,93.09216,0.01,237.13,27.5,3,Extreme Storm,0.3602,1,Watch
26.62297,88.49707,1.77,137.71,71.12,2,Heavy Rain,0.3852,1,Watch
26.30864,91.41189,6.54,119.06,46.39,0,Clear,0.2152,0,Safe
22.33649,89.07961,12.97,15.51,40.33,0,Clear,0.1637,0,Safe
26.68889,96.35762,89.36,9.96,54.37,1,Light Rain,0.2856,1,Watch
23.32973,91.22158,0.23,62.61,55.62,2,Heavy Rain,0.2803,1,Watch
26.00107,95.87876,5.28,50.24,99.92,1,Light Rain,0.3497,1,Watch
28.39145,92.28422,2.88,88.56,14.11,0,Clear,0.1567,0,Safe
22.21219,96.25481,12.28,150.21,13.87,2,Heavy Rain,0.2289,0,Safe
29.01358,95.1534,9.51,96.57,28.39,2,Heavy Rain,0.2301,0,Safe
24.8452,88.74087,9.52,9.07,22.2,0,Clear,0.0405,0,Safe
21.70156,91.9578,7.42,67.78,63.9,0,Clear,0.2173,0,Safe
22.68826,91.42466,41.56,244.47,90.61,2,Heavy Rain,0.5499,2,Warning
23.81782,93.03246,1.72,103.6,15.92,2,Heavy Rain,0.2066,0,Safe
27.39684,91.93226,0.68,81.5,98.54,2,Heavy Rain,0.437,1,Watch
25.59398,93.0696,1.81,467.17,43.77,1,Light Rain,0.4757,1,Watch
23.51954,91.00734,1.31,4.29,28.73,1,Light Rain,0.1065,0,Safe
29.45142,90.73926,34.44,5.06,11.35,3,Extreme Storm,0.2114,0,Safe
27.43662,91.05567,5.73,67.62,43.33,2,Heavy Rain,0.2073,0,Safe
24.76801,90.13487,18.66,13.29,67.73,1,Light Rain,0.2956,1,Watch
24.29801,91.13343,1.1,3.95,65.04,3,Extreme Storm,0.2393,0,Safe
26.97195,89.23829,1.05,93.57,79.17,3,Extreme Storm,0.3459,1,Watch
21.53644,89.10946,40.07,150.43,76.23,1,Light Rain,0.348,1,Watch
29.27301,95.49107,65.0,132.38,56.5,3,Extreme Storm,0.4412,1,Watch
23.80779,88.14574,26.97,9.49,11.09,0,Clear,0.1048,0,Safe
22.74062,92.29408,10.42,357.85,24.05,0,Clear,0.3822,1,Watch
24.80333,91.93781,2.86,101.73,38.36,0,Clear,0.1662,0,Safe
23.63071,88.55027,1.61,90.48,13.79,1,Light Rain,0.1218,0,Safe
28.31262,91.02899,1.94,304.09,52.48,1,Light Rain,0.2637,1,Watch
22.72371,95.8379,26.53,30.53,75.99,2,Heavy Rain,0.3301,1,Watch
21.75412,96.40336,1.21,162.7,77.56,3,Extreme Storm,0.4055,1,Watch
27.67989,96.15548,11.09,24.86,93.41,0,Clear,0.2692,1,Watch
23.55995,94.52176,14.45,51.02,24.86,1,Light Rain,0.2138,0,Safe
26.80712,96.49928,8.37,12.11,49.49,1,Light Rain,0.2009,0,Safe
28.28427,92.72263,0.99,40.53,97.58,1,Light Rain,0.2893,1,Watch
23.84336,90.54047,1.09,2.5,45.9,2,Heavy Rain,0.1487,0,Safe
28.82029,96.97139,42.85,30.35,77.05,1,Light Rain,0.2713,1,Watch
25.77242,92.3483,1.9,600.0,46.28,1,Light Rain,0.5344,2,Warning
26.86265,94.48385,11.96,118.31,11.7,3,Extreme Storm,0.243,0,Safe
22.18161,91.92783,31.91,4.44,70.45,3,Extreme Storm,0.2479,0,Safe
24.34285,88.08544,1.19,49.82,35.08,1,Light Rain,0.1508,0,Safe
23.88925,92.16994,0.69,212.91,11.02,0,Clear,0.2027,0,Safe
26.96866,91.71239,1.94,104.88,47.78,3,Extreme Storm,0.2512,1,Watch
21.92593,90.718,25.69,10.78,77.58,2,Heavy Rain,0.3035,1,Watch
26.51404,91.92606,104.73,11.57,16.92,2,Heavy Rain,0.2516,1,Watch
28.4459,93.28346,2.38,21.4,34.39,0,Clear,0.0,0,Safe
26.5746,92.70775,8.18,45.13,21.19,3,Extreme Storm,0.1647,0,Safe
26.15021,96.12309,18.48,166.06,77.0,2,Heavy Rain,0.3581,1,Watch
24.17024,94.47815,0.07,318.33,51.4,2,Heavy Rain,0.4385,1,Watch
24.11586,88.68636,0.92,295.76,33.05,0,Clear,0.3006,1,Watch
29.3522,90.51763,1.63,23.32,63.03,2,Heavy Rain,0.2008,0,Safe
24.73044,94.07156,43.7,3.11,25.04,0,Clear,0.1892,0,Safe
24.11458,88.66149,3.56,101.73,12.38,0,Clear,0.1337,0,Safe
27.71046,91.11953,1.69,387.04,22.17,1,Light Rain,0.3393,1,Watch
23.85607,91.75475,40.9,150.23,51.03,0,Clear,0.3091,1,Watch
26.38596,91.60755,11.65,485.12,52.97,0,Clear,0.4374,1,Watch
24.88001,89.69035,129.37,121.77,18.38,2,Heavy Rain,0.3109,1,Watch
21.59045,91.73222,43.82,25.98,39.37,2,Heavy Rain,0.2591,1,Watch
26.93979,93.16815,10.54,31.25,70.88,0,Clear,0.1611,0,Safe
26.37013,92.22725,12.96,28.24,32.4,2,Heavy Rain,0.179,0,Safe
28.25015,94.694,42.63,185.68,56.83,1,Light Rain,0.3867,1,Watch
21.85488,89.83929,4.69,28.86,99.78,3,Extreme Storm,0.2988,1,Watch
25.92102,89.79868,0.03,570.05,34.83,0,Clear,0.4754,1,Watch
23.11872,92.14225,33.68,359.45,15.65,0,Clear,0.3679,1,Watch
21.62712,90.58794,16.01,14.67,20.65,2,Heavy Rain,0.0716,0,Safe
26.2547,88.10976,15.85,98.46,92.38,1,Light Rain,0.3846,1,Watch
26.08385,89.4006,1.19,67.24,47.01,1,Light Rain,0.2736,1,Watch
24.53454,92.91767,150.0,26.31,52.76,1,Light Rain,0.4226,1,Watch
24.91749,90.14859,82.1,309.25,12.36,2,Heavy Rain,0.4702,1,Watch
27.95404,93.76084,1.99,3.98,66.97,0,Clear,0.1332,0,Safe
28.49865,89.03712,13.52,13.58,25.87,1,Light Rain,0.1664,0,Safe
26.09701,91.23675,50.57,15.18,20.23,1,Light Rain,0.1987,0,Safe
24.29863,89.10734,10.18,75.0,98.21,1,Light Rain,0.3545,1,Watch
23.7355,91.79335,53.2,38.98,56.64,1,Light Rain,0.296,1,Watch
22.76367,94.33015,48.32,259.93,39.33,3,Extreme Storm,0.4679,1,Watch
23.36151,88.76361,12.44,282.01,54.57,1,Light Rain,0.3759,1,Watch
25.90537,96.3634,0.38,0.71,86.66,1,Light Rain,0.2122,0,Safe
21.88458,91.70582,11.43,69.29,61.81,1,Light Rain,0.2472,0,Safe
27.30962,91.44784,25.19,253.73,41.07,2,Heavy Rain,0.3786,1,Watch
28.67753,91.88908,7.32,8.15,68.67,1,Light Rain,0.1757,0,Safe
25.40047,92.05038,12.42,17.84,32.16,2,Heavy Rain,0.1752,0,Safe
26.26478,97.01887,0.07,8.44,26.23,1,Light Rain,0.1022,0,Safe
28.3507,90.32986,0.03,80.58,81.13,2,Heavy Rain,0.3024,1,Watch
23.62842,91.52614,60.58,185.27,59.51,1,Light Rain,0.4207,1,Watch
25.83644,93.8188,19.1,22.66,90.2,0,Clear,0.296,1,Watch
25.83919,93.81345,1.37,183.0,43.34,2,Heavy Rain,0.2727,1,Watch
26.87264,90.67786,32.77,57.41,30.35,2,Heavy Rain,0.2414,0,Safe
23.54494,88.49845,13.89,218.25,32.98,2,Heavy Rain,0.3541,1,Watch
26.51099,94.22186,75.93,59.3,42.03,1,Light Rain,0.2641,1,Watch
26.2911,91.04914,0.1,143.53,63.91,0,Clear,0.1891,0,Safe
23.87605,92.13506,63.22,107.34,15.17,3,Extreme Storm,0.2772,1,Watch
25.04081,92.7385,1.31,62.02,35.27,0,Clear,0.1528,0,Safe
24.37225,93.09416,0.21,36.04,64.19,1,Light Rain,0.1999,0,Safe
24.59005,91.18957,2.13,304.15,26.34,3,Extreme Storm,0.3226,1,Watch
29.36481,90.68379,9.03,2.96,45.04,1,Light Rain,0.2137,0,Safe
26.9258,93.22649,5.85,102.51,42.74,1,Light Rain,0.1711,0,Safe
26.93267,88.76914,16.15,212.86,42.13,2,Heavy Rain,0.334,1,Watch
22.53758,97.30549,49.7,170.33,84.0,3,Extreme Storm,0.5358,2,Warning
25.03845,90.95374,14.71,377.31,92.28,0,Clear,0.5336,2,Warning
26.38418,93.0042,62.22,30.72,55.32,0,Clear,0.2792,1,Watch
25.1501,89.20459,6.44,1.29,80.6,1,Light Rain,0.2197,0,Safe
22.90732,90.50428,15.01,512.64,51.38,1,Light Rain,0.5509,2,Warning
26.07576,94.37692,0.17,375.44,90.08,2,Heavy Rain,0.543,2,Warning
27.96677,91.51557,5.99,182.38,65.29,1,Light Rain,0.3444,1,Watch
25.80732,88.1122,9.15,0.15,12.61,1,Light Rain,0.135,0,Safe
25.59901,97.12906,1.19,12.21,60.78,1,Light Rain,0.1476,0,Safe
24.51884,92.91229,57.23,573.46,93.19,0,Clear,0.7261,2,Warning
25.66565,93.69228,64.55,24.74,95.93,0,Clear,0.3696,1,Watch
23.5488,92.39731,1.11,65.47,72.64,1,Light Rain,0.2982,1,Watch
22.2067,90.10339,72.37,155.49,75.66,2,Heavy Rain,0.5512,2,Warning
26.72546,96.54018,4.53,45.66,27.35,1,Light Rain,0.2096,0,Safe
26.65744,94.86626,1.25,8.62,97.96,1,Light Rain,0.3195,1,Watch
27.18341,90.90897,25.54,109.08,39.83,1,Light Rain,0.2243,0,Safe
25.6064,90.61044,54.81,67.19,54.51,3,Extreme Storm,0.3555,1,Watch
26.86142,95.01961,4.36,214.84,63.87,0,Clear,0.339,1,Watch
24.59592,92.46409,11.02,237.37,60.51,1,Light Rain,0.3098,1,Watch
27.58392,92.16225,15.34,154.11,23.42,1,Light Rain,0.2108,0,Safe
27.64162,94.20983,10.72,2.78,22.68,3,Extreme Storm,0.1469,0,Safe
25.8651,88.67741,1.37,159.66,54.79,1,Light Rain,0.232,0,Safe
26.75322,92.77412,0.9,19.52,79.06,1,Light Rain,0.2554,1,Watch
25.02492,89.74519,52.89,378.25,90.64,0,Clear,0.5985,2,Warning
25.92372,95.86765,1.17,2.33,94.09,0,Clear,0.2628,1,Watch
28.90879,93.09761,11.4,2.19,11.24,1,Light Rain,0.0866,0,Safe
29.42431,93.69162,22.9,133.15,61.45,2,Heavy Rain,0.3331,1,Watch
24.03406,89.55943,16.13,13.31,81.4,2,Heavy Rain,0.2849,1,Watch
25.65284,93.42853,143.69,77.02,28.38,2,Heavy Rain,0.4633,1,Watch
22.06154,94.33561,3.96,218.28,63.85,3,Extreme Storm,0.3913,1,Watch
25.59369,97.35914,1.4,304.47,75.18,0,Clear,0.3717,1,Watch
28.86304,90.82513,47.93,54.93,76.93,0,Clear,0.3253,1,Watch
26.47834,91.67512,62.78,12.97,79.94,2,Heavy Rain,0.3406,1,Watch
26.80016,94.306,0.99,257.53,62.1,1,Light Rain,0.3653,1,Watch
27.73517,94.32933,0.78,312.41,53.64,3,Extreme Storm,0.4225,1,Watch
24.81048,89.33029,121.84,19.2,40.46,3,Extreme Storm,0.3902,1,Watch
24.18416,95.53462,14.75,60.48,27.11,0,Clear,0.1227,0,Safe
24.04429,92.19594,2.17,89.16,26.24,2,Heavy Rain,0.2255,0,Safe
22.12871,96.41191,45.94,71.11,78.22,0,Clear,0.3266,1,Watch
24.95902,88.9401,1.16,273.31,15.25,1,Light Rain,0.2673,1,Watch
29.39408,92.31271,14.1,72.56,18.25,2,Heavy Rain,0.2145,0,Safe
29.07163,94.77375,0.45,9.81,60.53,1,Light Rain,0.2169,0,Safe
25.85246,91.30578,22.29,265.91,54.92,0,Clear,0.3446,1,Watch
24.975,91.40077,14.65,54.76,78.27,0,Clear,0.2789,1,Watch
21.64553,89.5225,0.9,83.59,93.62,0,Clear,0.2845,1,Watch
25.23611,92.08767,0.84,241.45,17.28,1,Light Rain,0.2564,1,Watch
23.96334,96.03805,112.74,339.04,69.29,2,Heavy Rain,0.6955,2,Warning
28.91632,93.35152,0.18,75.28,58.19,2,Heavy Rain,0.2835,1,Watch
24.92817,88.01331,2.04,11.69,25.32,2,Heavy Rain,0.0913,0,Safe
26.75686,93.02715,5.0,487.29,68.6,1,Light Rain,0.5182,2,Warning
25.83128,93.46843,9.22,284.54,50.92,1,Light Rain,0.3916,1,Watch
28.49013,90.71625,4.8,367.65,77.91,0,Clear,0.3617,1,Watch
27.98287,96.11852,9.98,117.46,29.83,3,Extreme Storm,0.2825,1,Watch
28.68063,92.65054,99.52,42.08,13.16,0,Clear,0.2375,0,Safe
26.40098,88.86487,0.8,219.13,66.61,0,Clear,0.423,1,Watch
28.51272,91.51978,3.81,14.84,51.21,0,Clear,0.1615,0,Safe
26.48495,97.01269,4.1,251.92,54.58,1,Light Rain,0.3402,1,Watch
27.01047,93.4405,6.02,11.08,65.42,2,Heavy Rain,0.2942,1,Watch
26.58422,95.62456,1.29,57.73,53.23,1,Light Rain,0.1933,0,Safe
25.17623,96.52597,6.97,251.25,34.98,2,Heavy Rain,0.3349,1,Watch
26.57407,91.4827,146.51,114.14,99.39,3,Extreme Storm,0.6723,2,Warning
28.5109,94.60876,45.46,364.09,76.05,3,Extreme Storm,0.6326,2,Warning
23.9003,93.72678,7.58,507.53,51.41,0,Clear,0.4426,1,Watch
23.57402,96.68173,43.5,32.93,46.51,1,Light Rain,0.2774,1,Watch
22.78175,96.42841,0.89,380.03,17.44,2,Heavy Rain,0.3441,1,Watch
28.92145,97.12373,1.46,26.47,67.69,3,Extreme Storm,0.3717,1,Watch
22.63662,92.52982,44.78,44.48,18.93,2,Heavy Rain,0.1578,0,Safe
23.6333,93.39936,1.67,93.61,64.74,1,Light Rain,0.2301,0,Safe
23.1256,89.81228,0.95,1.12,40.32,0,Clear,0.022,0,Safe
25.80521,90.87233,0.14,11.4,67.85,1,Light Rain,0.3294,1,Watch
23.79669,91.59122,13.55,22.98,95.73,0,Clear,0.2282,0,Safe
24.62968,93.26583,2.01,7.07,88.79,0,Clear,0.2604,1,Watch
29.32889,90.96193,67.56,123.82,30.77,2,Heavy Rain,0.3678,1,Watch
29.33699,92.72957,1.8,29.33,76.42,1,Light Rain,0.2107,0,Safe
27.85732,89.49546,15.01,24.79,29.11,0,Clear,0.1453,0,Safe
24.77705,90.89085,5.92,104.23,61.34,0,Clear,0.1899,0,Safe
24.82707,96.55119,111.66,80.81,84.66,0,Clear,0.4191,1,Watch
27.07163,93.24867,52.23,1.01,55.02,0,Clear,0.1628,0,Safe
29.06585,97.19161,47.28,89.44,57.46,3,Extreme Storm,0.4088,1,Watch
26.28025,92.40869,17.65,27.29,37.15,2,Heavy Rain,0.1288,0,Safe
22.7558,92.53541,1.05,161.43,34.42,1,Light Rain,0.2445,0,Safe
24.22195,96.74427,6.52,205.8,97.66,2,Heavy Rain,0.454,1,Watch
22.97579,92.39495,0.52,266.82,10.93,1,Light Rain,0.3091,1,Watch
26.16831,89.26693,4.39,25.26,11.86,2,Heavy Rain,0.1218,0,Safe
23.95616,90.66447,1.37,38.37,41.17,0,Clear,0.1647,0,Safe
27.42203,88.9479,1.52,237.92,48.37,0,Clear,0.3025,1,Watch
24.53616,91.91119,5.79,7.46,78.46,0,Clear,0.2066,0,Safe
23.94122,94.46988,8.29,27.14,91.15,0,Clear,0.3044,1,Watch
24.76696,93.00146,8.2,341.78,11.24,0,Clear,0.2848,1,Watch
23.94097,88.97864,2.08,80.9,69.81,2,Heavy Rain,0.3345,1,Watch
25.26841,95.34118,0.3,436.91,40.98,0,Clear,0.3571,1,Watch
28.96266,88.97414,13.38,3.74,41.99,1,Light Rain,0.1842,0,Safe
26.34611,89.80378,0.31,282.54,85.54,2,Heavy Rain,0.5015,2,Warning
25.41067,94.4974,9.22,59.43,27.24,2,Heavy Rain,0.1462,0,Safe
26.07981,96.63773,0.13,29.71,15.79,0,Clear,0.0565,0,Safe
26.26565,88.49729,52.17,9.1,41.04,0,Clear,0.1261,0,Safe
29.21867,89.59501,37.15,33.48,57.55,3,Extreme Storm,0.2646,1,Watch
24.81569,92.71945,14.7,44.93,90.83,2,Heavy Rain,0.3458,1,Watch
26.37143,96.62586,0.01,421.99,68.72,2,Heavy Rain,0.5918,2,Warning
24.82061,97.33252,33.53,29.81,38.46,1,Light Rain,0.2803,1,Watch
28.38783,92.76848,49.8,42.05,32.59,0,Clear,0.1803,0,Safe
26.8793,91.51858,143.9,115.85,41.61,1,Light Rain,0.4164,1,Watch
27.21533,94.27939,7.35,100.93,13.05,0,Clear,0.1493,0,Safe
25.9535,89.26095,2.05,71.33,97.7,2,Heavy Rain,0.2817,1,Watch
26.7784,91.26755,39.19,90.94,28.8,2,Heavy Rain,0.2485,0,Safe
25.808,88.31795,1.14,69.3,77.22,2,Heavy Rain,0.2779,1,Watch
26.68989,94.11673,15.44,36.64,17.9,1,Light Rain,0.1248,0,Safe
28.87465,91.4752,1.69,270.74,14.92,1,Light Rain,0.309,1,Watch
21.70625,91.40025,75.65,70.78,75.64,2,Heavy Rain,0.3255,1,Watch
29.02207,90.67795,46.41,73.21,73.56,2,Heavy Rain,0.3891,1,Watch
27.51061,91.72954,16.06,261.69,69.97,0,Clear,0.3899,1,Watch
25.26757,88.61154,1.49,216.94,24.33,2,Heavy Rain,0.2722,1,Watch
25.54375,92.02361,10.86,214.17,49.63,1,Light Rain,0.3299,1,Watch
26.28219,94.04727,119.14,3.25,60.96,1,Light Rain,0.407,1,Watch
27.29661,93.00536,14.54,171.87,19.28,1,Light Rain,0.2267,0,Safe
27.14904,88.13483,89.54,7.5,41.67,1,Light Rain,0.2103,0,Safe
25.44212,94.63906,55.26,272.69,81.82,0,Clear,0.4429,1,Watch
26.0632,92.63406,49.17,41.8,46.89,2,Heavy Rain,0.3576,1,Watch
28.10527,88.22456,1.39,53.56,60.91,3,Extreme Storm,0.2436,0,Safe
28.46656,88.47218,1.73,498.26,15.41,1,Light Rain,0.4101,1,Watch
22.15066,89.16068,28.98,122.99,71.46,2,Heavy Rain,0.3468,1,Watch
27.2635,92.71115,16.22,298.28,68.52,1,Light Rain,0.4543,1,Watch
27.37861,90.52231,10.84,215.17,33.39,3,Extreme Storm,0.3369,1,Watch
21.55273,91.09608,1.85,101.79,75.94,1,Light Rain,0.3203,1,Watch
27.72242,93.08567,18.74,10.65,60.77,0,Clear,0.2056,0,Safe
21.57377,90.98991,1.24,16.64,76.72,3,Extreme Storm,0.2894,1,Watch
24.81742,91.08458,15.8,94.6,71.52,2,Heavy Rain,0.2457,0,Safe
27.11249,90.61368,42.22,386.41,28.71,1,Light Rain,0.3984,1,Watch
26.13728,93.09163,124.66,401.95,78.19,2,Heavy Rain,0.6896,2,Warning
27.3997,92.83945,14.65,412.16,27.4,0,Clear,0.3191,1,Watch
27.33045,93.70814,7.18,32.21,68.13,2,Heavy Rain,0.2906,1,Watch
26.68734,88.85566,60.12,203.16,61.39,2,Heavy Rain,0.5368,2,Warning
21.94854,94.81482,0.81,5.73,90.4,1,Light Rain,0.1659,0,Safe
28.00676,90.56684,5.69,20.12,53.1,2,Heavy Rain,0.162,0,Safe
26.3867,89.72474,4.99,81.77,18.06,0,Clear,0.1173,0,Safe
24.71343,91.51012,7.28,6.84,64.86,0,Clear,0.1687,0,Safe
25.40281,90.86808,15.16,196.8,59.64,1,Light Rain,0.3571,1,Watch
24.47885,93.82753,37.8,6.33,84.69,3,Extreme Storm,0.3771,1,Watch
25.97632,94.43964,0.11,4.06,69.35,0,Clear,0.229,0,Safe
25.60847,95.19342,0.08,37.77,62.81,1,Light Rain,0.2385,0,Safe
25.72044,92.72711,0.22,14.08,71.25,2,Heavy Rain,0.2896,1,Watch
24.56592,93.76983,13.45,307.81,34.42,2,Heavy Rain,0.421,1,Watch
26.31672,96.17415,10.05,41.1,67.67,2,Heavy Rain,0.2323,0,Safe
25.75104,91.74433,2.57,435.07,66.51,3,Extreme Storm,0.5841,2,Warning
26.53158,97.16187,0.24,57.98,52.74,1,Light Rain,0.23,0,Safe
25.51543,93.64832,49.62,293.35,26.97,3,Extreme Storm,0.432,1,Watch
24.39201,88.96623,1.0,78.33,78.0,2,Heavy Rain,0.3016,1,Watch
23.07834,89.61768,31.39,16.36,74.23,2,Heavy Rain,0.3027,1,Watch
26.54464,92.45884,144.83,600.0,53.21,1,Light Rain,0.7726,3,Critical
26.92569,92.96519,41.8,473.44,89.82,0,Clear,0.5546,2,Warning
23.94394,95.6824,2.34,45.36,37.81,0,Clear,0.2145,0,Safe
27.45223,88.68745,2.51,99.03,22.39,2,Heavy Rain,0.2361,0,Safe
27.90746,90.30625,0.35,73.38,46.98,1,Light Rain,0.2013,0,Safe
25.94023,91.53367,150.0,359.12,40.62,1,Light Rain,0.5656,2,Warning
24.60836,91.98361,63.18,140.45,65.83,2,Heavy Rain,0.452,1,Watch
23.85061,91.6139,135.49,282.0,70.77,2,Heavy Rain,0.6428,2,Warning
22.54033,92.96394,0.86,101.42,17.24,1,Light Rain,0.1392,0,Safe
25.70141,88.71833,39.55,3.94,50.22,1,Light Rain,0.3173,1,Watch
23.01569,93.21068,25.43,27.75,16.31,2,Heavy Rain,0.2442,0,Safe
26.49152,97.37671,23.52,17.14,23.79,1,Light Rain,0.0488,0,Safe
28.48807,95.54896,38.51,94.46,73.32,3,Extreme Storm,0.4251,1,Watch
27.63078,90.19105,33.84,85.0,45.84,2,Heavy Rain,0.301,1,Watch
23.14507,95.92695,11.62,102.9,68.61,2,Heavy Rain,0.3404,1,Watch
22.88379,90.66854,116.42,48.16,66.85,0,Clear,0.371,1,Watch
23.55239,90.24813,41.73,12.65,45.39,1,Light Rain,0.2249,0,Safe
26.16507,88.18562,4.27,68.76,78.56,2,Heavy Rain,0.2723,1,Watch
26.74706,92.68117,24.24,484.8,87.53,0,Clear,0.6239,2,Warning
25.86803,96.06427,30.5,157.02,56.23,2,Heavy Rain,0.403,1,Watch
25.30352,92.31965,40.07,100.45,85.9,1,Light Rain,0.4475,1,Watch
25.77847,91.85425,145.3,59.45,84.94,2,Heavy Rain,0.5299,2,Warning
26.01397,91.64138,38.73,11.46,80.9,1,Light Rain,0.3186,1,Watch
21.6491,90.98465,10.28,140.31,87.01,1,Light Rain,0.4433,1,Watch
23.90371,91.65104,48.08,295.17,14.03,2,Heavy Rain,0.3516,1,Watch
26.88957,94.38845,1.68,371.42,17.25,2,Heavy Rain,0.3198,1,Watch
25.92374,94.48675,45.38,21.97,73.55,2,Heavy Rain,0.3528,1,Watch
26.9417,93.17915,15.14,22.52,71.95,1,Light Rain,0.3001,1,Watch
24.69483,91.6442,19.75,95.42,21.37,1,Light Rain,0.1566,0,Safe
26.91409,92.11895,14.73,120.28,71.45,2,Heavy Rain,0.4273,1,Watch
22.07726,93.21359,112.89,249.68,61.98,1,Light Rain,0.5063,2,Warning
25.46796,93.05741,4.12,587.84,86.04,2,Heavy Rain,0.7068,2,Warning
26.84975,91.2071,2.44,99.94,67.51,3,Extreme Storm,0.3124,1,Watch
25.67076,89.2941,17.28,1.6,43.03,2,Heavy Rain,0.1855,0,Safe
27.81699,94.55336,0.39,186.62,90.47,1,Light Rain,0.4175,1,Watch
28.83756,92.01311,6.17,106.57,25.0,3,Extreme Storm,0.2355,0,Safe
24.40464,91.00925,19.32,40.37,19.91,1,Light Rain,0.0815,0,Safe
25.54643,91.29728,29.17,20.06,49.51,1,Light Rain,0.1872,0,Safe
27.39079,90.89621,30.81,217.02,30.19,0,Clear,0.3004,1,Watch
25.23694,93.63887,1.06,558.7,71.19,0,Clear,0.5681,2,Warning
25.72807,91.18912,55.4,126.68,33.84,3,Extreme Storm,0.3904,1,Watch
28.56358,90.31447,0.83,29.01,55.1,0,Clear,0.1344,0,Safe
23.16489,94.75185,1.75,450.91,50.62,0,Clear,0.3877,1,Watch
27.57498,88.45584,40.92,8.49,87.64,1,Light Rain,0.2935,1,Watch
23.60952,93.27146,13.28,40.23,79.12,2,Heavy Rain,0.2834,1,Watch
26.11021,97.15889,105.33,7.35,39.85,1,Light Rain,0.3115,1,Watch
26.78068,93.36528,13.77,22.0,46.85,1,Light Rain,0.1407,0,Safe
24.19187,94.16445,99.59,97.64,13.79,1,Light Rain,0.3415,1,Watch
24.37902,90.35652,2.22,12.96,28.83,0,Clear,0.105,0,Safe
23.31271,91.84152,11.85,99.43,38.59,1,Light Rain,0.1813,0,Safe
23.54254,94.7727,0.38,20.22,53.07,3,Extreme Storm,0.2388,0,Safe
25.53779,93.32068,118.08,120.03,68.31,2,Heavy Rain,0.4788,1,Watch
24.6076,96.96256,14.04,468.52,27.29,0,Clear,0.398,1,Watch
26.53633,93.15769,14.27,275.83,60.47,2,Heavy Rain,0.3921,1,Watch
28.65956,89.4628,1.79,6.51,72.06,1,Light Rain,0.3065,1,Watch
26.95801,94.13583,27.33,385.33,18.01,2,Heavy Rain,0.3505,1,Watch
22.64156,91.13319,14.28,222.41,19.54,0,Clear,0.1701,0,Safe
21.69534,90.94699,9.84,50.46,94.29,0,Clear,0.2762,1,Watch
25.55847,89.67045,93.99,87.23,37.23,2,Heavy Rain,0.3783,1,Watch
27.88082,95.89241,38.89,370.34,13.21,2,Heavy Rain,0.4154,1,Watch
24.75178,92.67663,1.66,600.0,55.45,1,Light Rain,0.6114,2,Warning
25.9563,96.43272,0.13,104.41,28.94,0,Clear,0.1599,0,Safe
22.48323,91.69185,76.72,375.97,55.33,3,Extreme Storm,0.58,2,Warning
24.04811,88.84041,2.03,45.24,20.66,1,Light Rain,0.161,0,Safe
28.32968,93.97765,0.8,60.5,12.15,0,Clear,0.0972,0,Safe
24.0395,93.63237,10.25,131.62,35.66,2,Heavy Rain,0.3161,1,Watch
29.12275,92.71431,77.77,31.15,57.04,1,Light Rain,0.3284,1,Watch
25.82806,91.96141,4.38,4.01,32.2,0,Clear,0.1341,0,Safe
29.22665,94.83225,0.13,39.05,69.06,2,Heavy Rain,0.1567,0,Safe
27.89246,91.01435,9.07,95.35,51.07,1,Light Rain,0.2203,0,Safe
25.90664,88.52473,29.38,359.58,91.69,2,Heavy Rain,0.5481,2,Warning
26.94094,92.0891,1.95,83.26,22.99,2,Heavy Rain,0.211,0,Safe
22.40109,93.59831,2.78,28.22,75.37,1,Light Rain,0.2156,0,Safe
21.62216,92.14125,109.85,156.74,52.59,0,Clear,0.4581,1,Watch
29.06826,92.45654,0.78,16.91,28.39,3,Extreme Storm,0.215,0,Safe
23.83408,92.74788,5.13,441.22,60.38,1,Light Rain,0.4627,1,Watch
24.93165,89.55208,10.68,113.07,20.11,3,Extreme Storm,0.253,1,Watch
26.23444,90.52796,6.76,81.0,72.14,0,Clear,0.237,0,Safe
27.82993,95.51709,42.31,12.77,73.26,1,Light Rain,0.3002,1,Watch
26.55395,91.62542,0.73,456.01,16.48,2,Heavy Rain,0.4431,1,Watch
26.02856,91.19741,0.28,585.73,78.24,3,Extreme Storm,0.6735,2,Warning
25.43164,90.29548,15.08,38.73,64.88,2,Heavy Rain,0.2136,0,Safe
27.74081,96.76405,95.09,183.84,20.65,1,Light Rain,0.3898,1,Watch
26.06963,95.88498,33.31,5.39,39.13,0,Clear,0.1998,0,Safe
25.84162,94.26936,51.11,190.97,78.73,1,Light Rain,0.3746,1,Watch
21.66047,93.95853,10.26,423.87,33.6,0,Clear,0.3822,1,Watch
28.72914,90.34141,1.11,25.2,17.72,2,Heavy Rain,0.0923,0,Safe
27.81735,89.20724,0.46,16.84,16.5,3,Extreme Storm,0.1983,0,Safe
29.38862,92.38395,11.88,373.54,62.06,2,Heavy Rain,0.5379,2,Warning
25.44279,93.87968,0.14,117.56,99.8,1,Light Rain,0.329,1,Watch
21.57862,91.61017,3.3,305.28,79.84,1,Light Rain,0.3893,1,Watch
24.71547,91.15629,16.55,319.94,61.45,1,Light Rain,0.4376,1,Watch
22.89403,95.42526,1.7,385.77,33.03,2,Heavy Rain,0.3649,1,Watch
24.89204,91.58752,125.92,212.76,68.89,2,Heavy Rain,0.6249,2,Warning
22.24404,92.1809,16.68,1.18,60.33,2,Heavy Rain,0.2408,0,Safe
26.16049,92.13833,93.86,123.65,95.72,2,Heavy Rain,0.6091,2,Warning
25.83354,90.67841,1.37,600.0,72.97,3,Extreme Storm,0.7507,3,Critical
29.30173,93.58707,14.12,14.77,15.91,3,Extreme Storm,0.2352,0,Safe
26.1895,88.79674,10.87,74.96,54.89,2,Heavy Rain,0.2881,1,Watch
25.5152,93.86303,1.4,119.83,67.96,0,Clear,0.2143,0,Safe
26.65921,94.22932,14.51,20.6,33.41,2,Heavy Rain,0.1288,0,Safe
24.7063,91.39004,9.38,188.46,33.29,1,Light Rain,0.2816,1,Watch
24.32826,89.59361,52.99,53.24,32.67,2,Heavy Rain,0.2989,1,Watch
23.08962,96.16503,0.45,4.33,87.96,2,Heavy Rain,0.3007,1,Watch
22.95801,92.39024,29.35,39.24,94.57,2,Heavy Rain,0.325,1,Watch
23.526,93.46869,12.53,18.64,79.43,3,Extreme Storm,0.3,1,Watch
25.18174,92.98962,38.05,1.58,73.16,3,Extreme Storm,0.3507,1,Watch
26.92153,93.2761,39.09,105.97,40.75,2,Heavy Rain,0.2798,1,Watch
23.23101,89.3134,14.23,2.11,75.16,3,Extreme Storm,0.282,1,Watch
29.05888,93.05475,1.86,340.83,26.38,2,Heavy Rain,0.3243,1,Watch
25.68655,91.00804,1.59,14.59,42.53,0,Clear,0.1133,0,Safe
28.01331,89.99486,34.6,56.92,59.47,0,Clear,0.236,0,Safe
25.92978,97.41978,0.78,137.98,97.84,0,Clear,0.3048,1,Watch
24.04961,95.77917,88.19,2.88,38.23,1,Light Rain,0.2782,1,Watch
28.58428,91.0893,2.48,74.77,47.03,1,Light Rain,0.2149,0,Safe
29.16525,93.38729,5.95,110.38,10.3,2,Heavy Rain,0.19,0,Safe
26.41501,90.58603,19.02,6.73,64.61,2,Heavy Rain,0.2261,0,Safe
26.39857,90.22576,2.38,108.03,78.25,0,Clear,0.2593,1,Watch
23.29422,92.57557,6.26,390.14,14.79,3,Extreme Storm,0.4081,1,Watch
23.12894,88.51747,34.66,132.25,55.08,0,Clear,0.2887,1,Watch
26.16344,89.44884,35.05,11.67,73.86,3,Extreme Storm,0.2975,1,Watch
27.88682,89.18986,1.28,48.83,28.8,3,Extreme Storm,0.193,0,Safe
24.77824,90.9034,1.62,91.88,43.62,2,Heavy Rain,0.2634,1,Watch
23.78171,96.66647,9.19,72.54,11.91,1,Light Rain,0.103,0,Safe
23.80335,96.43529,6.26,1.34,53.24,0,Clear,0.1586,0,Safe
29.44321,96.90097,25.89,179.98,84.16,2,Heavy Rain,0.4408,1,Watch
27.98984,89.71975,1.87,27.19,62.86,0,Clear,0.16,0,Safe
26.87736,94.57788,49.95,256.05,13.56,1,Light Rain,0.3716,1,Watch
27.06963,96.51645,1.16,53.46,35.96,1,Light Rain,0.1487,0,Safe
25.58195,88.49593,1.77,147.63,71.67,2,Heavy Rain,0.3388,1,Watch
26.98418,90.78412,0.11,14.04,21.62,1,Light Rain,0.0776,0,Safe
29.18872,97.40599,17.56,63.63,15.28,2,Heavy Rain,0.2358,0,Safe
24.28773,91.13635,2.57,276.08,62.37,2,Heavy Rain,0.4666,1,Watch
27.48004,94.48634,24.03,464.8,70.24,2,Heavy Rain,0.638,2,Warning
26.66704,93.90593,8.09,16.49,26.18,1,Light Rain,0.158,0,Safe
26.08869,93.19079,17.62,30.97,10.08,3,Extreme Storm,0.1398,0,Safe
24.34344,94.80099,6.89,19.77,24.27,1,Light Rain,0.1007,0,Safe
28.82235,92.01912,0.31,27.65,93.73,1,Light Rain,0.2558,1,Watch
24.80902,92.37229,26.52,600.0,40.03,1,Light Rain,0.6188,2,Warning
29.03431,93.59406,1.2,408.5,77.02,1,Light Rain,0.5936,2,Warning
25.98174,88.05865,1.55,23.93,32.62,2,Heavy Rain,0.1939,0,Safe
25.41615,97.44575,37.78,31.54,11.07,1,Light Rain,0.212,0,Safe
26.05109,92.47641,0.75,13.59,85.87,2,Heavy Rain,0.31,1,Watch
26.94422,97.42295,98.43,53.28,52.56,2,Heavy Rain,0.4103,1,Watch
23.85277,93.24693,46.38,191.0,48.84,1,Light Rain,0.3369,1,Watch
25.43639,92.25384,0.25,497.7,59.96,0,Clear,0.5066,2,Warning
26.20644,90.17886,0.86,50.85,20.7,3,Extreme Storm,0.2236,0,Safe
25.14251,93.80073,1.18,65.11,38.03,0,Clear,0.1826,0,Safe
28.35075,93.14467,0.21,13.27,69.39,0,Clear,0.1868,0,Safe
25.80302,95.76904,46.41,23.26,18.74,1,Light Rain,0.181,0,Safe
23.63634,93.56668,10.37,57.63,14.78,1,Light Rain,0.1235,0,Safe
23.94154,92.52206,7.07,283.17,53.06,0,Clear,0.3106,1,Watch
25.37478,92.06189,1.56,392.14,93.23,0,Clear,0.5324,2,Warning
23.52206,91.35381,15.9,231.78,89.68,2,Heavy Rain,0.3961,1,Watch
22.74578,94.20913,8.23,143.67,76.35,2,Heavy Rain,0.3001,1,Watch
29.49132,95.4148,45.52,36.63,98.12,0,Clear,0.3237,1,Watch
25.5815,90.53632,62.06,150.27,56.54,1,Light Rain,0.3274,1,Watch
28.6663,90.13586,0.07,7.92,15.97,0,Clear,0.0888,0,Safe
24.19391,90.58401,10.9,17.56,77.28,1,Light Rain,0.2387,0,Safe
25.68833,90.72928,6.78,162.91,14.83,1,Light Rain,0.2254,0,Safe
27.02478,95.95197,99.45,163.79,31.06,0,Clear,0.4048,1,Watch
26.42041,89.29734,20.0,55.62,86.74,3,Extreme Storm,0.3897,1,Watch
23.77871,95.47821,3.23,454.01,29.84,3,Extreme Storm,0.4958,1,Watch
22.68483,95.47099,3.27,213.29,35.53,1,Light Rain,0.3189,1,Watch
25.43776,90.88408,52.52,138.1,86.43,0,Clear,0.4357,1,Watch
24.06975,91.71914,14.42,27.98,11.26,1,Light Rain,0.0213,0,Safe
28.49117,94.45848,2.46,209.92,90.96,3,Extreme Storm,0.455,1,Watch
22.78484,92.49935,2.24,28.84,84.77,1,Light Rain,0.2887,1,Watch
25.23584,95.82741,6.48,14.48,64.92,0,Clear,0.1914,0,Safe
26.48276,95.58113,47.29,94.31,46.57,2,Heavy Rain,0.2851,1,Watch
26.50869,91.16582,26.67,15.64,33.13,2,Heavy Rain,0.1361,0,Safe
26.70001,96.13711,1.24,165.61,50.75,0,Clear,0.2638,1,Watch
27.16809,94.085,19.24,9.35,63.79,3,Extreme Storm,0.264,1,Watch
25.44698,96.43183,0.34,408.43,44.59,2,Heavy Rain,0.4456,1,Watch
24.55281,94.17668,43.91,270.87,20.62,0,Clear,0.3111,1,Watch
24.86028,93.90346,1.89,489.31,16.14,0,Clear,0.3632,1,Watch
27.03224,88.65528,33.12,23.12,77.17,3,Extreme Storm,0.3263,1,Watch
21.52879,97.28353,35.57,1.67,25.6,2,Heavy Rain,0.1878,0,Safe
24.60045,88.63103,27.67,218.99,34.19,1,Light Rain,0.2891,1,Watch
26.51943,94.34629,0.92,15.23,48.57,1,Light Rain,0.2327,0,Safe
25.85819,91.23777,22.36,42.84,51.01,1,Light Rain,0.2352,0,Safe
23.67132,90.82015,2.2,3.56,42.82,2,Heavy Rain,0.2824,1,Watch
25.92157,92.39457,0.72,298.01,33.42,0,Clear,0.2307,0,Safe
25.95157,91.20781,35.24,83.03,71.68,0,Clear,0.2813,1,Watch
21.5139,89.77329,0.23,255.17,19.0,0,Clear,0.2058,0,Safe
24.07739,91.61627,1.96,134.65,10.92,3,Extreme Storm,0.1893,0,Safe
24.83519,90.80623,19.45,315.16,72.03,3,Extreme Storm,0.5086,2,Warning
25.57853,90.1158,59.48,313.15,62.98,1,Light Rain,0.4795,1,Watch
23.11488,94.69148,21.16,2.09,62.31,1,Light Rain,0.1866,0,Safe
26.66099,91.36814,1.92,34.64,61.46,0,Clear,0.2517,1,Watch
28.05003,96.74324,92.64,280.77,56.2,1,Light Rain,0.5121,2,Warning
29.01412,96.97152,59.87,9.34,60.8,2,Heavy Rain,0.3617,1,Watch
23.51152,94.09398,7.6,31.64,43.51,2,Heavy Rain,0.2488,0,Safe
25.15777,95.59622,1.28,43.01,98.35,0,Clear,0.3338,1,Watch
28.9911,88.46579,25.34,2.52,57.82,2,Heavy Rain,0.2158,0,Safe
23.24716,95.73233,0.84,102.53,54.43,3,Extreme Storm,0.3565,1,Watch
25.77516,91.55821,48.04,89.27,48.5,0,Clear,0.2579,1,Watch
26.47844,95.38613,13.19,115.43,31.48,2,Heavy Rain,0.3257,1,Watch
23.50988,93.30862,1.85,171.62,21.29,2,Heavy Rain,0.2584,1,Watch
25.63291,96.21423,44.76,22.11,13.19,1,Light Rain,0.1095,0,Safe
21.76883,95.74093,29.71,46.22,52.18,2,Heavy Rain,0.3278,1,Watch
25.54504,88.83252,1.3,236.97,86.49,0,Clear,0.4227,1,Watch
26.63597,92.576,56.35,124.51,29.2,2,Heavy Rain,0.2649,1,Watch
26.91118,92.87803,0.39,29.99,59.28,1,Light Rain,0.232,0,Safe
26.77882,91.80924,0.03,32.96,11.92,2,Heavy Rain,0.1826,0,Safe
26.27379,91.34791,1.6,120.11,58.46,1,Light Rain,0.2814,1,Watch
26.55994,90.2466,0.14,5.49,63.09,1,Light Rain,0.156,0,Safe
26.54123,88.68139,97.76,204.4,94.92,3,Extreme Storm,0.6769,2,Warning
22.10276,94.13642,0.13,369.19,78.79,3,Extreme Storm,0.57,2,Warning
24.65258,88.2596,14.22,79.72,24.5,0,Clear,0.1289,0,Safe
24.30386,90.75571,1.12,456.99,60.77,1,Light Rain,0.4734,1,Watch
25.49425,91.38789,56.29,93.82,62.94,0,Clear,0.3401,1,Watch
28.10644,96.74031,111.2,94.97,35.9,1,Light Rain,0.3353,1,Watch
27.08898,92.36085,1.66,93.17,68.23,2,Heavy Rain,0.3102,1,Watch
24.8879,89.24288,35.98,12.39,36.85,0,Clear,0.2083,0,Safe
26.92064,90.69946,3.47,117.63,17.62,0,Clear,0.189,0,Safe
28.08816,91.21528,5.89,61.69,43.2,2,Heavy Rain,0.2046,0,Safe
26.18841,92.44579,66.24,34.27,56.41,2,Heavy Rain,0.2775,1,Watch
22.21693,96.00981,1.01,116.88,84.7,3,Extreme Storm,0.363,1,Watch
25.42585,91.43856,2.77,70.13,30.98,1,Light Rain,0.1948,0,Safe
28.85573,93.11492,1.34,12.04,18.56,3,Extreme Storm,0.127,0,Safe
28.4902,94.05228,0.89,31.62,24.07,2,Heavy Rain,0.1927,0,Safe
24.47174,94.45448,2.16,93.97,67.2,1,Light Rain,0.2379,0,Safe
28.83591,91.52043,1.53,88.02,38.5,2,Heavy Rain,0.2019,0,Safe
25.88159,91.1776,0.61,34.63,21.39,2,Heavy Rain,0.1373,0,Safe
22.64895,91.76851,48.77,22.53,58.02,1,Light Rain,0.3125,1,Watch
26.28194,91.56718,2.55,240.1,18.35,1,Light Rain,0.1802,0,Safe
21.83787,90.9947,42.5,119.71,83.5,2,Heavy Rain,0.4373,1,Watch
23.52199,93.376,7.52,446.18,49.71,1,Light Rain,0.4781,1,Watch
24.31691,88.3474,119.77,16.2,57.67,1,Light Rain,0.3483,1,Watch
27.27466,94.15779,6.41,362.52,46.23,3,Extreme Storm,0.4822,1,Watch
25.15948,91.22436,19.4,133.02,61.37,0,Clear,0.2672,1,Watch
25.34551,90.96806,32.8,515.75,53.08,2,Heavy Rain,0.5526,2,Warning
24.89029,91.52518,50.29,242.45,20.61,3,Extreme Storm,0.394,1,Watch
25.37242,96.8428,27.62,61.48,23.93,0,Clear,0.1051,0,Safe
25.22426,88.40663,11.23,430.49,55.83,0,Clear,0.4197,1,Watch
24.10936,97.16615,28.77,23.6,27.29,1,Light Rain,0.2005,0,Safe
23.97374,93.61444,1.55,25.17,14.24,0,Clear,0.0425,0,Safe
27.90814,94.51839,91.32,296.8,70.34,1,Light Rain,0.5936,2,Warning
27.86023,88.64064,0.4,1.95,35.07,2,Heavy Rain,0.15,0,Safe
26.79685,88.49121,1.55,38.63,35.68,2,Heavy Rain,0.1457,0,Safe
28.7968,94.26265,0.6,29.22,92.92,0,Clear,0.272,1,Watch
26.42295,95.47856,0.49,0.23,21.05,1,Light Rain,0.1093,0,Safe
27.88989,93.25364,67.22,13.38,66.75,2,Heavy Rain,0.3053,1,Watch
24.15639,90.8315,67.06,13.36,50.75,2,Heavy Rain,0.3597,1,Watch
28.85494,95.86503,86.7,206.53,75.31,0,Clear,0.5313,2,Warning
24.42295,96.24816,1.96,397.28,48.03,0,Clear,0.4132,1,Watch
23.84822,89.77451,0.2,77.74,82.04,2,Heavy Rain,0.327,1,Watch
26.75374,89.48289,1.0,1.68,57.95,0,Clear,0.2281,0,Safe
27.40842,91.13011,1.93,16.64,19.16,1,Light Rain,0.1171,0,Safe
29.17672,91.51338,0.19,197.55,82.76,0,Clear,0.3468,1,Watch
25.38923,92.8342,2.0,11.91,87.89,1,Light Rain,0.3323,1,Watch
24.3804,90.84917,24.8,16.07,60.3,0,Clear,0.2669,1,Watch
22.22616,92.00856,17.96,77.99,97.22,2,Heavy Rain,0.3341,1,Watch
26.70531,92.20367,1.54,8.96,75.32,2,Heavy Rain,0.2434,0,Safe
21.99858,91.69876,27.94,233.52,72.86,0,Clear,0.4078,1,Watch
22.29571,89.63425,89.79,248.91,29.5,0,Clear,0.4384,1,Watch
26.45187,95.19915,33.96,7.61,72.6,1,Light Rain,0.2299,0,Safe
26.26669,93.8567,64.0,29.6,73.14,0,Clear,0.3456,1,Watch
26.19614,92.66471,3.38,27.22,46.54,0,Clear,0.1239,0,Safe
23.83952,91.1612,144.16,553.8,76.76,1,Light Rain,0.8634,3,Critical
26.31454,88.02425,22.54,95.42,34.11,0,Clear,0.1638,0,Safe
24.75542,90.35857,16.75,120.57,60.44,2,Heavy Rain,0.2327,0,Safe
23.6227,93.01046,26.75,222.76,98.11,3,Extreme Storm,0.4675,1,Watch
26.62677,96.64828,41.11,368.44,89.61,0,Clear,0.4931,1,Watch
26.7585,96.03685,0.61,102.22,63.36,0,Clear,0.2039,0,Safe
25.92641,89.02762,1.71,15.87,23.66,1,Light Rain,0.1056,0,Safe
27.29677,91.82268,71.24,102.88,12.48,0,Clear,0.1978,0,Safe
25.67633,93.15509,106.7,89.17,23.69,3,Extreme Storm,0.3946,1,Watch
27.96702,90.58879,13.96,214.37,93.2,0,Clear,0.3793,1,Watch
24.63027,89.91446,18.23,53.43,70.93,0,Clear,0.2431,0,Safe
23.10734,91.06043,0.38,13.38,81.85,1,Light Rain,0.2847,1,Watch
24.37521,95.40427,0.84,70.36,83.34,1,Light Rain,0.2894,1,Watch
22.54951,96.09636,0.57,65.85,27.11,2,Heavy Rain,0.2009,0,Safe
24.41889,91.0936,1.18,4.86,69.1,3,Extreme Storm,0.3065,1,Watch
24.95292,94.66357,14.13,94.5,12.12,1,Light Rain,0.1439,0,Safe
28.52453,91.70665,36.37,93.02,29.17,1,Light Rain,0.1573,0,Safe
24.54192,89.94237,5.21,324.81,72.68,1,Light Rain,0.4504,1,Watch
26.84784,94.25372,5.94,8.81,48.84,2,Heavy Rain,0.1776,0,Safe
27.88276,91.95347,0.84,6.58,83.53,2,Heavy Rain,0.3158,1,Watch
25.9121,97.37953,6.44,15.62,25.08,1,Light Rain,0.1718,0,Safe
26.52817,97.42663,3.69,198.94,63.87,1,Light Rain,0.3215,1,Watch
29.16606,92.04227,8.74,140.51,47.83,1,Light Rain,0.2677,1,Watch
21.73973,91.00262,1.3,206.39,11.37,2,Heavy Rain,0.2616,1,Watch
25.24194,90.23953,33.73,600.0,90.12,2,Heavy Rain,0.7157,2,Warning
27.29973,96.98304,37.4,43.53,69.78,2,Heavy Rain,0.3328,1,Watch
25.96016,92.70604,1.54,242.43,89.02,1,Light Rain,0.3582,1,Watch
24.15386,88.90783,40.87,75.14,19.58,3,Extreme Storm,0.3089,1,Watch
28.20965,91.21397,1.44,14.8,13.78,0,Clear,0.1142,0,Safe
26.73897,92.29997,5.35,507.47,32.5,1,Light Rain,0.4658,1,Watch
23.73273,93.24372,2.32,96.2,73.16,2,Heavy Rain,0.2875,1,Watch
23.85306,95.48919,33.72,3.44,64.52,3,Extreme Storm,0.3302,1,Watch
23.18424,89.27078,0.29,169.44,13.94,1,Light Rain,0.1306,0,Safe
28.36615,90.99749,22.7,17.87,90.42,1,Light Rain,0.2917,1,Watch
28.39116,94.26293,0.43,17.52,82.76,0,Clear,0.2026,0,Safe
27.28787,88.51126,99.02,7.95,60.59,2,Heavy Rain,0.3676,1,Watch
23.8067,90.71629,40.22,19.77,67.94,0,Clear,0.2588,1,Watch
22.04681,95.05771,6.52,59.75,25.5,1,Light Rain,0.1651,0,Safe
23.42238,90.32315,1.47,104.14,47.71,3,Extreme Storm,0.2917,1,Watch
26.62615,91.92078,1.14,44.92,46.69,3,Extreme Storm,0.2846,1,Watch
26.85938,93.1427,41.8,2.46,42.82,1,Light Rain,0.2273,0,Safe
23.28409,90.64832,36.82,270.04,77.43,0,Clear,0.4152,1,Watch
27.39203,92.22481,0.31,45.19,24.33,1,Light Rain,0.1205,0,Safe
21.58155,91.83449,27.34,436.56,45.2,2,Heavy Rain,0.513,2,Warning
29.25603,93.47912,12.97,0.6,15.26,2,Heavy Rain,0.1115,0,Safe
22.14156,88.66494,32.55,72.42,26.37,0,Clear,0.1888,0,Safe
26.99077,90.62967,21.45,58.85,92.51,0,Clear,0.221,0,Safe
27.29785,88.85069,7.69,287.9,25.07,1,Light Rain,0.302,1,Watch
24.32524,88.04921,14.63,132.42,44.12,1,Light Rain,0.2687,1,Watch
26.16382,89.01027,44.54,26.86,60.15,3,Extreme Storm,0.3665,1,Watch
21.60365,92.55772,42.5,193.97,82.02,0,Clear,0.4495,1,Watch
26.81937,96.1281,19.45,7.8,50.62,2,Heavy Rain,0.2252,0,Safe
29.05017,91.46808,1.56,16.75,70.66,3,Extreme Storm,0.3237,1,Watch
27.75617,89.80578,101.15,101.19,66.63,2,Heavy Rain,0.4937,1,Watch
28.20824,93.08893,1.15,3.36,22.91,0,Clear,0.072,0,Safe
26.31987,97.12199,0.35,96.02,26.85,1,Light Rain,0.1094,0,Safe
27.6362,93.58419,18.27,349.07,42.96,3,Extreme Storm,0.5142,2,Warning
22.72344,91.90479,0.18,29.45,13.25,0,Clear,0.0569,0,Safe
27.10065,91.19273,135.72,282.89,76.27,3,Extreme Storm,0.6954,2,Warning
26.29449,90.38281,3.4,256.13,64.14,0,Clear,0.2905,1,Watch
25.99829,90.77838,1.54,600.0,68.8,0,Clear,0.4768,1,Watch
23.75498,88.66217,2.15,4.49,67.17,2,Heavy Rain,0.3173,1,Watch
24.77286,92.93014,54.53,36.78,25.0,2,Heavy Rain,0.2568,1,Watch
23.28001,91.007,9.64,31.34,79.88,0,Clear,0.1924,0,Safe
26.18938,94.21599,108.06,72.15,46.35,0,Clear,0.2936,1,Watch
25.80338,94.733,15.52,65.83,75.95,3,Extreme Storm,0.3485,1,Watch
26.03533,91.06908,0.5,56.69,60.09,1,Light Rain,0.2545,1,Watch
24.37723,88.52415,9.62,17.87,74.17,0,Clear,0.2386,0,Safe
26.71004,93.17274,2.29,193.91,67.88,1,Light Rain,0.3634,1,Watch
24.57479,91.89731,1.03,203.83,31.09,2,Heavy Rain,0.2465,0,Safe
25.0909,96.30323,1.69,167.49,59.8,3,Extreme Storm,0.3568,1,Watch
24.20125,92.93654,130.56,224.81,36.7,0,Clear,0.4643,1,Watch
28.2507,95.15245,10.66,40.62,98.41,0,Clear,0.2886,1,Watch
25.21139,93.04811,42.34,31.72,67.16,1,Light Rain,0.3148,1,Watch
25.97095,96.89703,0.77,150.52,52.19,2,Heavy Rain,0.3617,1,Watch
27.30624,93.67759,9.43,23.64,47.49,2,Heavy Rain,0.2253,0,Safe
22.41131,91.50755,2.04,79.89,24.84,1,Light Rain,0.1287,0,Safe
26.5018,90.7758,146.9,544.13,51.7,0,Clear,0.6787,2,Warning
25.70887,89.01791,0.53,277.82,54.59,1,Light Rain,0.3629,1,Watch
28.36674,96.78591,34.52,3.33,11.13,0,Clear,0.0612,0,Safe
28.23205,93.82353,3.89,26.08,75.97,0,Clear,0.2309,0,Safe
22.79993,90.75763,20.0,6.06,20.78,3,Extreme Storm,0.2039,0,Safe
22.30697,92.81988,0.56,498.0,66.94,1,Light Rain,0.5962,2,Warning
24.28181,95.58328,9.72,215.97,71.44,2,Heavy Rain,0.414,1,Watch
27.9446,94.48434,34.1,29.07,59.08,1,Light Rain,0.2755,1,Watch
23.34174,92.99738,12.95,98.02,26.11,3,Extreme Storm,0.226,0,Safe
26.0367,88.7411,4.24,19.29,49.61,0,Clear,0.0867,0,Safe
22.83512,88.26489,0.71,7.9,83.33,0,Clear,0.2578,1,Watch
26.71073,96.17989,1.92,445.28,11.22,0,Clear,0.3764,1,Watch
25.65206,93.14716,103.97,108.44,84.66,2,Heavy Rain,0.5107,2,Warning
24.52963,92.09116,2.59,111.09,54.11,1,Light Rain,0.1696,0,Safe
24.61017,92.48335,1.2,145.34,23.21,3,Extreme Storm,0.3114,1,Watch
26.10765,96.27746,101.32,185.63,41.9,2,Heavy Rain,0.5116,2,Warning
21.667,90.85462,3.67,58.44,94.52,1,Light Rain,0.31,1,Watch
29.25601,92.45197,41.25,4.11,72.92,1,Light Rain,0.3299,1,Watch
26.1959,89.337,1.14,30.16,35.64,1,Light Rain,0.1428,0,Safe
26.17151,95.09275,8.68,26.66,16.51,0,Clear,0.0822,0,Safe
28.26114,89.79119,10.84,430.87,32.12,1,Light Rain,0.3539,1,Watch
28.57455,92.92136,1.53,91.84,69.13,0,Clear,0.2855,1,Watch
26.67198,91.36467,3.07,4.52,45.51,3,Extreme Storm,0.1518,0,Safe
26.38983,94.19522,44.53,102.47,40.11,2,Heavy Rain,0.3783,1,Watch
25.46968,91.31376,0.11,464.46,92.22,2,Heavy Rain,0.68,2,Warning
23.80212,90.63168,8.14,18.84,26.35,1,Light Rain,0.0231,0,Safe
24.3564,94.17824,1.42,277.11,21.59,1,Light Rain,0.3367,1,Watch
26.10283,89.39211,10.45,225.44,77.22,1,Light Rain,0.3845,1,Watch
26.78361,91.93487,64.89,313.3,82.51,2,Heavy Rain,0.6068,2,Warning
21.5507,90.56371,1.49,445.51,94.74,0,Clear,0.4799,1,Watch
26.81675,92.64536,73.27,18.92,36.33,1,Light Rain,0.246,0,Safe
23.86288,89.55938,12.94,18.77,32.96,2,Heavy Rain,0.1359,0,Safe
23.21683,96.54539,1.67,11.76,15.88,1,Light Rain,0.0521,0,Safe
28.28524,88.33485,105.43,154.93,10.54,0,Clear,0.3542,1,Watch
25.93719,88.41098,33.58,11.18,64.82,0,Clear,0.2654,1,Watch
23.85709,94.44214,24.45,145.08,53.7,2,Heavy Rain,0.3712,1,Watch
25.02457,91.86367,1.11,94.19,83.34,3,Extreme Storm,0.3514,1,Watch
23.80034,89.65243,1.5,165.34,26.53,3,Extreme Storm,0.2515,1,Watch
26.37667,93.59624,1.64,203.81,19.61,2,Heavy Rain,0.1883,0,Safe
26.52988,94.5329,32.85,268.99,47.79,3,Extreme Storm,0.4807,1,Watch
27.41892,91.22678,19.74,188.51,29.79,1,Light Rain,0.3438,1,Watch
25.5866,93.66268,17.26,136.5,57.69,0,Clear,0.3222,1,Watch
25.59805,94.27993,11.38,0.27,22.25,1,Light Rain,0.1093,0,Safe
26.91254,91.85776,4.72,107.85,25.87,1,Light Rain,0.1975,0,Safe
21.84178,93.79361,49.48,111.56,83.67,1,Light Rain,0.4093,1,Watch
29.06118,91.55726,0.27,93.3,32.53,0,Clear,0.1804,0,Safe
29.48034,93.4634,1.63,171.77,35.08,1,Light Rain,0.3079,1,Watch
24.95052,90.49248,10.19,278.87,50.34,0,Clear,0.306,1,Watch
25.76283,91.19895,150.0,2.83,44.38,2,Heavy Rain,0.4082,1,Watch
28.00507,90.59316,0.42,81.58,88.63,0,Clear,0.2652,1,Watch
21.89197,88.7765,4.63,64.52,26.66,3,Extreme Storm,0.2161,0,Safe
23.63885,93.98007,11.07,313.02,35.07,3,Extreme Storm,0.4439,1,Watch
25.01054,91.54808,18.49,174.2,60.81,3,Extreme Storm,0.3963,1,Watch
28.82093,91.85162,25.73,50.65,43.11,2,Heavy Rain,0.217,0,Safe
23.60285,92.04618,17.26,69.64,15.74,2,Heavy Rain,0.1476,0,Safe
26.45535,90.63359,1.66,25.36,11.49,0,Clear,0.0014,0,Safe
22.52149,88.94097,9.57,24.64,37.33,2,Heavy Rain,0.1881,0,Safe
22.12342,88.24983,11.36,21.72,23.1,2,Heavy Rain,0.1992,0,Safe
28.4384,95.8618,1.61,212.13,60.06,0,Clear,0.3111,1,Watch
22.71509,93.67738,83.9,421.75,48.02,2,Heavy Rain,0.6303,2,Warning
29.20921,89.6227,4.19,316.89,17.4,1,Light Rain,0.2517,1,Watch
21.53318,88.57965,1.23,65.53,31.2,1,Light Rain,0.1102,0,Safe
24.40168,89.85833,0.71,532.15,22.96,0,Clear,0.4205,1,Watch
25.24151,93.09205,3.43,44.31,97.03,2,Heavy Rain,0.3943,1,Watch
23.57869,97.00911,1.35,24.11,69.31,3,Extreme Storm,0.3254,1,Watch
21.52431,90.59889,24.4,88.66,53.63,2,Heavy Rain,0.2736,1,Watch
26.30095,96.34522,26.06,189.14,22.17,1,Light Rain,0.3499,1,Watch
26.67056,91.45196,6.46,250.44,65.1,3,Extreme Storm,0.3593,1,Watch
27.33252,91.24304,2.8,234.13,97.78,1,Light Rain,0.4397,1,Watch
28.32864,90.89133,14.29,59.33,70.38,0,Clear,0.2434,0,Safe
24.20684,92.5167,0.99,23.22,56.67,3,Extreme Storm,0.2504,1,Watch
27.17527,92.91884,11.08,46.65,54.81,2,Heavy Rain,0.2743,1,Watch
26.43362,93.03871,2.32,231.47,93.29,2,Heavy Rain,0.45,1,Watch
28.66264,93.80986,61.69,450.19,98.84,0,Clear,0.5902,2,Warning
27.82838,91.23532,31.11,223.71,28.58,0,Clear,0.2689,1,Watch
26.43139,93.84329,2.05,246.88,41.53,0,Clear,0.2784,1,Watch
22.71235,95.14038,0.41,136.0,42.88,2,Heavy Rain,0.3017,1,Watch
24.20142,91.84447,20.87,21.97,13.07,1,Light Rain,0.1721,0,Safe
26.04278,88.58852,7.24,66.07,20.62,0,Clear,0.0734,0,Safe
28.04742,95.02307,87.3,466.72,13.78,0,Clear,0.558,2,Warning
25.08839,92.09699,69.66,84.49,61.56,2,Heavy Rain,0.3759,1,Watch
27.42051,92.0926,35.04,54.92,29.98,1,Light Rain,0.1829,0,Safe
24.35555,93.84935,56.79,80.42,60.17,3,Extreme Storm,0.3822,1,Watch
24.66017,95.41255,0.19,23.03,18.94,1,Light Rain,0.0183,0,Safe
28.04298,92.03403,1.62,26.06,59.72,2,Heavy Rain,0.2192,0,Safe
25.94908,91.04982,18.65,142.19,71.81,1,Light Rain,0.3912,1,Watch
24.80549,94.67414,44.2,283.59,98.88,2,Heavy Rain,0.5957,2,Warning
21.73505,96.93436,55.37,87.62,17.52,0,Clear,0.2036,0,Safe
26.62641,91.38258,15.59,600.0,74.36,2,Heavy Rain,0.6926,2,Warning
23.92409,90.68849,1.98,292.69,82.58,0,Clear,0.4553,1,Watch
25.23781,92.74216,12.43,43.91,74.95,2,Heavy Rain,0.2689,1,Watch
26.74237,95.90704,29.96,107.18,41.95,1,Light Rain,0.2957,1,Watch
22.00049,88.36407,1.84,5.56,22.73,0,Clear,0.0663,0,Safe
24.73918,89.86012,2.43,60.73,25.44,1,Light Rain,0.1101,0,Safe
24.87893,90.96839,1.82,66.27,62.57,3,Extreme Storm,0.3222,1,Watch
22.91371,93.30181,57.94,176.79,20.05,0,Clear,0.2679,1,Watch
22.96173,90.55074,2.82,328.13,95.7,0,Clear,0.4304,1,Watch
26.33859,91.18461,1.37,294.1,83.77,1,Light Rain,0.3983,1,Watch
27.32922,93.56394,13.31,242.09,13.27,2,Heavy Rain,0.266,1,Watch
26.14123,95.63446,0.95,280.46,77.24,1,Light Rain,0.3946,1,Watch
27.89535,94.39991,1.59,62.05,11.91,1,Light Rain,0.156,0,Safe
22.01581,91.84742,11.93,380.98,20.61,0,Clear,0.3168,1,Watch
26.83964,90.36566,17.46,68.7,21.24,0,Clear,0.1131,0,Safe
25.37814,93.86235,15.49,39.2,15.46,0,Clear,0.1357,0,Safe
25.45122,89.52299,5.36,80.05,28.66,3,Extreme Storm,0.2879,1,Watch
29.44788,88.47015,14.65,66.24,80.46,0,Clear,0.2365,0,Safe
24.87905,89.19142,33.82,179.72,86.19,1,Light Rain,0.3752,1,Watch
26.01508,89.65787,9.35,46.27,77.68,3,Extreme Storm,0.3612,1,Watch
22.78658,90.75123,21.11,28.43,32.06,3,Extreme Storm,0.226,0,Safe
26.31136,92.487,0.99,283.15,27.4,0,Clear,0.2371,0,Safe
26.05267,92.16798,16.69,243.37,55.37,1,Light Rain,0.4034,1,Watch
26.65802,96.48567,1.24,30.66,28.04,2,Heavy Rain,0.1488,0,Safe
24.01951,88.63751,1.74,190.09,39.48,0,Clear,0.305,1,Watch
21.82523,93.62323,1.64,192.42,72.43,2,Heavy Rain,0.3807,1,Watch
25.86224,91.55761,0.17,9.46,77.42,3,Extreme Storm,0.3067,1,Watch
29.20818,96.53562,1.53,88.56,33.09,1,Light Rain,0.2672,1,Watch
22.08718,92.51661,0.81,59.95,10.49,1,Light Rain,0.1133,0,Safe
23.4081,92.16891,34.79,60.92,64.59,2,Heavy Rain,0.2985,1,Watch
26.15727,91.0743,8.52,35.1,36.41,2,Heavy Rain,0.1545,0,Safe
25.97542,89.65926,30.89,93.94,47.76,2,Heavy Rain,0.2817,1,Watch
25.78639,92.35815,17.34,358.96,90.82,0,Clear,0.5047,2,Warning
23.77854,88.43393,73.62,331.42,88.67,2,Heavy Rain,0.6684,2,Warning
24.86224,92.27313,19.8,107.76,70.94,3,Extreme Storm,0.322,1,Watch
25.87432,91.12957,0.35,71.59,31.84,0,Clear,0.128,0,Safe
26.76888,94.90067,1.58,195.28,42.04,0,Clear,0.2891,1,Watch
26.13394,93.68895,5.27,19.44,55.74,1,Light Rain,0.2049,0,Safe
28.87956,95.31445,0.8,74.8,52.37,1,Light Rain,0.2697,1,Watch
21.54863,96.46068,109.39,34.56,35.54,3,Extreme Storm,0.3339,1,Watch
21.56286,88.03189,16.77,128.94,64.3,1,Light Rain,0.2989,1,Watch
24.43041,95.85631,14.11,327.63,32.96,1,Light Rain,0.3625,1,Watch
22.05718,95.27667,0.9,20.08,70.97,1,Light Rain,0.2478,0,Safe
24.1789,94.2537,16.12,15.09,56.73,1,Light Rain,0.178,0,Safe
27.99448,88.93985,6.92,70.9,13.16,2,Heavy Rain,0.175,0,Safe
26.74006,89.10214,0.04,25.89,77.75,1,Light Rain,0.2648,1,Watch
25.27196,91.20487,150.0,2.4,23.45,0,Clear,0.3073,1,Watch
26.84098,95.1598,54.97,185.19,52.65,2,Heavy Rain,0.4322,1,Watch
24.32206,91.95019,14.92,291.74,92.11,0,Clear,0.4623,1,Watch
24.89093,94.29645,30.29,17.35,36.27,0,Clear,0.1264,0,Safe
25.61341,90.13852,128.59,429.04,86.55,2,Heavy Rain,0.7771,3,Critical
26.12842,89.64361,16.31,23.43,10.31,1,Light Rain,0.0519,0,Safe
25.72816,88.02027,1.26,47.12,82.98,1,Light Rain,0.2145,0,Safe
23.66209,90.79455,11.84,104.7,70.62,1,Light Rain,0.3096,1,Watch
23.1124,88.74373,0.41,53.12,63.19,1,Light Rain,0.1517,0,Safe
28.05548,88.39345,8.49,42.24,50.08,1,Light Rain,0.1912,0,Safe
25.77426,94.84275,34.93,391.11,24.98,0,Clear,0.3979,1,Watch
26.73812,88.26121,2.05,9.86,76.18,3,Extreme Storm,0.3011,1,Watch
23.88373,94.0786,29.94,54.56,86.32,1,Light Rain,0.4228,1,Watch
26.67274,90.92406,28.44,214.45,99.27,1,Light Rain,0.4889,1,Watch
24.79162,93.74376,1.5,108.41,50.32,2,Heavy Rain,0.2565,1,Watch
24.83897,90.35825,43.18,41.53,18.16,3,Extreme Storm,0.2694,1,Watch
23.52424,88.11188,29.07,23.02,15.21,1,Light Rain,0.0827,0,Safe
26.77592,94.56417,13.87,85.55,25.78,1,Light Rain,0.2179,0,Safe
26.86383,92.32247,41.77,98.35,96.22,1,Light Rain,0.3889,1,Watch
28.7682,96.06187,79.57,31.72,43.34,0,Clear,0.3064,1,Watch
26.84351,92.93066,71.88,599.43,37.67,2,Heavy Rain,0.6963,2,Warning
25.96936,91.31697,0.87,14.34,18.18,1,Light Rain,0.1148,0,Safe
25.3014,93.27431,31.96,281.24,45.14,0,Clear,0.3315,1,Watch
25.04927,91.72463,48.58,13.17,77.53,3,Extreme Storm,0.3378,1,Watch
23.46476,92.40687,10.28,276.57,36.31,1,Light Rain,0.2791,1,Watch
26.23144,93.48228,20.27,34.89,67.33,3,Extreme Storm,0.2567,1,Watch
25.36119,93.17393,127.44,219.65,41.21,1,Light Rain,0.4799,1,Watch
27.40342,95.05803,0.49,24.65,25.36,1,Light Rain,0.0905,0,Safe
26.36029,95.72381,1.47,488.06,44.83,1,Light Rain,0.5137,2,Warning
21.84873,92.62839,33.16,109.87,10.78,1,Light Rain,0.1475,0,Safe
25.93833,95.80682,0.09,86.12,59.03,0,Clear,0.2929,1,Watch
26.95489,94.43097,5.06,81.23,62.64,3,Extreme Storm,0.2791,1,Watch
26.36639,93.60059,24.97,29.96,63.32,0,Clear,0.1836,0,Safe
28.15995,88.69984,30.52,27.03,57.02,1,Light Rain,0.1856,0,Safe
26.20315,90.58098,16.09,96.98,60.39,0,Clear,0.2428,0,Safe
25.89641,88.00013,25.99,142.54,26.18,3,Extreme Storm,0.2909,1,Watch
23.03999,92.14618,0.17,196.18,80.18,1,Light Rain,0.3606,1,Watch
23.67397,92.52532,45.12,151.25,28.22,2,Heavy Rain,0.3295,1,Watch
24.29765,88.76394,1.0,217.97,19.66,1,Light Rain,0.2688,1,Watch
25.05917,89.48583,13.33,152.15,89.1,2,Heavy Rain,0.3663,1,Watch
26.31256,89.44646,1.6,9.86,41.78,1,Light Rain,0.1478,0,Safe
25.24357,94.32649,1.55,198.19,38.86,1,Light Rain,0.2994,1,Watch
24.20999,96.0936,6.55,305.51,25.4,1,Light Rain,0.2677,1,Watch
27.26371,90.63585,100.69,261.84,68.16,0,Clear,0.6233,2,Warning
23.9824,91.20243,2.05,493.17,75.84,1,Light Rain,0.6488,2,Warning
25.88986,96.05495,5.52,117.04,32.73,3,Extreme Storm,0.2661,1,Watch
27.25711,92.80031,1.31,5.82,50.73,2,Heavy Rain,0.1553,0,Safe
25.10117,92.27818,15.21,206.31,19.62,3,Extreme Storm,0.2728,1,Watch
25.89256,89.47688,14.42,353.75,21.06,0,Clear,0.3219,1,Watch
26.2021,93.25048,16.08,44.7,37.9,1,Light Rain,0.2103,0,Safe
27.24502,94.00643,1.28,60.84,11.53,0,Clear,0.0,0,Safe
28.69121,91.08315,4.21,479.33,77.26,2,Heavy Rain,0.5486,2,Warning
24.56721,96.20149,3.81,201.76,67.2,2,Heavy Rain,0.3812,1,Watch
25.30005,91.36616,1.89,50.33,40.01,2,Heavy Rain,0.1472,0,Safe
26.69389,91.37087,6.52,79.53,32.89,0,Clear,0.1342,0,Safe
29.38641,93.75133,7.08,63.91,22.17,0,Clear,0.1271,0,Safe
28.38368,90.6367,46.92,459.61,21.13,2,Heavy Rain,0.4976,1,Watch
26.36592,90.70161,15.98,162.66,48.5,2,Heavy Rain,0.2936,1,Watch
28.36139,93.46255,0.3,29.96,61.45,1,Light Rain,0.2109,0,Safe
23.75619,93.74519,39.91,491.02,92.99,1,Light Rain,0.6799,2,Warning
24.47334,95.00952,31.1,48.24,41.7,1,Light Rain,0.1847,0,Safe
27.33644,93.66302,6.98,25.04,37.47,0,Clear,0.1358,0,Safe
27.27651,88.26431,48.51,61.62,96.18,1,Light Rain,0.4087,1,Watch
26.34511,96.39597,1.01,299.5,87.04,2,Heavy Rain,0.5064,2,Warning
26.17694,93.3591,0.43,9.35,81.46,1,Light Rain,0.2544,1,Watch
27.20307,94.95221,0.38,8.16,72.42,2,Heavy Rain,0.259,1,Watch
24.23705,89.77552,12.71,52.29,60.91,0,Clear,0.2021,0,Safe
23.64699,90.7308,21.6,57.51,13.12,2,Heavy Rain,0.1618,0,Safe
26.94963,91.58337,0.43,267.03,21.01,1,Light Rain,0.2935,1,Watch
24.34826,92.93247,56.05,38.87,62.77,3,Extreme Storm,0.3724,1,Watch
26.86444,92.4816,1.43,44.15,28.19,1,Light Rain,0.157,0,Safe
24.44843,94.78117,84.66,87.0,67.78,0,Clear,0.3893,1,Watch
25.85622,88.0472,7.61,7.94,71.33,2,Heavy Rain,0.2254,0,Safe
25.33971,89.23929,8.65,12.43,11.67,2,Heavy Rain,0.1058,0,Safe
24.14674,90.1915,0.08,8.37,68.1,0,Clear,0.1739,0,Safe
28.42572,92.28647,1.85,99.95,68.17,0,Clear,0.2438,0,Safe
26.76731,97.06912,1.6,418.68,76.65,0,Clear,0.4906,1,Watch
23.4253,89.81347,0.68,493.41,34.34,2,Heavy Rain,0.4897,1,Watch
22.56523,92.23726,7.09,123.62,63.18,1,Light Rain,0.2872,1,Watch
21.78185,89.64714,1.78,359.06,39.01,1,Light Rain,0.3558,1,Watch
24.89007,89.68066,0.29,44.39,52.83,2,Heavy Rain,0.2711,1,Watch
28.57523,88.78256,0.51,67.04,29.22,2,Heavy Rain,0.1992,0,Safe
27.83697,91.4745,13.99,108.27,30.67,2,Heavy Rain,0.2343,0,Safe
24.89494,92.19357,116.73,519.3,89.2,1,Light Rain,0.7815,3,Critical
26.07078,94.55152,11.46,8.56,41.21,1,Light Rain,0.1724,0,Safe
26.3788,96.19633,5.16,74.3,78.7,0,Clear,0.2561,1,Watch
26.78255,94.46497,16.8,4.08,70.85,2,Heavy Rain,0.2135,0,Safe
29.33576,90.22283,56.52,70.09,72.55,1,Light Rain,0.316,1,Watch
23.67882,91.24946,61.24,17.9,53.06,1,Light Rain,0.3322,1,Watch
22.25117,94.06888,3.3,66.73,56.2,1,Light Rain,0.2387,0,Safe
27.84333,90.54056,28.81,7.67,23.59,2,Heavy Rain,0.1532,0,Safe
26.1642,90.51801,4.85,155.38,62.42,2,Heavy Rain,0.3195,1,Watch
28.01356,92.2873,40.12,133.03,89.37,1,Light Rain,0.3778,1,Watch
27.6174,92.59858,106.45,10.79,11.04,1,Light Rain,0.2246,0,Safe
21.77954,91.21378,0.04,216.64,95.03,2,Heavy Rain,0.4897,1,Watch
26.11412,96.33856,30.67,22.44,59.64,2,Heavy Rain,0.2746,1,Watch
26.81603,91.91023,50.38,205.63,81.24,1,Light Rain,0.4908,1,Watch
24.24433,90.04967,0.53,259.33,87.75,0,Clear,0.4582,1,Watch
27.74322,92.87871,116.62,34.46,34.53,0,Clear,0.2878,1,Watch
25.14523,94.37718,49.37,33.12,63.42,1,Light Rain,0.2444,0,Safe
25.66739,89.17574,0.1,48.04,20.81,3,Extreme Storm,0.2015,0,Safe
25.41323,97.14596,0.32,20.93,56.86,2,Heavy Rain,0.1905,0,Safe
25.61529,91.38879,15.19,248.35,84.74,3,Extreme Storm,0.5028,2,Warning
26.32263,96.78696,7.85,169.86,73.28,2,Heavy Rain,0.3829,1,Watch
26.2315,94.06741,2.16,149.56,90.2,1,Light Rain,0.4364,1,Watch
27.40481,90.8055,50.97,0.67,26.34,1,Light Rain,0.1975,0,Safe
25.49375,92.28692,45.41,147.9,73.84,0,Clear,0.3406,1,Watch
27.80214,91.93692,1.81,248.04,44.57,2,Heavy Rain,0.3715,1,Watch
24.66118,90.48004,9.09,24.18,63.94,1,Light Rain,0.2571,1,Watch
22.54062,97.31345,16.93,248.75,21.35,0,Clear,0.2956,1,Watch
26.31675,92.30348,1.66,32.72,31.31,0,Clear,0.066,0,Safe
29.14627,90.68132,2.14,64.07,95.13,2,Heavy Rain,0.4024,1,Watch
23.74422,91.75871,54.78,138.62,32.97,1,Light Rain,0.3909,1,Watch
29.09775,92.93122,17.37,356.52,42.21,0,Clear,0.4229,1,Watch
28.78688,89.26849,0.46,488.87,12.4,2,Heavy Rain,0.4824,1,Watch
21.74127,92.7281,0.49,423.81,36.05,2,Heavy Rain,0.4228,1,Watch
25.36887,91.59098,0.27,32.08,49.25,0,Clear,0.2126,0,Safe
26.97748,92.10777,1.56,180.93,56.59,1,Light Rain,0.279,1,Watch
26.49295,88.86567,12.65,67.45,32.13,2,Heavy Rain,0.2115,0,Safe
26.81133,90.50624,0.29,80.21,99.66,0,Clear,0.2845,1,Watch
24.9769,92.07716,2.11,237.05,44.86,2,Heavy Rain,0.3171,1,Watch
24.41637,92.48755,35.42,190.02,28.52,1,Light Rain,0.2901,1,Watch
23.05975,91.79542,2.42,96.24,45.29,2,Heavy Rain,0.2019,0,Safe
23.30232,93.70025,52.42,95.1,89.22,3,Extreme Storm,0.4463,1,Watch
25.87991,92.76891,143.71,31.44,50.76,2,Heavy Rain,0.4151,1,Watch
25.83311,96.37355,12.4,0.12,77.1,0,Clear,0.2749,1,Watch
25.75754,91.6806,0.42,278.11,46.82,1,Light Rain,0.4013,1,Watch
27.9476,91.24993,1.09,204.91,66.32,1,Light Rain,0.4394,1,Watch
25.53287,88.24624,29.72,453.39,77.21,1,Light Rain,0.5755,2,Warning
26.82688,94.9112,3.9,152.19,81.91,3,Extreme Storm,0.4139,1,Watch
26.13382,89.12566,16.08,487.69,26.02,0,Clear,0.4478,1,Watch
23.14372,92.24821,3.58,55.95,44.05,3,Extreme Storm,0.2023,0,Safe
21.60296,93.1989,40.95,421.14,19.43,3,Extreme Storm,0.4584,1,Watch
26.15549,94.02678,5.18,34.28,66.52,3,Extreme Storm,0.2339,0,Safe
28.49236,88.40077,0.99,20.66,89.24,2,Heavy Rain,0.3387,1,Watch
22.827,93.19116,0.35,24.71,79.38,1,Light Rain,0.2144,0,Safe
23.97637,93.38574,1.66,3.2,53.31,0,Clear,0.1782,0,Safe
23.17666,92.84531,43.32,56.11,50.33,2,Heavy Rain,0.2836,1,Watch
25.30004,93.11914,81.98,393.54,60.42,2,Heavy Rain,0.6169,2,Warning
22.64012,93.39578,0.6,355.98,85.95,1,Light Rain,0.4797,1,Watch
25.63854,91.43393,4.81,481.48,57.84,2,Heavy Rain,0.5479,2,Warning
24.73631,90.92801,69.42,122.96,76.22,0,Clear,0.3687,1,Watch
22.13601,88.60549,13.84,68.93,91.91,2,Heavy Rain,0.407,1,Watch
29.27357,97.08409,1.99,89.64,27.35,3,Extreme Storm,0.2248,0,Safe
28.84482,89.20197,110.52,64.1,95.94,1,Light Rain,0.5147,2,Warning
26.269,90.8043,113.43,155.95,72.28,2,Heavy Rain,0.5448,2,Warning
26.48151,91.47164,150.0,202.22,93.15,2,Heavy Rain,0.6438,2,Warning
25.9028,91.85416,56.56,600.0,96.84,0,Clear,0.7903,3,Critical
24.81757,94.4589,13.26,0.23,37.27,0,Clear,0.0894,0,Safe
25.91293,88.18889,0.28,223.6,93.86,2,Heavy Rain,0.4832,1,Watch
27.95238,93.42773,19.28,3.74,42.39,0,Clear,0.1698,0,Safe
22.06407,92.41124,3.0,21.37,17.47,3,Extreme Storm,0.103,0,Safe
23.03899,95.22439,0.02,246.46,51.26,3,Extreme Storm,0.3853,1,Watch
26.95281,91.37731,0.94,5.73,61.45,1,Light Rain,0.2155,0,Safe
26.36143,97.11267,6.86,33.18,39.55,1,Light Rain,0.1542,0,Safe
27.30821,90.61147,103.63,177.66,80.02,2,Heavy Rain,0.5527,2,Warning
26.33963,95.29724,4.77,110.12,74.23,2,Heavy Rain,0.3423,1,Watch
22.57219,88.71407,0.97,34.4,17.34,0,Clear,0.0529,0,Safe
26.30333,93.42766,37.76,21.55,20.19,0,Clear,0.1421,0,Safe
28.58727,92.74228,29.3,141.4,12.63,2,Heavy Rain,0.2431,0,Safe
22.76228,88.83684,5.31,107.63,70.23,2,Heavy Rain,0.315,1,Watch
24.40277,93.94958,0.46,252.88,74.2,0,Clear,0.316,1,Watch
29.01358,97.44398,66.62,77.23,97.59,2,Heavy Rain,0.4894,1,Watch
25.9825,97.06601,30.11,145.83,96.3,3,Extreme Storm,0.3918,1,Watch
22.41827,92.0259,1.37,2.74,40.37,0,Clear,0.1155,0,Safe
24.4521,93.80698,1.22,19.6,21.9,1,Light Rain,0.1038,0,Safe
25.51824,90.83524,81.81,239.45,69.68,3,Extreme Storm,0.5377,2,Warning
26.22477,90.68213,1.24,146.33,28.77,1,Light Rain,0.1493,0,Safe
28.53409,97.26117,51.87,61.52,83.0,1,Light Rain,0.385,1,Watch
27.20047,90.22706,33.08,26.55,36.29,2,Heavy Rain,0.2204,0,Safe
27.99421,91.14795,1.75,15.13,30.54,1,Light Rain,0.1282,0,Safe
27.48928,89.46056,29.47,91.06,56.07,2,Heavy Rain,0.2432,0,Safe
26.08225,96.99431,1.38,243.17,77.41,0,Clear,0.377,1,Watch
24.95588,95.17796,47.8,36.22,35.46,1,Light Rain,0.2634,1,Watch
27.51022,90.65705,10.85,203.71,86.56,1,Light Rain,0.3975,1,Watch
26.63851,92.21809,10.43,206.3,31.18,3,Extreme Storm,0.297,1,Watch
27.49661,95.37817,4.35,314.06,85.95,1,Light Rain,0.4822,1,Watch
26.77059,92.44503,2.12,99.44,75.81,2,Heavy Rain,0.3147,1,Watch
26.53854,91.50194,16.7,369.49,21.09,0,Clear,0.3614,1,Watch
25.81799,88.50929,13.23,58.2,71.86,3,Extreme Storm,0.3413,1,Watch
23.472,97.15632,45.99,65.15,26.4,0,Clear,0.1004,0,Safe
26.52949,92.93337,60.17,26.79,44.78,0,Clear,0.1361,0,Safe
28.1692,89.62574,1.45,218.1,23.49,0,Clear,0.1781,0,Safe
27.21264,88.41046,1.21,46.47,89.48,3,Extreme Storm,0.3748,1,Watch
25.52062,90.54102,38.87,155.73,19.25,2,Heavy Rain,0.2637,1,Watch
24.60171,91.07027,8.22,107.11,87.45,3,Extreme Storm,0.4234,1,Watch
25.74706,90.91897,4.76,18.79,55.46,0,Clear,0.1326,0,Safe
25.76905,95.14933,123.8,88.87,43.35,2,Heavy Rain,0.5231,2,Warning
23.90807,94.14225,31.16,263.37,40.16,1,Light Rain,0.3537,1,Watch
26.08198,93.15827,0.54,215.78,73.89,2,Heavy Rain,0.4069,1,Watch
28.98048,97.14844,38.86,79.08,78.39,1,Light Rain,0.3084,1,Watch
25.9519,91.16243,1.62,600.0,18.62,2,Heavy Rain,0.4992,1,Watch
24.63589,93.27685,41.65,68.52,72.67,3,Extreme Storm,0.4165,1,Watch
29.4721,88.9843,1.31,198.63,94.33,1,Light Rain,0.4019,1,Watch
22.24923,88.7523,24.22,57.8,63.68,3,Extreme Storm,0.2268,0,Safe
24.78465,94.40057,17.68,459.6,67.78,2,Heavy Rain,0.5919,2,Warning
22.50627,92.33505,1.79,222.26,44.3,3,Extreme Storm,0.3863,1,Watch
22.23543,91.47074,119.92,76.39,68.71,2,Heavy Rain,0.5185,2,Warning
26.88111,90.76442,36.21,102.63,79.35,1,Light Rain,0.4045,1,Watch
24.36965,92.1539,17.1,0.45,78.61,0,Clear,0.2326,0,Safe
26.74128,92.24859,48.17,19.76,45.76,2,Heavy Rain,0.3703,1,Watch
26.24504,91.34275,40.29,60.21,85.82,0,Clear,0.3312,1,Watch
26.08779,94.1927,1.01,30.46,10.27,0,Clear,0.0,0,Safe
22.20118,93.7243,20.7,477.11,28.83,1,Light Rain,0.4669,1,Watch
24.68895,89.56561,14.35,23.12,69.11,2,Heavy Rain,0.3236,1,Watch
26.75556,93.17045,31.04,40.36,38.71,2,Heavy Rain,0.187,0,Safe
25.2891,97.49459,19.0,135.78,50.66,2,Heavy Rain,0.3047,1,Watch
26.81878,90.10857,119.09,229.94,34.43,2,Heavy Rain,0.553,2,Warning
27.55669,95.18031,64.26,332.29,80.3,2,Heavy Rain,0.5735,2,Warning
25.89837,92.27275,9.49,29.27,49.59,2,Heavy Rain,0.2165,0,Safe
26.56758,90.60827,0.47,114.0,49.91,2,Heavy Rain,0.2995,1,Watch
26.70662,90.31163,27.29,121.06,56.54,1,Light Rain,0.2496,0,Safe
25.69452,89.4264,2.21,98.42,31.89,0,Clear,0.1485,0,Safe
25.86991,88.82574,11.44,14.91,75.54,2,Heavy Rain,0.2457,0,Safe
24.62132,92.11983,2.71,139.66,20.48,0,Clear,0.1381,0,Safe
25.53817,91.52486,0.25,519.24,28.9,3,Extreme Storm,0.5283,2,Warning
26.36684,92.75787,2.39,40.62,64.04,2,Heavy Rain,0.3002,1,Watch
22.76706,96.27197,44.63,487.84,43.14,2,Heavy Rain,0.5866,2,Warning
23.50926,88.60482,1.31,190.03,67.96,1,Light Rain,0.3095,1,Watch
26.18886,91.29498,2.49,3.6,48.62,2,Heavy Rain,0.2426,0,Safe
22.95921,92.64793,1.31,46.65,65.29,1,Light Rain,0.2544,1,Watch
22.7466,95.75817,1.05,0.76,53.55,1,Light Rain,0.0918,0,Safe
26.67778,90.83176,6.39,243.25,67.3,2,Heavy Rain,0.4413,1,Watch
25.9678,92.84999,0.88,21.87,66.84,1,Light Rain,0.2191,0,Safe
24.40488,91.00439,5.16,124.2,28.76,0,Clear,0.162,0,Safe
28.16673,97.27329,1.33,158.79,56.84,1,Light Rain,0.3311,1,Watch
23.99743,91.33653,1.08,41.47,48.65,0,Clear,0.1429,0,Safe
25.93333,91.6982,2.05,149.54,23.7,1,Light Rain,0.2315,0,Safe
26.13409,92.07331,1.05,599.4,11.11,0,Clear,0.4802,1,Watch
25.95797,88.50768,3.8,444.36,73.05,1,Light Rain,0.521,2,Warning
28.52958,88.30893,1.73,20.66,12.4,2,Heavy Rain,0.1322,0,Safe
22.59342,90.87435,78.38,512.23,10.91,3,Extreme Storm,0.6272,2,Warning
26.10361,89.66031,25.16,103.6,63.67,0,Clear,0.2887,1,Watch
29.02967,92.47195,0.88,161.65,65.62,1,Light Rain,0.3422,1,Watch
28.55688,96.34738,67.92,196.24,43.66,0,Clear,0.3114,1,Watch
24.72787,90.9495,1.55,470.34,55.96,0,Clear,0.4304,1,Watch
27.34531,95.24904,38.39,27.02,40.23,1,Light Rain,0.1655,0,Safe
24.58447,94.47383,24.6,19.71,18.03,1,Light Rain,0.2,0,Safe
28.16334,90.18051,32.88,12.31,73.69,1,Light Rain,0.2135,0,Safe
26.10643,93.25152,126.44,110.02,12.94,0,Clear,0.3693,1,Watch
24.91634,91.16127,2.45,31.07,64.72,1,Light Rain,0.2388,0,Safe
27.24606,92.52732,0.2,107.93,10.31,1,Light Rain,0.0964,0,Safe
27.20881,90.19078,56.9,26.24,75.89,1,Light Rain,0.2845,1,Watch
26.1449,91.38431,0.86,249.54,56.87,3,Extreme Storm,0.4084,1,Watch
23.93348,90.60726,16.34,598.96,21.44,1,Light Rain,0.5045,2,Warning
26.56158,93.40233,12.62,54.77,52.99,1,Light Rain,0.2392,0,Safe
25.86297,91.44875,1.7,132.57,77.97,1,Light Rain,0.2315,0,Safe
26.3831,89.65381,20.81,178.24,30.45,1,Light Rain,0.2554,1,Watch
26.47173,93.68334,31.84,379.73,41.02,3,Extreme Storm,0.4737,1,Watch
26.26691,92.64362,1.85,4.39,42.87,3,Extreme Storm,0.2643,1,Watch
28.25607,90.04496,0.77,82.56,20.0,1,Light Rain,0.156,0,Safe
24.52538,88.57457,1.95,13.93,84.79,0,Clear,0.2042,0,Safe
27.27253,94.11127,25.68,62.49,69.08,3,Extreme Storm,0.414,1,Watch
26.7338,91.24728,8.29,1.42,26.78,0,Clear,0.0643,0,Safe
29.06638,91.86242,18.12,46.22,49.47,1,Light Rain,0.2138,0,Safe
26.86616,91.2309,9.01,10.44,89.36,0,Clear,0.2562,1,Watch
27.04148,94.41738,36.01,142.79,85.51,1,Light Rain,0.4387,1,Watch
23.62971,92.36253,33.92,15.69,69.67,1,Light Rain,0.275,1,Watch
26.20693,90.84358,17.07,589.83,97.71,1,Light Rain,0.7561,3,Critical
26.26038,95.32719,1.8,30.05,62.36,2,Heavy Rain,0.2295,0,Safe
27.06337,92.10535,1.63,315.66,48.15,2,Heavy Rain,0.361,1,Watch
23.43983,94.45438,43.97,267.59,80.04,3,Extreme Storm,0.6155,2,Warning
22.25293,93.46956,12.97,16.64,17.63,1,Light Rain,0.0976,0,Safe
27.09848,91.33342,68.05,88.77,36.03,2,Heavy Rain,0.3531,1,Watch
27.89453,93.01397,11.61,495.02,73.39,1,Light Rain,0.5969,2,Warning
22.52419,90.11634,0.24,59.59,97.03,0,Clear,0.366,1,Watch
22.25457,94.29646,44.52,188.78,42.97,0,Clear,0.2956,1,Watch
28.07634,94.29144,1.81,9.81,18.79,1,Light Rain,0.111,0,Safe
28.04907,92.69107,10.51,6.14,38.86,2,Heavy Rain,0.1541,0,Safe
24.63146,90.6078,49.44,43.21,19.62,0,Clear,0.141,0,Safe
23.58683,93.85935,28.62,78.33,18.35,2,Heavy Rain,0.1822,0,Safe
22.05476,91.93574,77.1,60.21,80.62,2,Heavy Rain,0.4707,1,Watch
26.04852,91.76811,26.61,116.12,12.41,0,Clear,0.1896,0,Safe
24.66485,95.21194,21.34,14.53,74.96,0,Clear,0.2474,0,Safe
24.17975,91.38651,41.23,206.1,94.78,0,Clear,0.412,1,Watch
25.82731,89.50271,1.11,78.91,78.03,2,Heavy Rain,0.2902,1,Watch
26.89372,95.20509,1.61,330.17,96.87,1,Light Rain,0.4702,1,Watch
23.09053,90.73596,49.09,348.11,20.14,1,Light Rain,0.4119,1,Watch
26.75047,94.62006,0.56,182.33,29.14,0,Clear,0.1321,0,Safe
26.90695,90.89946,41.5,1.77,75.43,1,Light Rain,0.2764,1,Watch
23.44602,93.77923,0.48,236.23,29.42,2,Heavy Rain,0.2449,0,Safe
24.49674,95.3095,43.73,2.01,64.48,0,Clear,0.2557,1,Watch
26.22511,91.17787,28.75,600.0,48.26,3,Extreme Storm,0.6289,2,Warning
24.94684,88.57624,44.38,87.3,58.5,0,Clear,0.3567,1,Watch
23.9721,88.61672,105.65,84.49,19.14,2,Heavy Rain,0.3888,1,Watch
26.83299,90.94329,1.4,87.5,59.21,0,Clear,0.2051,0,Safe
25.70165,95.9113,1.36,210.69,68.68,0,Clear,0.331,1,Watch
28.83538,94.38063,1.32,13.64,44.51,1,Light Rain,0.1746,0,Safe
28.62058,90.07563,0.32,189.82,33.43,2,Heavy Rain,0.2389,0,Safe
22.58539,92.97652,0.32,88.38,69.3,0,Clear,0.2822,1,Watch
28.45434,96.6917,1.63,449.62,46.27,1,Light Rain,0.4477,1,Watch
28.01945,91.56466,1.28,74.38,90.16,1,Light Rain,0.2797,1,Watch
25.51815,93.1852,0.66,414.64,54.62,1,Light Rain,0.4691,1,Watch
26.12819,92.03837,0.65,16.7,93.04,3,Extreme Storm,0.2999,1,Watch
24.51171,92.54792,2.47,25.31,70.7,1,Light Rain,0.2573,1,Watch
21.64114,95.91738,89.98,64.23,25.13,3,Extreme Storm,0.3693,1,Watch
24.45204,91.58472,56.24,48.66,23.49,1,Light Rain,0.1922,0,Safe
23.82152,92.31777,0.84,154.41,95.4,2,Heavy Rain,0.4478,1,Watch
24.32925,95.59937,0.13,166.47,66.21,1,Light Rain,0.3383,1,Watch
25.34168,94.04334,0.85,15.33,67.72,0,Clear,0.1681,0,Safe
26.99424,90.61627,140.91,404.58,39.58,0,Clear,0.6251,2,Warning
29.18261,95.00284,0.77,405.55,87.35,1,Light Rain,0.4701,1,Watch
25.62172,93.19799,2.21,14.46,37.71,3,Extreme Storm,0.2273,0,Safe
28.5642,88.81805,37.28,33.99,62.05,0,Clear,0.1816,0,Safe
22.04166,89.59483,18.39,170.55,57.96,2,Heavy Rain,0.361,1,Watch
28.41848,97.37918,1.49,245.38,99.88,1,Light Rain,0.4767,1,Watch
24.66434,93.57424,1.56,0.97,50.54,2,Heavy Rain,0.2098,0,Safe
26.76841,90.9638,79.67,297.85,40.65,0,Clear,0.4951,1,Watch
28.35278,94.77393,45.7,226.59,46.72,0,Clear,0.3123,1,Watch
24.33754,93.24001,10.55,9.05,74.57,0,Clear,0.2264,0,Safe
21.97912,91.36347,0.84,45.16,11.73,0,Clear,0.0,0,Safe
26.64367,93.00333,1.68,142.15,32.41,0,Clear,0.1581,0,Safe
28.46207,89.86151,79.72,148.13,53.35,0,Clear,0.3529,1,Watch
26.17402,93.49842,1.22,134.59,78.23,1,Light Rain,0.3834,1,Watch
29.14675,90.9538,50.52,235.08,55.29,1,Light Rain,0.4115,1,Watch
25.61436,92.85045,1.94,600.0,67.87,3,Extreme Storm,0.7094,2,Warning
27.9368,90.93001,1.7,12.14,15.98,3,Extreme Storm,0.1147,0,Safe
23.77071,90.38612,1.2,11.42,33.43,1,Light Rain,0.1132,0,Safe
23.40973,91.00649,44.48,100.0,44.59,0,Clear,0.2188,0,Safe
26.41582,92.53307,0.93,36.3,15.19,3,Extreme Storm,0.124,0,Safe
26.79914,92.88811,2.41,119.08,57.88,1,Light Rain,0.2244,0,Safe
28.21005,91.82335,0.25,135.59,61.01,3,Extreme Storm,0.3188,1,Watch
24.63508,97.37636,0.2,229.59,92.03,1,Light Rain,0.4985,1,Watch
22.05996,96.67728,13.84,303.49,54.04,3,Extreme Storm,0.4581,1,Watch
25.58426,93.72806,0.37,39.5,66.75,1,Light Rain,0.1731,0,Safe
26.69757,89.01642,10.19,18.13,83.62,2,Heavy Rain,0.2838,1,Watch
23.3996,90.92892,57.78,484.27,87.33,1,Light Rain,0.7115,2,Warning
25.64066,94.62681,41.88,47.02,17.66,0,Clear,0.1172,0,Safe
27.24161,90.43423,22.67,162.35,50.47,2,Heavy Rain,0.3984,1,Watch
26.40289,94.0858,8.42,27.43,33.33,0,Clear,0.1568,0,Safe
26.79665,93.32683,10.01,87.1,31.03,1,Light Rain,0.1779,0,Safe
29.3918,96.02734,29.93,26.24,77.15,3,Extreme Storm,0.334,1,Watch
25.43821,93.92971,76.7,93.08,94.05,1,Light Rain,0.4203,1,Watch
28.65444,92.84479,46.51,6.52,93.18,0,Clear,0.3225,1,Watch
28.3364,92.07273,0.81,54.96,70.77,0,Clear,0.2315,0,Safe
22.15733,92.27215,1.72,210.65,18.5,0,Clear,0.2431,0,Safe
26.29876,91.31894,1.92,6.12,31.4,1,Light Rain,0.1334,0,Safe
28.38683,89.62174,103.95,176.4,60.08,0,Clear,0.427,1,Watch
27.85683,96.94502,81.39,29.72,59.17,2,Heavy Rain,0.425,1,Watch
26.23175,90.37267,22.92,113.43,24.91,2,Heavy Rain,0.2755,1,Watch
22.86301,90.98543,9.64,188.83,36.08,0,Clear,0.2047,0,Safe
23.28512,89.41075,0.55,3.73,13.33,1,Light Rain,0.0667,0,Safe
26.90523,91.5432,1.04,28.4,75.52,1,Light Rain,0.2692,1,Watch
27.21947,94.75611,110.03,17.55,53.78,1,Light Rain,0.3751,1,Watch
27.70821,95.18138,0.63,17.83,13.51,1,Light Rain,0.0397,0,Safe
21.84659,90.11306,38.88,216.21,34.13,3,Extreme Storm,0.4013,1,Watch
26.50945,96.10116,11.86,28.81,87.78,3,Extreme Storm,0.3314,1,Watch
25.57793,96.23766,2.03,4.37,39.54,1,Light Rain,0.141,0,Safe
29.07391,94.06195,9.28,453.95,72.82,1,Light Rain,0.4815,1,Watch
25.55839,89.17461,0.95,113.09,64.04,1,Light Rain,0.2348,0,Safe
28.19354,92.55653,1.45,28.33,56.19,1,Light Rain,0.279,1,Watch
25.24369,97.02508,5.91,96.29,38.35,0,Clear,0.1529,0,Safe
22.77511,97.22135,1.29,90.87,99.23,1,Light Rain,0.3887,1,Watch
28.9579,93.32245,26.83,65.21,36.96,1,Light Rain,0.2089,0,Safe
25.54672,92.36912,50.4,536.39,72.23,1,Light Rain,0.6074,2,Warning
25.95437,95.11279,0.29,210.85,78.2,1,Light Rain,0.3267,1,Watch
23.15291,91.46053,0.8,121.4,37.21,3,Extreme Storm,0.2436,0,Safe
25.82237,93.13389,6.13,38.66,60.67,2,Heavy Rain,0.3402,1,Watch
26.27884,94.99265,37.24,28.05,40.61,2,Heavy Rain,0.2397,0,Safe
27.54909,93.27833,4.49,339.36,42.87,3,Extreme Storm,0.4481,1,Watch
26.9369,91.13924,5.4,34.73,69.67,2,Heavy Rain,0.3003,1,Watch
25.55201,90.99296,1.46,370.81,35.28,3,Extreme Storm,0.458,1,Watch
26.88196,90.81771,1.18,7.43,20.31,2,Heavy Rain,0.159,0,Safe
25.59385,92.87635,47.73,67.57,74.79,0,Clear,0.2905,1,Watch
25.1891,94.05711,0.78,7.83,31.93,0,Clear,0.039,0,Safe
26.87711,89.85401,1.54,51.04,36.78,0,Clear,0.0908,0,Safe
29.45892,94.63569,1.17,65.31,16.3,1,Light Rain,0.0583,0,Safe
26.07827,95.51869,0.16,199.04,74.02,1,Light Rain,0.3305,1,Watch
25.71431,95.75257,6.23,33.35,76.53,2,Heavy Rain,0.1416,0,Safe
23.78499,92.02531,13.61,226.18,30.85,1,Light Rain,0.3129,1,Watch
26.28509,91.56422,1.77,37.09,80.93,2,Heavy Rain,0.3195,1,Watch
26.33057,93.72742,48.79,95.8,61.34,3,Extreme Storm,0.3595,1,Watch
25.43024,93.11954,19.47,113.22,15.26,0,Clear,0.091,0,Safe
24.53682,91.72103,23.63,142.68,88.81,0,Clear,0.4176,1,Watch
23.55128,93.94382,1.54,84.78,55.05,3,Extreme Storm,0.3354,1,Watch
26.02958,94.21671,18.42,500.51,31.84,0,Clear,0.4337,1,Watch
25.10071,93.12281,4.12,51.33,56.42,0,Clear,0.1551,0,Safe
26.80495,93.95621,14.13,108.64,14.39,1,Light Rain,0.1668,0,Safe
23.9928,90.0268,1.31,93.93,29.12,0,Clear,0.08,0,Safe
23.43894,95.47617,1.34,51.74,79.39,2,Heavy Rain,0.3136,1,Watch
23.57062,90.56595,16.45,198.0,18.51,2,Heavy Rain,0.2243,0,Safe
25.56363,92.92315,15.63,393.05,25.56,0,Clear,0.2564,1,Watch
28.10758,90.49605,12.46,95.61,75.64,1,Light Rain,0.2744,1,Watch
24.07181,91.5504,20.15,600.0,30.41,0,Clear,0.469,1,Watch
24.09262,96.40903,27.24,75.64,26.04,0,Clear,0.2332,0,Safe
27.85533,93.04236,10.27,65.52,88.1,1,Light Rain,0.3814,1,Watch
25.91365,90.83283,1.75,87.25,33.73,2,Heavy Rain,0.1674,0,Safe
26.71045,91.78355,0.31,439.72,31.55,1,Light Rain,0.4018,1,Watch
26.83218,91.25192,1.52,89.38,75.09,2,Heavy Rain,0.2902,1,Watch
24.20025,89.25767,9.68,39.55,47.84,2,Heavy Rain,0.3023,1,Watch
26.87764,92.43905,43.91,35.54,17.95,3,Extreme Storm,0.1689,0,Safe
23.77422,96.63565,40.39,107.58,21.06,2,Heavy Rain,0.2769,1,Watch
22.84504,91.36454,1.93,73.42,22.8,0,Clear,0.1603,0,Safe
26.79021,92.68168,0.6,152.61,43.26,2,Heavy Rain,0.2557,1,Watch
27.51449,90.01395,1.77,228.79,59.48,0,Clear,0.3051,1,Watch
23.79491,92.30193,1.55,24.92,10.78,0,Clear,0.0882,0,Safe
26.86234,92.03456,69.6,467.53,54.84,2,Heavy Rain,0.5872,2,Warning
26.00829,91.69371,10.98,274.39,17.91,3,Extreme Storm,0.3715,1,Watch
25.28963,96.62686,16.74,7.27,93.4,0,Clear,0.2043,0,Safe
26.78703,92.16184,0.12,290.4,50.37,1,Light Rain,0.2892,1,Watch
21.51012,92.78895,75.33,160.5,73.18,2,Heavy Rain,0.5162,2,Warning
26.65916,92.17107,0.93,25.49,87.97,3,Extreme Storm,0.2998,1,Watch
28.44214,96.6865,41.88,24.48,68.59,1,Light Rain,0.2981,1,Watch
22.3677,91.54198,108.1,101.95,39.46,2,Heavy Rain,0.3663,1,Watch
21.61275,89.15919,3.47,87.48,86.86,3,Extreme Storm,0.3925,1,Watch
24.7823,90.954,62.27,426.16,54.38,1,Light Rain,0.4908,1,Watch
21.63299,91.95803,10.12,215.84,73.98,2,Heavy Rain,0.4642,1,Watch
24.31981,94.19718,15.69,74.33,10.34,2,Heavy Rain,0.2008,0,Safe
25.05289,96.17617,3.16,233.18,40.57,2,Heavy Rain,0.3048,1,Watch
28.4422,95.00914,11.85,3.29,29.97,1,Light Rain,0.0557,0,Safe
24.47412,94.02803,0.22,178.68,43.97,2,Heavy Rain,0.2879,1,Watch
22.5326,95.36465,6.15,76.71,31.26,1,Light Rain,0.1585,0,Safe
26.99316,91.71014,0.81,113.2,59.67,2,Heavy Rain,0.2709,1,Watch
24.72045,88.78313,3.86,34.9,17.94,1,Light Rain,0.1499,0,Safe
26.40569,94.05366,1.01,539.75,96.07,0,Clear,0.6502,2,Warning
26.14922,96.01938,4.46,110.96,45.92,2,Heavy Rain,0.28,1,Watch
23.29711,92.31094,23.73,164.57,66.51,1,Light Rain,0.4085,1,Watch
28.88117,96.01373,45.13,58.44,46.68,0,Clear,0.1188,0,Safe
26.47296,92.83107,19.39,103.82,31.49,3,Extreme Storm,0.2681,1,Watch
27.93706,97.21124,1.26,118.8,75.45,0,Clear,0.2559,1,Watch
25.48982,95.83243,56.7,29.91,26.17,1,Light Rain,0.2469,0,Safe
25.87101,88.04903,19.81,165.17,38.54,2,Heavy Rain,0.2934,1,Watch
24.56692,90.94255,150.0,568.62,44.51,2,Heavy Rain,0.8292,3,Critical
27.49074,91.28276,1.24,19.26,72.9,0,Clear,0.1779,0,Safe
25.13838,94.58031,0.6,267.32,13.25,0,Clear,0.1854,0,Safe
23.22473,92.09057,0.31,91.32,23.29,0,Clear,0.1517,0,Safe
22.89206,94.31098,44.14,26.08,98.85,0,Clear,0.338,1,Watch
25.76888,95.06674,1.98,37.7,93.57,1,Light Rain,0.308,1,Watch
27.36332,91.64991,58.24,91.37,69.28,1,Light Rain,0.3149,1,Watch
24.57898,92.99741,19.21,76.94,45.07,0,Clear,0.2231,0,Safe
25.95947,92.76039,150.0,68.42,42.33,3,Extreme Storm,0.4584,1,Watch
23.17196,91.16531,1.96,169.74,66.68,2,Heavy Rain,0.4183,1,Watch
25.89487,93.89095,1.09,14.95,42.98,1,Light Rain,0.1423,0,Safe
22.17321,92.30885,45.33,101.11,25.97,2,Heavy Rain,0.258,1,Watch
26.68394,95.34548,102.33,35.22,22.77,1,Light Rain,0.32,1,Watch
23.12759,91.84543,1.48,1.69,73.9,1,Light Rain,0.2196,0,Safe
26.41186,92.47206,5.31,7.76,93.52,3,Extreme Storm,0.3765,1,Watch
26.28386,91.42881,60.64,600.0,52.51,2,Heavy Rain,0.687,2,Warning
24.50439,88.16123,4.98,109.64,26.3,1,Light Rain,0.209,0,Safe
26.39847,91.0668,125.04,230.27,63.0,3,Extreme Storm,0.6164,2,Warning
21.68889,93.1393,12.56,182.02,77.17,2,Heavy Rain,0.4365,1,Watch
29.05818,93.27825,7.15,478.43,63.86,1,Light Rain,0.5699,2,Warning
27.40056,91.02673,0.82,538.74,57.3,0,Clear,0.4404,1,Watch
26.21071,92.24995,1.25,155.64,61.46,1,Light Rain,0.3071,1,Watch
28.07266,93.57585,3.83,23.08,46.7,3,Extreme Storm,0.3117,1,Watch
23.77364,91.91696,1.95,140.2,26.72,0,Clear,0.1882,0,Safe
28.09964,94.08569,25.49,9.06,28.04,0,Clear,0.2162,0,Safe
25.05969,92.31578,0.9,21.15,87.11,2,Heavy Rain,0.2629,1,Watch
26.85144,88.23721,33.35,211.31,29.28,1,Light Rain,0.3133,1,Watch
23.20436,91.5502,0.4,131.85,10.44,0,Clear,0.1342,0,Safe
27.12788,90.98462,4.24,14.1,75.23,2,Heavy Rain,0.2501,1,Watch
26.82914,97.2795,24.12,20.66,77.74,1,Light Rain,0.2322,0,Safe
28.65828,90.91973,14.37,118.62,70.26,1,Light Rain,0.3988,1,Watch
28.51078,91.04701,8.53,217.71,44.39,1,Light Rain,0.3486,1,Watch
25.11134,95.0214,0.3,248.14,55.1,2,Heavy Rain,0.3926,1,Watch
28.50228,94.19814,7.53,15.52,82.79,3,Extreme Storm,0.3318,1,Watch
24.03009,92.26026,1.89,490.58,19.44,2,Heavy Rain,0.4511,1,Watch
25.689,93.92824,9.52,15.89,31.21,2,Heavy Rain,0.1963,0,Safe
21.98411,94.12164,4.04,4.02,75.26,1,Light Rain,0.2886,1,Watch
27.73338,90.69754,9.49,2.47,19.94,3,Extreme Storm,0.139,0,Safe
21.98482,88.36593,14.52,243.98,62.08,1,Light Rain,0.3796,1,Watch
25.52147,93.98747,0.9,35.76,98.67,3,Extreme Storm,0.3572,1,Watch
26.99345,91.85703,1.17,257.33,35.63,1,Light Rain,0.2536,1,Watch
23.7132,94.01266,8.6,501.02,34.95,2,Heavy Rain,0.4779,1,Watch
29.41818,92.17731,5.27,133.43,92.91,3,Extreme Storm,0.4387,1,Watch
29.48892,90.8874,1.08,308.08,92.57,1,Light Rain,0.46,1,Watch
29.24484,95.76602,49.63,235.0,10.66,3,Extreme Storm,0.3671,1,Watch
22.92649,88.11143,29.14,16.74,51.36,1,Light Rain,0.2505,1,Watch
26.38755,90.91677,3.98,5.19,47.3,1,Light Rain,0.2079,0,Safe
29.06088,90.68842,10.84,473.46,44.83,2,Heavy Rain,0.6186,2,Warning
25.27385,90.76367,1.6,349.07,88.22,1,Light Rain,0.5201,2,Warning
23.48011,93.72595,1.05,163.47,92.85,2,Heavy Rain,0.3849,1,Watch
26.63807,93.49092,47.57,270.25,45.08,1,Light Rain,0.4496,1,Watch
28.04796,91.62817,14.3,154.83,91.36,1,Light Rain,0.3761,1,Watch
29.21522,91.65922,39.44,126.78,66.64,2,Heavy Rain,0.3556,1,Watch
25.50098,93.10356,21.91,136.61,92.7,0,Clear,0.3842,1,Watch
23.3945,93.53268,15.18,69.8,51.67,0,Clear,0.2576,1,Watch
26.436,92.76314,0.87,44.24,21.35,3,Extreme Storm,0.1601,0,Safe
25.66648,92.94779,1.71,39.63,33.9,2,Heavy Rain,0.1933,0,Safe
25.90427,95.68701,49.86,476.15,71.52,3,Extreme Storm,0.6976,2,Warning
25.62766,94.46345,31.39,77.4,95.94,1,Light Rain,0.3391,1,Watch
26.63816,92.43282,2.3,108.39,12.46,2,Heavy Rain,0.1166,0,Safe
25.81606,94.83481,31.85,185.52,82.15,3,Extreme Storm,0.426,1,Watch
25.73174,92.35643,6.44,289.92,98.03,1,Light Rain,0.5336,2,Warning
26.75774,96.1849,6.84,14.01,52.6,2,Heavy Rain,0.2003,0,Safe
28.51784,93.29901,1.3,24.11,84.04,0,Clear,0.2031,0,Safe
23.51277,96.70266,4.52,249.77,11.6,1,Light Rain,0.2491,0,Safe
29.29599,90.89481,1.03,193.99,94.12,1,Light Rain,0.4517,1,Watch
22.12196,89.80653,1.37,221.99,89.16,1,Light Rain,0.3599,1,Watch
26.18152,94.31872,9.2,461.26,41.78,0,Clear,0.3518,1,Watch
27.63215,91.38498,0.3,9.33,28.64,1,Light Rain,0.1707,0,Safe
23.96215,88.05642,49.28,2.61,21.69,0,Clear,0.1587,0,Safe
23.66476,89.88484,1.69,28.17,99.15,1,Light Rain,0.2599,1,Watch
26.94415,94.62964,1.89,30.32,70.05,1,Light Rain,0.2143,0,Safe
24.31382,91.66677,37.85,7.86,18.71,1,Light Rain,0.1083,0,Safe
24.28216,91.97761,9.82,58.82,94.16,3,Extreme Storm,0.4166,1,Watch
27.98224,94.34807,89.78,11.22,18.94,0,Clear,0.2454,0,Safe
22.34844,93.68994,0.73,76.38,10.53,2,Heavy Rain,0.1719,0,Safe
27.05517,96.24356,1.13,28.22,44.01,1,Light Rain,0.1707,0,Safe
28.02798,95.28844,11.16,217.71,10.97,0,Clear,0.2063,0,Safe
27.80883,92.66238,30.26,56.68,36.34,1,Light Rain,0.1827,0,Safe
26.27805,89.84307,16.27,62.94,61.97,3,Extreme Storm,0.3062,1,Watch
27.29555,91.81159,30.51,18.77,18.81,2,Heavy Rain,0.1773,0,Safe
27.85648,97.04114,0.49,151.33,69.52,0,Clear,0.2644,1,Watch
22.01649,92.3028,4.58,7.6,97.2,0,Clear,0.2557,1,Watch
29.05906,91.50147,40.06,18.99,40.18,2,Heavy Rain,0.1818,0,Safe
23.38293,96.13047,2.89,65.84,62.95,1,Light Rain,0.2747,1,Watch
29.01274,89.5718,0.86,55.32,35.53,3,Extreme Storm,0.1843,0,Safe
23.86386,88.36504,15.32,27.8,42.05,2,Heavy Rain,0.1315,0,Safe
25.55919,95.78691,13.8,100.19,24.74,3,Extreme Storm,0.223,0,Safe
29.12788,93.07588,0.82,32.29,53.94,0,Clear,0.1491,0,Safe
22.01756,91.6264,1.15,72.53,32.61,0,Clear,0.2125,0,Safe
22.64688,91.6186,8.21,514.17,60.75,3,Extreme Storm,0.5888,2,Warning
22.5105,91.64374,28.95,93.44,31.67,1,Light Rain,0.2314,0,Safe
27.44758,89.64299,6.32,255.0,81.77,1,Light Rain,0.4311,1,Watch
26.30805,91.08678,2.33,16.32,14.0,2,Heavy Rain,0.0558,0,Safe
25.61547,96.87675,28.16,16.2,58.14,1,Light Rain,0.2322,0,Safe
23.61411,95.0871,1.68,226.36,75.45,3,Extreme Storm,0.4318,1,Watch
21.68058,94.04966,1.37,231.28,57.71,3,Extreme Storm,0.4041,1,Watch
26.31997,92.31652,6.22,177.4,35.62,1,Light Rain,0.2679,1,Watch
28.88783,95.31877,37.03,353.52,16.34,0,Clear,0.3723,1,Watch
26.47398,88.88992,28.74,109.89,88.98,0,Clear,0.3093,1,Watch
28.02826,97.13698,9.41,4.89,59.55,0,Clear,0.1872,0,Safe
25.50797,94.5144,5.98,47.59,37.88,0,Clear,0.1073,0,Safe
28.50882,96.15824,0.01,47.85,73.61,0,Clear,0.1795,0,Safe
27.76804,90.31984,0.74,486.66,57.15,0,Clear,0.5387,2,Warning
23.89494,88.32427,1.84,441.06,18.45,1,Light Rain,0.304,1,Watch
25.44959,93.41754,10.99,347.78,83.22,2,Heavy Rain,0.5042,2,Warning
21.75776,93.71384,22.02,223.37,37.06,3,Extreme Storm,0.3872,1,Watch
24.16981,91.16177,17.04,114.51,70.18,0,Clear,0.2562,1,Watch
26.47276,90.8764,19.76,16.89,90.8,2,Heavy Rain,0.3439,1,Watch
22.14471,94.4387,69.01,231.57,82.23,1,Light Rain,0.4546,1,Watch
26.41027,88.77441,0.86,381.37,46.0,1,Light Rain,0.3302,1,Watch
28.8951,92.47978,13.24,20.52,68.93,2,Heavy Rain,0.2398,0,Safe
28.62187,89.35297,20.74,12.52,41.13,0,Clear,0.1518,0,Safe
25.87258,89.29875,56.07,91.62,20.37,1,Light Rain,0.2319,0,Safe
28.41994,94.36001,1.22,67.89,27.42,1,Light Rain,0.1746,0,Safe
28.68096,91.91854,1.98,314.11,34.31,0,Clear,0.2415,0,Safe
25.47544,92.35106,0.73,214.31,45.98,1,Light Rain,0.2694,1,Watch
25.91425,90.85408,7.23,126.05,26.87,0,Clear,0.1604,0,Safe
26.89227,92.36432,37.25,114.72,57.66,1,Light Rain,0.2773,1,Watch
24.03735,94.01626,1.34,122.46,77.56,0,Clear,0.2833,1,Watch
26.58411,88.98872,14.42,238.88,15.02,0,Clear,0.2096,0,Safe
25.09883,89.00539,44.29,0.68,18.5,1,Light Rain,0.1733,0,Safe
26.83261,94.11821,43.81,223.04,16.64,2,Heavy Rain,0.3415,1,Watch
22.35637,88.44795,1.13,9.71,10.75,0,Clear,0.0,0,Safe
28.44408,92.37429,66.85,71.38,92.21,3,Extreme Storm,0.5484,2,Warning
27.55163,92.28291,9.78,70.16,70.01,1,Light Rain,0.1845,0,Safe
26.18749,90.13293,2.19,78.38,24.38,0,Clear,0.0548,0,Safe
25.29267,92.43236,19.76,55.92,73.37,0,Clear,0.2506,1,Watch
26.83878,89.15171,1.08,17.89,42.9,2,Heavy Rain,0.1995,0,Safe
25.59546,90.88375,0.13,600.0,11.96,2,Heavy Rain,0.4855,1,Watch
24.33785,91.65992,26.43,34.33,42.46,3,Extreme Storm,0.2514,1,Watch
22.73644,89.88718,24.11,19.77,76.27,0,Clear,0.2408,0,Safe
27.12816,93.18978,105.59,85.28,16.15,1,Light Rain,0.3276,1,Watch
24.01961,92.2159,125.55,114.07,27.07,3,Extreme Storm,0.4071,1,Watch
25.02721,97.08682,8.31,203.12,70.3,2,Heavy Rain,0.3471,1,Watch
29.09111,88.85761,1.5,195.62,17.38,0,Clear,0.1417,0,Safe
27.85527,95.85941,11.72,40.85,91.94,3,Extreme Storm,0.4294,1,Watch
22.0889,90.94504,12.66,351.82,80.85,2,Heavy Rain,0.5393,2,Warning
27.76955,90.34088,3.99,17.2,70.86,1,Light Rain,0.2515,1,Watch
25.50221,90.35575,16.35,404.13,47.7,0,Clear,0.4796,1,Watch
25.88931,96.94195,76.68,14.21,69.66,1,Light Rain,0.3762,1,Watch
28.98484,93.74686,1.2,268.05,39.2,2,Heavy Rain,0.3516,1,Watch
27.8541,97.33721,24.02,83.84,40.86,1,Light Rain,0.2937,1,Watch
26.99644,91.24361,22.07,133.66,84.6,0,Clear,0.2985,1,Watch
26.22612,89.26436,29.28,106.91,79.35,0,Clear,0.3078,1,Watch
26.15037,88.04631,50.52,13.66,62.05,2,Heavy Rain,0.3613,1,Watch
21.70225,90.92951,11.78,126.94,18.3,0,Clear,0.0623,0,Safe
29.0254,88.62858,46.37,203.49,10.99,2,Heavy Rain,0.2752,1,Watch
25.1929,89.08243,72.0,42.97,87.25,2,Heavy Rain,0.465,1,Watch
23.63792,96.42336,48.3,184.92,64.17,2,Heavy Rain,0.4351,1,Watch
29.1249,89.42713,1.86,437.82,51.04,2,Heavy Rain,0.5098,2,Warning
21.98798,92.25321,0.02,121.85,93.21,2,Heavy Rain,0.3043,1,Watch
27.32743,93.17183,12.73,276.11,69.68,1,Light Rain,0.3792,1,Watch
25.80042,97.48797,0.52,76.96,15.25,1,Light Rain,0.1496,0,Safe
28.9004,92.04309,1.17,29.74,96.08,0,Clear,0.2259,0,Safe
23.95691,92.135,5.69,385.56,27.14,1,Light Rain,0.4007,1,Watch
22.29309,90.31089,15.71,60.13,75.31,0,Clear,0.266,1,Watch
26.32329,95.0107,1.02,126.76,55.32,1,Light Rain,0.211,0,Safe
27.06422,91.26839,0.05,72.94,13.01,2,Heavy Rain,0.1617,0,Safe
24.3875,94.05558,1.61,252.75,53.28,1,Light Rain,0.3677,1,Watch
25.68823,90.89682,10.77,193.91,98.65,1,Light Rain,0.4417,1,Watch
28.36761,94.17185,1.83,9.82,74.68,2,Heavy Rain,0.2844,1,Watch
27.69267,89.9513,110.83,242.32,12.74,2,Heavy Rain,0.3756,1,Watch
29.326,88.33855,42.76,58.05,42.69,0,Clear,0.3069,1,Watch
26.22704,94.14012,0.02,95.91,53.28,1,Light Rain,0.3433,1,Watch
23.57885,92.71156,1.16,0.49,41.87,1,Light Rain,0.1974,0,Safe
26.89384,88.09813,45.5,3.26,21.51,0,Clear,0.1364,0,Safe
27.61462,91.96825,65.92,59.9,12.37,2,Heavy Rain,0.2312,0,Safe
27.84521,90.9549,1.39,223.14,33.67,1,Light Rain,0.2532,1,Watch
26.75877,91.40513,0.35,31.62,69.86,2,Heavy Rain,0.2943,1,Watch
22.81523,88.90036,1.08,7.88,36.49,1,Light Rain,0.1744,0,Safe
25.889,94.05679,55.67,342.73,62.05,0,Clear,0.4504,1,Watch
27.9833,92.35823,0.7,117.45,70.95,1,Light Rain,0.2893,1,Watch
26.26587,91.56606,20.43,140.71,23.17,1,Light Rain,0.2694,1,Watch
25.25353,97.24941,8.27,13.87,58.18,0,Clear,0.1644,0,Safe
25.73924,95.32372,24.67,201.97,69.51,2,Heavy Rain,0.4207,1,Watch
25.38723,90.8308,13.47,600.0,59.85,1,Light Rain,0.6605,2,Warning
25.81131,95.90351,2.3,70.79,24.16,2,Heavy Rain,0.2267,0,Safe
27.60075,91.48607,1.78,232.66,55.75,3,Extreme Storm,0.4296,1,Watch
22.73626,88.19021,7.52,139.13,14.26,1,Light Rain,0.1315,0,Safe
24.47729,91.75293,2.53,48.48,38.66,1,Light Rain,0.1243,0,Safe
25.60674,90.6837,0.56,103.7,12.76,2,Heavy Rain,0.1392,0,Safe
23.07924,90.68064,123.45,238.89,53.33,1,Light Rain,0.5108,2,Warning
24.97516,92.0523,17.72,305.71,20.34,1,Light Rain,0.3262,1,Watch
26.64156,90.85409,32.64,60.65,34.02,3,Extreme Storm,0.2761,1,Watch
22.19651,94.90852,0.23,4.13,77.55,1,Light Rain,0.2239,0,Safe
26.94603,93.45359,65.11,112.38,30.46,1,Light Rain,0.2826,1,Watch
25.43964,94.47271,82.72,155.59,11.67,2,Heavy Rain,0.3023,1,Watch
25.94295,90.45118,18.08,7.17,18.69,0,Clear,0.0632,0,Safe
23.76346,90.70046,1.33,253.86,84.02,3,Extreme Storm,0.5789,2,Warning
24.81785,95.43254,1.91,99.9,47.85,3,Extreme Storm,0.3174,1,Watch
26.99673,88.41784,76.78,224.36,42.96,1,Light Rain,0.4191,1,Watch
22.95191,92.08743,9.87,76.45,28.44,0,Clear,0.0785,0,Safe
21.55084,92.12203,9.24,69.22,47.49,1,Light Rain,0.174,0,Safe
25.88936,93.1567,89.55,589.5,22.64,1,Light Rain,0.6305,2,Warning
28.26424,90.86085,24.13,217.61,27.42,1,Light Rain,0.3415,1,Watch
27.74986,91.13011,35.02,22.99,80.93,0,Clear,0.2852,1,Watch
26.9402,91.83381,0.13,128.62,76.25,1,Light Rain,0.3185,1,Watch
25.96468,92.54432,11.19,94.69,86.79,1,Light Rain,0.3765,1,Watch
28.43261,90.87482,1.64,79.15,97.35,2,Heavy Rain,0.3267,1,Watch
26.85917,93.48689,15.2,276.87,12.21,3,Extreme Storm,0.3967,1,Watch
25.10307,93.92029,56.22,259.41,68.92,0,Clear,0.4236,1,Watch
25.19839,94.31251,1.61,95.04,91.22,0,Clear,0.3404,1,Watch
22.6136,93.66084,1.1,166.17,76.49,0,Clear,0.3706,1,Watch
29.08153,96.09754,1.09,173.84,90.41,3,Extreme Storm,0.4074,1,Watch
28.14507,94.01319,1.39,83.74,10.48,1,Light Rain,0.1177,0,Safe
27.94995,88.91271,7.65,76.84,15.27,3,Extreme Storm,0.2337,0,Safe
29.04906,90.94979,45.32,16.52,64.19,3,Extreme Storm,0.3356,1,Watch
28.38092,91.52877,1.98,36.59,26.08,0,Clear,0.0826,0,Safe
25.1382,91.93552,91.56,245.7,70.06,1,Light Rain,0.5089,2,Warning
25.52204,92.06785,41.81,135.91,14.33,1,Light Rain,0.155,0,Safe
28.15183,91.67956,39.25,334.75,87.07,1,Light Rain,0.5819,2,Warning
26.77045,91.85863,6.25,31.45,22.88,1,Light Rain,0.0815,0,Safe
25.0713,90.52894,22.75,264.6,73.39,1,Light Rain,0.3396,1,Watch
25.12597,96.21492,13.96,22.26,37.39,2,Heavy Rain,0.2401,0,Safe
29.42735,94.3215,2.2,48.42,11.96,1,Light Rain,0.1186,0,Safe
23.99934,91.89128,46.64,112.03,16.28,1,Light Rain,0.1737,0,Safe
25.02205,90.52353,17.17,600.0,29.87,1,Light Rain,0.5801,2,Warning
25.86999,96.06027,33.9,5.82,78.55,0,Clear,0.2834,1,Watch
28.30344,93.63058,40.76,113.9,60.34,1,Light Rain,0.3281,1,Watch
26.35762,90.05073,7.11,4.75,36.94,1,Light Rain,0.1267,0,Safe
28.31368,89.79041,1.48,254.47,76.94,0,Clear,0.3596,1,Watch
26.06598,94.18881,11.06,98.4,41.54,2,Heavy Rain,0.2628,1,Watch
26.83521,93.20365,56.05,32.81,88.79,2,Heavy Rain,0.3724,1,Watch
24.6807,92.52458,2.87,8.52,80.4,0,Clear,0.2562,1,Watch
27.82045,92.35109,11.12,3.22,46.79,1,Light Rain,0.1932,0,Safe
21.83899,91.33411,35.86,52.31,12.11,0,Clear,0.1195,0,Safe
26.34509,89.16951,1.82,237.22,61.49,0,Clear,0.3846,1,Watch
28.17912,91.85679,27.57,258.64,31.3,1,Light Rain,0.3179,1,Watch
25.74455,94.69947,8.37,10.04,31.89,1,Light Rain,0.1957,0,Safe
23.64251,92.61759,18.34,211.3,83.81,0,Clear,0.3927,1,Watch
25.07719,91.19352,58.47,367.95,79.42,0,Clear,0.5716,2,Warning
22.36332,92.24901,41.5,30.33,19.27,2,Heavy Rain,0.1895,0,Safe
26.65668,89.26257,0.26,119.52,66.88,1,Light Rain,0.2059,0,Safe
25.64238,88.80725,1.16,46.11,19.21,3,Extreme Storm,0.1999,0,Safe
24.13231,93.32379,0.09,102.41,99.4,0,Clear,0.2694,1,Watch
26.60683,91.51775,11.52,9.07,78.77,0,Clear,0.1977,0,Safe
26.22134,89.62799,50.72,22.48,54.97,3,Extreme Storm,0.34,1,Watch
26.70594,91.73608,5.72,16.98,55.79,1,Light Rain,0.168,0,Safe
22.3392,95.39336,45.92,27.97,14.0,0,Clear,0.1289,0,Safe
22.13384,90.02808,28.11,199.04,11.03,1,Light Rain,0.2484,0,Safe
25.93857,96.02447,29.54,473.58,74.14,1,Light Rain,0.5247,2,Warning
29.09787,90.15062,41.86,442.55,54.28,2,Heavy Rain,0.5781,2,Warning
26.67564,88.39375,2.02,148.13,98.58,0,Clear,0.3237,1,Watch
26.44842,92.08081,58.89,324.28,23.56,3,Extreme Storm,0.4305,1,Watch
26.94907,91.68983,5.63,290.76,79.57,1,Light Rain,0.3554,1,Watch
27.62151,93.32208,20.0,41.31,39.12,2,Heavy Rain,0.1632,0,Safe
24.49175,95.7112,0.13,214.78,89.61,2,Heavy Rain,0.4351,1,Watch
25.60253,90.44979,3.5,0.83,56.64,0,Clear,0.1497,0,Safe
25.65377,91.04774,17.18,141.48,57.11,3,Extreme Storm,0.3865,1,Watch
26.86591,92.76147,1.76,586.52,10.79,0,Clear,0.4895,1,Watch
26.7045,93.08096,0.61,33.27,86.51,0,Clear,0.2937,1,Watch
23.57924,90.80691,0.89,9.65,90.24,1,Light Rain,0.3067,1,Watch
26.92833,93.12776,1.82,165.99,44.51,3,Extreme Storm,0.3724,1,Watch
26.51672,93.16338,55.69,450.97,33.37,1,Light Rain,0.5175,2,Warning
23.91137,91.44217,40.33,130.21,77.46,3,Extreme Storm,0.4542,1,Watch
24.74593,92.45699,69.78,110.35,65.15,1,Light Rain,0.4475,1,Watch
25.67581,95.79215,12.88,27.56,24.72,2,Heavy Rain,0.177,0,Safe
26.35891,95.02685,100.79,254.01,66.46,1,Light Rain,0.5463,2,Warning
21.81204,91.7387,0.47,380.84,59.29,0,Clear,0.4495,1,Watch
28.78034,93.28592,0.26,61.37,40.17,3,Extreme Storm,0.2307,0,Safe
24.46195,91.90606,136.92,120.46,26.98,0,Clear,0.3706,1,Watch
27.54008,93.63035,0.53,199.53,32.87,2,Heavy Rain,0.2283,0,Safe
26.6491,96.86832,3.23,79.46,57.79,2,Heavy Rain,0.251,1,Watch
25.99735,96.40332,87.64,77.27,38.14,2,Heavy Rain,0.3464,1,Watch
26.14852,94.14329,1.33,86.29,67.69,2,Heavy Rain,0.2847,1,Watch
23.60394,91.31968,32.19,85.74,20.38,1,Light Rain,0.2275,0,Safe
25.32882,96.46997,0.2,23.55,83.87,1,Light Rain,0.2187,0,Safe
27.94341,92.91126,1.71,19.07,71.69,2,Heavy Rain,0.321,1,Watch
26.00342,91.26048,8.36,18.91,21.99,3,Extreme Storm,0.0991,0,Safe
25.63709,92.11807,23.1,99.05,29.07,0,Clear,0.2011,0,Safe
27.57845,97.02108,27.67,95.65,53.06,1,Light Rain,0.3085,1,Watch
29.14308,97.04993,1.58,97.67,14.92,1,Light Rain,0.1661,0,Safe
24.80284,91.78324,68.59,51.97,75.0,1,Light Rain,0.4136,1,Watch
25.85131,92.29021,0.45,600.0,70.09,0,Clear,0.5675,2,Warning
25.80938,90.54621,2.82,33.95,98.34,0,Clear,0.3233,1,Watch
22.7662,88.31534,1.3,47.56,33.39,2,Heavy Rain,0.1564,0,Safe
22.22726,90.8568,0.98,486.13,42.56,1,Light Rain,0.4412,1,Watch
22.88188,97.44162,35.8,112.3,88.01,1,Light Rain,0.4706,1,Watch
22.90194,93.80861,49.52,61.89,85.47,3,Extreme Storm,0.4446,1,Watch
28.70968,93.02213,89.7,74.09,32.49,0,Clear,0.3182,1,Watch
23.09037,93.11355,14.64,20.58,15.64,1,Light Rain,0.1304,0,Safe
24.34748,93.12848,2.06,285.5,91.37,1,Light Rain,0.4845,1,Watch
27.02826,89.1383,1.8,125.62,59.43,2,Heavy Rain,0.2218,0,Safe
26.83539,90.72117,75.31,13.19,20.22,1,Light Rain,0.2333,0,Safe
25.97344,90.15538,30.06,211.92,84.78,1,Light Rain,0.4373,1,Watch
27.33296,91.56791,42.8,168.42,11.9,2,Heavy Rain,0.319,1,Watch
27.67199,95.80887,59.57,21.63,65.67,1,Light Rain,0.2794,1,Watch
27.10479,91.62108,6.34,362.68,18.96,2,Heavy Rain,0.4142,1,Watch
22.44792,88.75164,24.05,73.82,16.19,1,Light Rain,0.1148,0,Safe
26.61539,90.18027,0.2,535.46,47.47,3,Extreme Storm,0.5579,2,Warning
28.70635,88.09551,38.02,96.13,85.77,0,Clear,0.2787,1,Watch
29.19508,91.35884,1.21,34.29,62.2,0,Clear,0.1372,0,Safe
21.72239,89.25338,103.85,94.55,55.98,2,Heavy Rain,0.443,1,Watch
26.86491,89.80108,10.81,334.3,65.37,1,Light Rain,0.4924,1,Watch
27.59767,92.18666,6.19,191.33,67.85,1,Light Rain,0.3422,1,Watch
21.8464,94.32763,0.66,94.28,69.31,2,Heavy Rain,0.2525,1,Watch
24.68609,93.58328,2.51,76.66,71.27,0,Clear,0.149,0,Safe
22.50527,89.15242,2.22,89.76,42.29,0,Clear,0.1962,0,Safe
21.77504,97.36072,28.09,38.76,35.15,1,Light Rain,0.1676,0,Safe
23.1332,88.72661,7.36,22.67,81.88,3,Extreme Storm,0.3111,1,Watch
26.64151,89.73807,1.76,81.38,52.52,1,Light Rain,0.2649,1,Watch
22.41214,89.64571,0.36,314.38,72.04,1,Light Rain,0.4182,1,Watch
27.88724,91.96329,8.18,11.97,62.46,0,Clear,0.1658,0,Safe
23.86115,89.98001,39.54,192.49,57.12,1,Light Rain,0.3768,1,Watch
21.65396,89.38357,96.66,64.81,41.68,1,Light Rain,0.4011,1,Watch
25.88641,93.80981,29.11,247.12,90.92,0,Clear,0.4507,1,Watch
23.81909,95.14034,1.08,115.59,86.47,0,Clear,0.2087,0,Safe
24.81391,92.49229,5.91,130.78,64.07,1,Light Rain,0.2578,1,Watch
25.08805,95.04374,28.52,260.48,15.56,0,Clear,0.2487,0,Safe
25.81378,91.32699,2.65,246.12,63.66,0,Clear,0.3622,1,Watch
24.91448,94.10384,31.61,228.67,34.15,2,Heavy Rain,0.3075,1,Watch
26.66507,92.40928,2.3,547.18,53.01,2,Heavy Rain,0.5738,2,Warning
25.65821,92.28689,0.82,36.61,67.68,1,Light Rain,0.225,0,Safe
29.47583,92.50825,63.28,27.39,94.54,1,Light Rain,0.4341,1,Watch
23.47377,93.24283,8.48,67.81,28.64,2,Heavy Rain,0.1577,0,Safe
23.78023,92.80795,0.24,188.22,14.78,2,Heavy Rain,0.2362,0,Safe
23.40786,89.05717,1.78,27.57,90.44,2,Heavy Rain,0.3754,1,Watch
24.1922,97.27864,11.47,26.66,60.42,0,Clear,0.2239,0,Safe
21.54654,96.13954,10.69,22.15,42.9,0,Clear,0.1638,0,Safe
25.06477,90.58395,2.79,35.36,23.41,1,Light Rain,0.1076,0,Safe
25.97638,88.44022,0.51,21.58,44.62,2,Heavy Rain,0.1995,0,Safe
28.68127,94.39358,0.89,181.71,26.56,1,Light Rain,0.2178,0,Safe
24.08333,93.56702,72.68,198.51,73.13,1,Light Rain,0.5039,2,Warning
27.71406,91.75169,78.91,86.91,92.35,2,Heavy Rain,0.5081,2,Warning
28.75435,89.17939,0.94,216.68,65.85,3,Extreme Storm,0.3855,1,Watch
26.93637,96.26593,1.48,60.88,51.54,2,Heavy Rain,0.3084,1,Watch
25.59854,89.0932,9.72,107.88,99.25,0,Clear,0.3844,1,Watch
22.60771,90.0108,19.25,225.78,41.86,3,Extreme Storm,0.3526,1,Watch
24.49639,88.82338,77.21,8.69,99.31,2,Heavy Rain,0.4357,1,Watch
25.56847,89.18914,2.0,104.16,78.98,2,Heavy Rain,0.3306,1,Watch
26.17007,91.79818,16.42,36.06,96.61,0,Clear,0.3256,1,Watch
25.29611,95.03121,2.1,449.66,75.24,3,Extreme Storm,0.559,2,Warning
25.37966,88.55662,1.14,107.87,67.02,0,Clear,0.2146,0,Safe
26.70388,91.7608,14.54,20.95,46.87,0,Clear,0.1905,0,Safe
28.41148,89.57509,58.53,40.86,32.46,0,Clear,0.2283,0,Safe
24.31747,90.34687,1.87,600.0,37.36,2,Heavy Rain,0.4852,1,Watch
23.65226,92.1696,37.26,247.77,73.09,2,Heavy Rain,0.503,2,Warning
26.15189,91.28296,9.32,72.16,75.33,3,Extreme Storm,0.293,1,Watch
27.5777,95.59148,5.7,107.31,23.31,1,Light Rain,0.1473,0,Safe
24.46709,93.79183,7.17,203.28,10.22,1,Light Rain,0.1918,0,Safe
22.25389,95.50824,0.92,118.54,66.54,2,Heavy Rain,0.2948,1,Watch
26.05252,95.55743,39.67,475.34,49.02,0,Clear,0.4796,1,Watch
26.06864,97.33463,105.34,72.8,83.9,1,Light Rain,0.4257,1,Watch
25.08006,93.38783,12.39,15.9,35.26,0,Clear,0.1399,0,Safe
25.92151,91.81155,32.07,83.83,53.84,1,Light Rain,0.2128,0,Safe
25.94484,96.17242,5.19,12.8,57.3,2,Heavy Rain,0.2058,0,Safe
25.60655,92.1931,0.92,476.75,49.6,0,Clear,0.475,1,Watch
27.00236,92.17385,8.61,114.43,32.14,1,Light Rain,0.2202,0,Safe
26.58596,90.30028,6.99,140.95,63.03,0,Clear,0.2078,0,Safe
28.81007,91.07733,7.63,214.57,12.54,2,Heavy Rain,0.1766,0,Safe
27.88708,89.045,0.3,25.58,34.47,1,Light Rain,0.0935,0,Safe
24.29457,89.84004,11.83,182.03,94.78,2,Heavy Rain,0.3576,1,Watch
28.68439,89.13438,33.94,2.52,37.58,3,Extreme Storm,0.2559,1,Watch
21.99546,92.17046,3.48,63.71,46.47,3,Extreme Storm,0.2461,0,Safe
26.38138,88.31593,47.55,15.95,97.21,0,Clear,0.3176,1,Watch
22.14416,93.48122,3.99,13.75,80.83,1,Light Rain,0.2716,1,Watch
22.36389,93.69803,87.85,172.09,52.86,2,Heavy Rain,0.4949,1,Watch
26.78354,94.08599,50.32,15.7,95.26,2,Heavy Rain,0.4087,1,Watch
25.92371,92.30555,1.0,269.77,16.31,3,Extreme Storm,0.3134,1,Watch
26.78823,90.5446,1.66,81.94,15.02,1,Light Rain,0.1002,0,Safe
28.95867,88.43049,44.92,92.87,32.75,1,Light Rain,0.238,0,Safe
24.61928,94.40636,0.45,508.07,42.56,0,Clear,0.4542,1,Watch
26.95055,90.06682,10.7,41.37,31.49,0,Clear,0.1612,0,Safe
27.15608,91.71701,49.15,522.94,84.29,2,Heavy Rain,0.6524,2,Warning
24.24662,88.42831,43.92,149.28,94.86,1,Light Rain,0.3981,1,Watch
28.32893,91.61211,1.14,500.22,54.5,2,Heavy Rain,0.5381,2,Warning
23.53942,90.95992,1.64,6.24,17.95,0,Clear,0.0,0,Safe
28.07808,93.31769,2.93,67.04,48.37,3,Extreme Storm,0.2819,1,Watch
26.74925,94.24559,31.67,27.42,39.74,3,Extreme Storm,0.3127,1,Watch
23.9907,96.90208,1.16,126.02,36.39,2,Heavy Rain,0.3379,1,Watch
24.03964,91.93601,2.3,18.01,66.17,1,Light Rain,0.2179,0,Safe
27.41954,94.02112,5.45,225.99,66.27,0,Clear,0.3598,1,Watch
26.12366,94.41967,12.37,2.71,81.41,2,Heavy Rain,0.2935,1,Watch
22.21633,88.52816,0.68,433.67,16.3,3,Extreme Storm,0.4958,1,Watch
26.19636,96.54834,29.18,96.14,32.91,1,Light Rain,0.2114,0,Safe
26.45121,90.84675,1.79,171.93,37.11,2,Heavy Rain,0.2902,1,Watch
22.59123,93.66183,7.62,45.19,57.96,1,Light Rain,0.2452,0,Safe
25.7786,90.54975,84.94,184.32,73.64,2,Heavy Rain,0.5308,2,Warning
26.77206,90.72108,30.05,93.03,99.7,1,Light Rain,0.3638,1,Watch
26.32899,91.68051,19.13,166.69,55.54,1,Light Rain,0.2602,1,Watch
29.2875,91.50642,10.68,193.86,41.93,2,Heavy Rain,0.3594,1,Watch
21.72712,93.11465,40.14,26.64,74.13,1,Light Rain,0.3134,1,Watch
25.89799,89.83114,3.46,6.85,29.13,3,Extreme Storm,0.1862,0,Safe
23.43976,88.3956,1.2,274.91,77.04,3,Extreme Storm,0.5136,2,Warning
25.18407,96.93721,40.49,15.59,14.57,2,Heavy Rain,0.2148,0,Safe
29.24144,93.44561,0.03,37.36,67.2,2,Heavy Rain,0.274,1,Watch
26.39573,89.35867,55.52,408.46,43.49,1,Light Rain,0.5323,2,Warning
23.69888,88.28096,4.74,30.6,35.41,2,Heavy Rain,0.1625,0,Safe
24.76363,88.65731,2.07,23.27,21.95,3,Extreme Storm,0.1952,0,Safe
28.49825,95.29661,7.45,81.4,70.8,2,Heavy Rain,0.2476,0,Safe
28.92437,95.75961,20.98,268.99,26.71,0,Clear,0.2819,1,Watch
26.44859,95.97484,11.64,29.13,78.25,2,Heavy Rain,0.331,1,Watch
23.96002,90.52193,1.21,543.94,35.87,1,Light Rain,0.4589,1,Watch
26.9086,91.45325,4.2,600.0,50.21,2,Heavy Rain,0.6049,2,Warning
23.61556,95.778,1.3,395.36,73.53,3,Extreme Storm,0.5616,2,Warning
23.03797,92.16265,10.41,523.15,80.44,1,Light Rain,0.5649,2,Warning
27.8886,88.32953,0.66,100.31,47.79,1,Light Rain,0.2659,1,Watch
23.91168,91.39645,1.54,600.0,76.44,1,Light Rain,0.6398,2,Warning
28.44245,91.00844,6.72,77.46,16.61,0,Clear,0.0373,0,Safe
22.4945,92.60595,3.13,391.61,50.54,0,Clear,0.3963,1,Watch
26.05667,89.79158,12.57,582.02,89.99,1,Light Rain,0.7254,2,Warning
22.24854,91.5647,96.71,11.7,37.2,3,Extreme Storm,0.3618,1,Watch
26.94525,91.00011,1.55,72.19,85.07,2,Heavy Rain,0.304,1,Watch
24.53768,96.93387,1.99,27.84,70.47,0,Clear,0.1763,0,Safe
25.51891,90.86866,48.71,2.53,90.51,1,Light Rain,0.3361,1,Watch
23.64417,94.33921,3.95,2.84,21.93,2,Heavy Rain,0.0815,0,Safe
27.7815,89.30471,11.44,77.27,40.68,1,Light Rain,0.2617,1,Watch
25.59379,88.31636,0.59,26.87,51.04,3,Extreme Storm,0.2835,1,Watch
