latitude,longitude,slope_degrees,elevation_m,land_use_code,land_use_label,soil_code,soil_label,susceptibility_score,is_susceptible
25.72739,89.97977,31.85,1374.2,2,Degraded Forest,0,Granite/Gneiss,0.32,0
26.56063,93.68731,29.29,1644.7,3,Urban,2,Alluvial,0.4848,0
26.08814,94.26899,35.62,1046.0,4,Barren,0,Granite/Gneiss,0.3949,0
26.25826,96.03446,28.12,1259.7,0,Dense Forest,1,Laterite,0.2268,0
26.09396,89.49841,37.4,1297.0,2,Degraded Forest,0,Granite/Gneiss,0.3107,0
25.5002,89.23462,25.11,1157.5,2,Degraded Forest,4,Shale,0.5114,0
25.59403,89.25805,35.2,1030.8,0,Dense Forest,3,Colluvial,0.4446,0
21.99192,96.08373,10.06,570.3,1,Agriculture,3,Colluvial,0.2725,0
25.57536,91.74984,37.37,703.9,1,Agriculture,2,Alluvial,0.5302,0
29.24346,90.54622,29.81,1531.8,0,Dense Forest,4,Shale,0.4751,0
25.24589,93.86496,29.0,939.7,0,Dense Forest,4,Shale,0.4758,0
25.778,92.20597,26.51,1411.3,3,Urban,1,Laterite,0.4618,0
24.68255,90.93998,26.57,1048.0,2,Degraded Forest,1,Laterite,0.3494,0
28.70967,92.24677,32.55,1423.5,2,Degraded Forest,2,Alluvial,0.4257,0
25.96169,91.61413,30.17,1672.6,2,Degraded Forest,0,Granite/Gneiss,0.4434,0
29.12362,88.50154,34.71,1926.2,0,Dense Forest,4,Shale,0.4415,0
25.60446,96.54827,28.49,793.1,0,Dense Forest,1,Laterite,0.229,0
21.57337,91.23009,12.63,98.1,0,Dense Forest,2,Alluvial,0.1392,0
25.80205,89.21754,33.77,1261.4,1,Agriculture,3,Colluvial,0.4374,0
21.66352,89.95599,16.14,387.3,4,Barren,1,Laterite,0.3526,0
26.89371,90.38659,50.25,1300.4,2,Degraded Forest,1,Laterite,0.4774,0
25.57839,93.06311,26.21,1122.1,0,Dense Forest,0,Granite/Gneiss,0.2192,0
24.8899,89.83911,26.65,837.8,0,Dense Forest,2,Alluvial,0.3346,0
26.97168,90.76265,60.99,1318.0,2,Degraded Forest,0,Granite/Gneiss,0.4752,0
26.17058,95.38798,30.73,1295.8,2,Degraded Forest,3,Colluvial,0.4595,0
29.47376,94.75143,52.53,2182.2,2,Degraded Forest,2,Alluvial,0.5774,1
28.69386,96.88965,46.59,1491.1,0,Dense Forest,2,Alluvial,0.3563,0
25.91678,94.26479,50.24,1047.2,1,Agriculture,1,Laterite,0.3916,0
21.86971,94.0572,4.94,62.8,1,Agriculture,1,Laterite,0.1043,0
24.8665,91.51246,15.27,655.9,3,Urban,3,Colluvial,0.5254,0
24.3271,92.97922,16.66,524.3,0,Dense Forest,1,Laterite,0.0942,0
21.60336,88.6368,16.77,128.2,0,Dense Forest,3,Colluvial,0.244,0
21.73952,93.61532,7.87,50.0,2,Degraded Forest,1,Laterite,0.2055,0
27.8533,89.38056,21.76,1308.2,0,Dense Forest,3,Colluvial,0.4251,0
25.84235,96.4614,23.89,1041.2,2,Degraded Forest,3,Colluvial,0.4293,0
22.05729,95.80495,20.04,50.0,0,Dense Forest,2,Alluvial,0.1682,0
23.01027,90.67714,13.43,541.5,0,Dense Forest,4,Shale,0.3522,0
25.16339,88.33494,37.88,828.4,3,Urban,1,Laterite,0.3944,0
24.16849,95.51544,16.0,461.5,1,Agriculture,4,Shale,0.327,0
25.65284,92.27947,30.69,1499.5,0,Dense Forest,1,Laterite,0.3458,0
26.10267,92.31016,29.13,709.0,0,Dense Forest,1,Laterite,0.3363,0
22.79842,93.41221,21.38,563.4,3,Urban,0,Granite/Gneiss,0.2307,0
21.81199,92.23751,18.48,239.4,2,Degraded Forest,3,Colluvial,0.3642,0
23.19845,89.29862,34.05,385.2,4,Barren,3,Colluvial,0.5867,1
26.49253,91.52287,39.24,1041.8,3,Urban,2,Alluvial,0.5821,1
27.82904,91.81849,35.37,1869.7,3,Urban,3,Colluvial,0.6245,1
23.56706,91.7042,27.65,989.9,1,Agriculture,4,Shale,0.4513,0
26.29152,91.2448,38.97,1119.5,3,Urban,3,Colluvial,0.6093,1
21.86681,93.28687,32.74,94.9,1,Agriculture,1,Laterite,0.1782,0
21.78979,92.33095,14.83,391.0,3,Urban,1,Laterite,0.2685,0
24.861,91.24601,26.94,807.0,3,Urban,1,Laterite,0.4039,0
28.94955,89.7989,53.43,1892.8,2,Degraded Forest,1,Laterite,0.4865,0
28.27643,90.89946,24.42,1736.3,1,Agriculture,1,Laterite,0.3148,0
27.83548,94.99279,37.12,1532.9,2,Degraded Forest,1,Laterite,0.4137,0
24.72682,93.64626,32.66,859.1,1,Agriculture,4,Shale,0.4644,0
29.14778,93.73377,52.06,1894.7,1,Agriculture,3,Colluvial,0.533,0
26.70961,93.17232,16.86,1054.4,4,Barren,4,Shale,0.5943,1
23.94242,96.03817,13.45,513.6,1,Agriculture,4,Shale,0.3741,0
26.09855,92.81135,12.3,1179.8,0,Dense Forest,3,Colluvial,0.2982,0
28.07825,91.54254,46.65,1489.3,2,Degraded Forest,1,Laterite,0.4498,0
21.96443,91.20094,18.38,760.0,2,Degraded Forest,3,Colluvial,0.4206,0
22.58711,93.00739,30.43,371.1,3,Urban,0,Granite/Gneiss,0.2941,0
22.73651,93.29491,19.87,50.0,2,Degraded Forest,0,Granite/Gneiss,0.1479,0
25.95591,88.22002,49.64,539.8,0,Dense Forest,0,Granite/Gneiss,0.2722,0
24.97471,91.02497,20.49,1046.0,0,Dense Forest,0,Granite/Gneiss,0.1726,0
25.57028,91.44492,27.33,1044.1,0,Dense Forest,3,Colluvial,0.4923,0
29.08737,92.87121,46.76,2095.3,0,Dense Forest,4,Shale,0.4358,0
24.24208,92.34391,19.58,588.2,3,Urban,1,Laterite,0.3534,0
24.4196,93.68654,29.29,732.8,1,Agriculture,0,Granite/Gneiss,0.1962,0
25.90559,93.28921,30.64,1147.1,1,Agriculture,1,Laterite,0.3626,0
27.64957,92.75881,36.71,1452.6,3,Urban,3,Colluvial,0.6181,1
26.03787,90.99875,31.01,1073.5,1,Agriculture,1,Laterite,0.3305,0
25.51358,95.10744,35.69,1148.2,0,Dense Forest,4,Shale,0.4209,0
26.51523,93.15438,31.06,1061.7,2,Degraded Forest,0,Granite/Gneiss,0.3306,0
26.61479,93.09575,25.22,1358.0,0,Dense Forest,4,Shale,0.3614,0
26.95027,90.85927,35.98,1692.0,2,Degraded Forest,0,Granite/Gneiss,0.3543,0
24.166,95.9814,19.93,1030.9,3,Urban,2,Alluvial,0.3933,0
27.62792,92.70902,29.99,1117.6,4,Barren,1,Laterite,0.432,0
29.24597,91.92606,30.2,1744.9,0,Dense Forest,2,Alluvial,0.2869,0
26.89907,90.44003,42.7,1372.9,1,Agriculture,0,Granite/Gneiss,0.2305,0
26.95601,91.23251,40.76,1583.2,2,Degraded Forest,4,Shale,0.6565,1
27.05987,92.07573,47.11,1392.9,1,Agriculture,0,Granite/Gneiss,0.365,0
25.92864,94.09498,31.63,1352.4,1,Agriculture,2,Alluvial,0.3816,0
28.73089,97.43537,50.74,1593.1,0,Dense Forest,0,Granite/Gneiss,0.3037,0
24.54878,90.39459,18.88,851.9,2,Degraded Forest,1,Laterite,0.3135,0
28.88099,92.01502,27.41,1831.7,3,Urban,0,Granite/Gneiss,0.3737,0
25.3505,94.92244,23.43,1229.0,4,Barren,4,Shale,0.5931,1
28.70633,96.37301,40.38,1903.1,3,Urban,0,Granite/Gneiss,0.4011,0
22.84315,88.17756,22.92,540.2,0,Dense Forest,1,Laterite,0.1863,0
26.4546,90.72752,43.83,1384.7,2,Degraded Forest,1,Laterite,0.44,0
27.84364,93.12681,41.37,1285.4,1,Agriculture,3,Colluvial,0.4726,0
24.70698,91.11359,45.09,787.3,4,Barren,0,Granite/Gneiss,0.5102,0
27.49061,88.23258,38.42,1246.9,4,Barren,3,Colluvial,0.5808,1
26.70764,96.00511,35.33,1141.1,4,Barren,2,Alluvial,0.4882,0
29.4432,96.52183,47.49,1852.5,3,Urban,2,Alluvial,0.5539,1
22.73001,97.29978,22.64,50.0,1,Agriculture,1,Laterite,0.2,0
28.58911,97.41678,44.5,1667.5,2,Degraded Forest,2,Alluvial,0.5327,0
24.83373,93.05008,17.64,693.5,4,Barren,1,Laterite,0.377,0
21.64809,92.63896,22.37,50.0,2,Degraded Forest,1,Laterite,0.2386,0
28.7626,88.02968,62.28,1753.3,3,Urban,1,Laterite,0.5783,1
25.74055,92.19536,23.84,976.4,4,Barren,3,Colluvial,0.6259,1
27.14986,89.55507,35.86,1439.5,2,Degraded Forest,0,Granite/Gneiss,0.3139,0
28.84717,94.94485,31.57,1623.3,0,Dense Forest,1,Laterite,0.2935,0
24.40658,92.34949,31.92,718.9,0,Dense Forest,2,Alluvial,0.3505,0
27.45296,93.47488,43.33,1931.2,0,Dense Forest,1,Laterite,0.3006,0
27.26114,91.37861,24.57,1520.9,1,Agriculture,2,Alluvial,0.347,0
26.36897,91.10045,22.76,1026.3,1,Agriculture,2,Alluvial,0.3898,0
25.70074,92.00255,14.1,1293.1,2,Degraded Forest,1,Laterite,0.39,0
27.66482,91.02576,50.68,1796.8,1,Agriculture,1,Laterite,0.4568,0
22.08246,88.95038,10.47,350.8,4,Barren,1,Laterite,0.3184,0
23.7845,97.36624,22.49,457.6,0,Dense Forest,2,Alluvial,0.2482,0
28.42239,94.94891,38.03,1864.1,3,Urban,4,Shale,0.6628,1
25.50299,96.47334,37.92,885.2,0,Dense Forest,1,Laterite,0.2031,0
28.22411,91.38029,45.5,1883.1,2,Degraded Forest,3,Colluvial,0.5379,0
23.25331,90.96427,26.43,446.3,2,Degraded Forest,3,Colluvial,0.4425,0
27.98054,91.01632,32.81,1502.2,3,Urban,3,Colluvial,0.5009,0
23.43005,89.44101,27.69,639.1,1,Agriculture,3,Colluvial,0.4336,0
28.25145,95.24561,47.75,1901.1,0,Dense Forest,0,Granite/Gneiss,0.3325,0
21.73413,94.66984,21.09,626.3,1,Agriculture,1,Laterite,0.2021,0
24.97607,90.88748,17.72,887.5,0,Dense Forest,4,Shale,0.3973,0
28.61393,93.2513,32.64,1618.7,1,Agriculture,2,Alluvial,0.3959,0
25.07003,91.47282,42.28,739.1,1,Agriculture,0,Granite/Gneiss,0.3177,0
22.74848,95.41728,35.23,84.5,2,Degraded Forest,1,Laterite,0.3329,0
25.81867,92.79819,30.64,870.5,3,Urban,1,Laterite,0.5584,1
22.06193,90.88924,16.54,273.6,4,Barren,4,Shale,0.4864,0
26.31264,91.33689,34.31,1393.8,1,Agriculture,2,Alluvial,0.406,0
26.6351,94.5243,38.89,1074.6,0,Dense Forest,3,Colluvial,0.3852,0
22.83039,91.24449,8.45,556.8,3,Urban,1,Laterite,0.2259,0
22.22854,95.20693,19.58,91.5,1,Agriculture,0,Granite/Gneiss,0.1016,0
26.11653,95.722,24.07,990.7,1,Agriculture,0,Granite/Gneiss,0.2588,0
22.39482,91.70041,18.19,87.4,2,Degraded Forest,2,Alluvial,0.3073,0
25.47326,95.62649,22.83,1260.4,2,Degraded Forest,1,Laterite,0.3426,0
24.56234,95.79704,21.3,1110.3,3,Urban,0,Granite/Gneiss,0.3279,0
26.55819,88.74511,35.42,1092.3,4,Barren,1,Laterite,0.3952,0
29.31515,89.2528,39.37,1696.6,4,Barren,3,Colluvial,0.597,1
24.82734,95.61995,18.69,973.2,3,Urban,0,Granite/Gneiss,0.2265,0
22.77282,91.56018,31.4,732.0,3,Urban,2,Alluvial,0.341,0
26.15882,94.08753,23.79,1471.0,0,Dense Forest,3,Colluvial,0.3748,0
26.5112,94.24734,15.31,1150.5,3,Urban,1,Laterite,0.3339,0
25.81619,92.9889,35.74,1034.4,0,Dense Forest,1,Laterite,0.3726,0
27.17349,92.15134,33.96,1130.2,2,Degraded Forest,4,Shale,0.579,1
27.90119,88.87058,38.77,1461.0,0,Dense Forest,3,Colluvial,0.3129,0
26.97179,89.12646,36.78,1350.5,1,Agriculture,3,Colluvial,0.4296,0
25.99011,96.84215,42.0,840.3,0,Dense Forest,1,Laterite,0.2621,0
24.9384,96.58402,42.8,764.6,1,Agriculture,4,Shale,0.5468,0
27.9988,88.54824,41.4,1606.7,1,Agriculture,0,Granite/Gneiss,0.1916,0
24.89258,95.21139,18.32,559.3,0,Dense Forest,4,Shale,0.3709,0
23.90496,92.71794,25.19,734.9,3,Urban,4,Shale,0.5964,1
21.71578,94.32123,20.52,352.6,3,Urban,2,Alluvial,0.3642,0
21.51104,88.08447,23.07,216.5,3,Urban,2,Alluvial,0.3505,0
24.09745,88.99537,25.84,585.1,3,Urban,3,Colluvial,0.5264,0
28.07418,89.75524,35.17,1813.6,3,Urban,1,Laterite,0.3809,0
25.74893,93.35311,23.68,1333.5,4,Barren,2,Alluvial,0.5649,1
23.68598,91.45426,22.26,655.4,2,Degraded Forest,4,Shale,0.5314,0
26.65417,90.89497,22.32,1289.5,2,Degraded Forest,0,Granite/Gneiss,0.2964,0
27.84826,89.74529,41.96,1404.4,3,Urban,4,Shale,0.7177,1
23.76696,88.04793,24.92,528.7,1,Agriculture,3,Colluvial,0.3667,0
28.38887,93.67473,42.21,1864.4,0,Dense Forest,3,Colluvial,0.4731,0
27.81961,88.47232,44.44,1891.8,2,Degraded Forest,0,Granite/Gneiss,0.371,0
23.40143,88.30646,33.74,444.8,0,Dense Forest,1,Laterite,0.2199,0
24.20325,93.59998,24.57,674.0,1,Agriculture,4,Shale,0.474,0
28.99946,95.39719,43.74,1657.9,0,Dense Forest,0,Granite/Gneiss,0.249,0
27.51495,91.15418,34.6,1367.2,3,Urban,3,Colluvial,0.5529,1
24.04461,88.19025,28.95,420.9,4,Barren,3,Colluvial,0.5365,0
28.45813,94.20447,41.03,1751.4,0,Dense Forest,1,Laterite,0.297,0
25.61768,95.10255,39.68,772.9,0,Dense Forest,3,Colluvial,0.4327,0
26.25463,91.79307,41.9,1060.1,0,Dense Forest,0,Granite/Gneiss,0.224,0
26.09271,92.88378,34.75,1121.1,2,Degraded Forest,2,Alluvial,0.446,0
25.84474,90.63234,30.66,814.8,1,Agriculture,1,Laterite,0.3046,0
25.7792,93.95194,28.86,908.0,1,Agriculture,3,Colluvial,0.4351,0
22.57868,89.04492,22.89,117.6,0,Dense Forest,4,Shale,0.3441,0
29.29317,93.81005,48.09,2073.4,1,Agriculture,0,Granite/Gneiss,0.2906,0
26.61284,91.61977,31.98,1535.3,1,Agriculture,2,Alluvial,0.4333,0
26.89981,96.0897,37.56,1157.1,2,Degraded Forest,2,Alluvial,0.4471,0
23.77033,90.76886,17.32,1163.5,0,Dense Forest,1,Laterite,0.1993,0
26.53261,91.441,37.48,1045.5,2,Degraded Forest,2,Alluvial,0.5109,0
26.26898,90.46604,27.36,1088.4,1,Agriculture,4,Shale,0.5224,0
21.89935,88.96988,22.67,288.4,1,Agriculture,4,Shale,0.3986,0
24.36415,91.09569,23.21,861.9,1,Agriculture,0,Granite/Gneiss,0.2556,0
26.00044,93.3284,45.27,1048.8,2,Degraded Forest,3,Colluvial,0.6309,1
22.8582,93.30804,20.41,624.4,2,Degraded Forest,3,Colluvial,0.3918,0
24.30828,88.53575,27.43,971.6,3,Urban,4,Shale,0.61,1
28.32485,94.66794,29.4,1634.1,0,Dense Forest,0,Granite/Gneiss,0.2636,0
24.97289,92.19084,39.28,851.4,0,Dense Forest,3,Colluvial,0.5011,0
27.10071,91.92413,35.7,1238.1,0,Dense Forest,4,Shale,0.4354,0
27.22469,90.40003,50.38,1180.0,1,Agriculture,4,Shale,0.577,1
29.19833,94.47913,44.25,1672.0,0,Dense Forest,2,Alluvial,0.3958,0
26.28499,96.32207,31.23,1285.5,0,Dense Forest,1,Laterite,0.2487,0
26.73357,89.01971,30.53,1277.7,1,Agriculture,3,Colluvial,0.4299,0
23.55162,96.66489,27.83,512.8,2,Degraded Forest,1,Laterite,0.3528,0
25.43572,89.60419,33.93,871.3,3,Urban,2,Alluvial,0.4587,0
25.58341,91.10822,19.64,908.9,1,Agriculture,2,Alluvial,0.3913,0
24.70004,91.70044,22.45,811.0,1,Agriculture,1,Laterite,0.3573,0
27.30812,92.30895,42.56,1382.0,3,Urban,1,Laterite,0.4604,0
29.39073,93.08735,39.43,1875.2,1,Agriculture,0,Granite/Gneiss,0.2557,0
22.06371,89.685,10.58,137.9,3,Urban,1,Laterite,0.2459,0
26.73363,89.23955,36.2,1143.4,4,Barren,2,Alluvial,0.4967,0
26.15103,94.68695,33.14,1148.2,3,Urban,1,Laterite,0.3818,0
26.25845,92.40603,29.13,1300.6,1,Agriculture,3,Colluvial,0.4915,0
25.54978,92.88926,44.33,909.5,2,Degraded Forest,2,Alluvial,0.5424,0
26.97617,97.26953,34.34,854.7,2,Degraded Forest,3,Colluvial,0.5023,0
26.62762,97.37067,24.11,980.2,1,Agriculture,0,Granite/Gneiss,0.208,0
27.27171,95.52033,23.69,1613.5,3,Urban,3,Colluvial,0.4876,0
26.58321,88.19561,42.24,1442.5,1,Agriculture,4,Shale,0.5079,0
24.51447,92.90631,17.53,907.6,3,Urban,1,Laterite,0.3792,0
26.31105,93.86593,33.28,1285.0,0,Dense Forest,1,Laterite,0.2552,0
26.41886,88.9549,26.45,1410.3,0,Dense Forest,3,Colluvial,0.3551,0
24.19177,89.85705,24.28,637.0,2,Degraded Forest,3,Colluvial,0.4099,0
26.51427,91.06465,36.59,1256.0,1,Agriculture,0,Granite/Gneiss,0.3407,0
28.04674,94.4046,28.63,1418.7,0,Dense Forest,4,Shale,0.3371,0
25.00275,93.04254,24.49,853.1,1,Agriculture,2,Alluvial,0.3928,0
26.49748,91.89559,28.35,1603.7,0,Dense Forest,3,Colluvial,0.4231,0
24.71251,97.00277,19.32,657.5,2,Degraded Forest,1,Laterite,0.3014,0
25.09743,88.40474,25.49,676.4,1,Agriculture,1,Laterite,0.2054,0
28.64856,93.75749,36.82,1669.7,0,Dense Forest,0,Granite/Gneiss,0.2247,0
27.34593,94.47192,43.91,1335.4,1,Agriculture,1,Laterite,0.3483,0
25.20285,90.79902,23.16,986.3,0,Dense Forest,4,Shale,0.4589,0
26.40161,91.03074,36.99,1361.4,2,Degraded Forest,3,Colluvial,0.5538,1
27.49658,91.89805,40.81,1374.3,0,Dense Forest,3,Colluvial,0.4139,0
26.84302,92.13164,23.03,1723.5,3,Urban,4,Shale,0.583,1
25.60357,91.45049,26.34,1269.4,0,Dense Forest,0,Granite/Gneiss,0.3033,0
27.98815,89.9799,38.45,1407.1,1,Agriculture,1,Laterite,0.3975,0
24.09307,89.71732,26.85,667.6,2,Degraded Forest,4,Shale,0.5195,0
24.29733,91.86032,23.6,835.1,0,Dense Forest,2,Alluvial,0.3749,0
23.70209,91.66124,31.59,429.7,0,Dense Forest,3,Colluvial,0.3155,0
23.95331,91.07443,25.04,239.1,1,Agriculture,2,Alluvial,0.362,0
26.70422,91.60568,38.08,1656.8,0,Dense Forest,3,Colluvial,0.4656,0
22.78406,92.70034,15.08,167.5,1,Agriculture,2,Alluvial,0.2287,0
22.95218,91.36739,24.13,597.2,2,Degraded Forest,3,Colluvial,0.4439,0
25.85927,90.50491,46.84,1220.9,0,Dense Forest,4,Shale,0.5782,1
23.27417,93.02681,25.87,336.0,1,Agriculture,3,Colluvial,0.3475,0
25.06105,91.63164,37.18,1293.2,4,Barren,2,Alluvial,0.6656,1
23.92702,92.28004,21.77,659.0,3,Urban,1,Laterite,0.3624,0
24.2465,89.36903,32.69,745.5,0,Dense Forest,1,Laterite,0.2229,0
27.43602,93.65384,45.35,1128.0,0,Dense Forest,3,Colluvial,0.4752,0
26.9171,92.863,37.28,896.5,1,Agriculture,0,Granite/Gneiss,0.2037,0
25.85722,97.22023,30.74,1031.9,0,Dense Forest,4,Shale,0.4898,0
25.7145,97.06625,18.84,1307.7,0,Dense Forest,3,Colluvial,0.3468,0
29.36256,92.77076,44.23,1496.7,0,Dense Forest,4,Shale,0.4325,0
26.60614,97.26266,38.67,1278.0,0,Dense Forest,1,Laterite,0.3336,0
23.29105,93.35977,15.59,519.3,1,Agriculture,4,Shale,0.3899,0
24.26125,94.48022,15.19,969.5,1,Agriculture,3,Colluvial,0.2567,0
27.67044,92.32251,38.95,1691.6,0,Dense Forest,3,Colluvial,0.3565,0
25.57798,92.44571,32.14,1045.6,1,Agriculture,1,Laterite,0.4007,0
27.23741,88.82186,25.74,1372.2,1,Agriculture,2,Alluvial,0.2934,0
24.93265,89.5304,28.2,728.4,2,Degraded Forest,2,Alluvial,0.3696,0
25.3169,93.08467,31.63,729.7,4,Barren,1,Laterite,0.4969,0
22.54014,94.37355,29.47,208.8,4,Barren,1,Laterite,0.4228,0
24.55138,92.91706,22.63,565.2,1,Agriculture,4,Shale,0.4777,0
24.31867,89.52361,42.26,713.2,3,Urban,0,Granite/Gneiss,0.3543,0
27.94263,90.99058,39.59,1542.6,0,Dense Forest,1,Laterite,0.2714,0
25.16427,92.50749,19.13,869.5,1,Agriculture,1,Laterite,0.2638,0
25.56737,90.72621,27.61,1037.0,2,Degraded Forest,4,Shale,0.5936,1
26.73315,90.03552,25.72,1185.6,2,Degraded Forest,2,Alluvial,0.4039,0
25.03861,95.51592,26.93,1064.5,0,Dense Forest,1,Laterite,0.2368,0
23.52324,92.72521,26.33,601.0,0,Dense Forest,2,Alluvial,0.2853,0
23.21298,91.98861,23.57,388.6,1,Agriculture,3,Colluvial,0.3689,0
26.28217,90.64201,23.89,942.7,2,Degraded Forest,0,Granite/Gneiss,0.3186,0
29.27707,92.73111,34.13,1833.5,4,Barren,0,Granite/Gneiss,0.4223,0
23.83257,90.90292,27.1,853.1,0,Dense Forest,0,Granite/Gneiss,0.2139,0
28.68864,88.07249,47.11,1835.3,4,Barren,2,Alluvial,0.5936,1
26.34183,95.7809,29.25,1341.0,0,Dense Forest,2,Alluvial,0.2713,0
23.35664,91.40267,3.0,662.6,4,Barren,3,Colluvial,0.4711,0
28.0307,91.27925,30.22,1812.5,3,Urban,3,Colluvial,0.5188,0
28.00802,93.53109,47.3,1736.7,0,Dense Forest,1,Laterite,0.3411,0
22.23557,90.34777,11.85,295.3,0,Dense Forest,1,Laterite,0.0832,0
29.1982,90.51869,41.09,1750.7,0,Dense Forest,1,Laterite,0.3929,0
25.91111,92.84856,35.97,1267.7,4,Barren,0,Granite/Gneiss,0.4069,0
27.85989,93.27569,36.4,1047.2,1,Agriculture,1,Laterite,0.3571,0
24.09424,90.73236,35.91,937.2,2,Degraded Forest,3,Colluvial,0.4483,0
26.78751,91.9594,31.84,1427.7,0,Dense Forest,1,Laterite,0.2729,0
21.80873,90.11052,9.27,497.2,4,Barren,3,Colluvial,0.4642,0
28.43487,93.79432,50.46,1436.4,0,Dense Forest,2,Alluvial,0.4802,0
24.70103,91.7919,27.39,1052.6,0,Dense Forest,1,Laterite,0.294,0
24.10193,94.49712,16.13,818.1,1,Agriculture,2,Alluvial,0.2529,0
23.90187,94.35789,27.78,518.9,1,Agriculture,2,Alluvial,0.3312,0
25.93378,93.71974,29.27,1070.3,0,Dense Forest,4,Shale,0.5134,0
26.59724,92.79935,24.95,1205.6,2,Degraded Forest,3,Colluvial,0.4767,0
24.94953,88.05407,28.7,803.2,0,Dense Forest,2,Alluvial,0.3047,0
25.52719,92.77339,28.84,736.4,1,Agriculture,3,Colluvial,0.4393,0
26.76499,90.67727,21.24,1519.5,1,Agriculture,1,Laterite,0.3175,0
23.95454,95.10261,15.73,463.0,0,Dense Forest,3,Colluvial,0.2057,0
25.91536,90.55726,46.48,883.5,1,Agriculture,4,Shale,0.6586,1
25.09757,92.2006,29.14,1149.3,2,Degraded Forest,3,Colluvial,0.6025,1
26.72611,92.03205,45.37,995.3,0,Dense Forest,1,Laterite,0.4255,0
24.47769,88.55375,28.64,709.5,1,Agriculture,3,Colluvial,0.449,0
26.40846,89.97838,43.3,1005.5,2,Degraded Forest,4,Shale,0.591,1
24.7744,97.4717,31.73,1164.1,0,Dense Forest,0,Granite/Gneiss,0.2421,0
24.55408,89.43887,18.88,1015.9,2,Degraded Forest,2,Alluvial,0.4046,0
26.05641,91.45578,36.94,960.9,0,Dense Forest,1,Laterite,0.3106,0
27.38943,93.48024,29.46,1225.7,0,Dense Forest,1,Laterite,0.25,0
23.55077,94.43464,30.13,714.9,3,Urban,1,Laterite,0.2594,0
26.33006,94.32986,34.85,1273.4,0,Dense Forest,1,Laterite,0.2208,0
23.99421,91.31869,24.5,590.4,1,Agriculture,1,Laterite,0.3138,0
26.518,88.18773,30.31,1139.7,2,Degraded Forest,2,Alluvial,0.468,0
23.10696,91.41613,27.41,414.8,0,Dense Forest,3,Colluvial,0.3655,0
26.59347,88.03017,32.84,1426.4,1,Agriculture,0,Granite/Gneiss,0.2517,0
28.20808,91.76756,24.88,1923.5,4,Barren,4,Shale,0.5846,1
26.81847,94.96636,21.23,1661.2,2,Degraded Forest,1,Laterite,0.3376,0
29.46834,91.00571,34.73,1746.0,0,Dense Forest,3,Colluvial,0.3293,0
23.47455,89.22084,28.68,555.9,2,Degraded Forest,1,Laterite,0.3346,0
27.74153,94.44788,45.29,1773.0,0,Dense Forest,1,Laterite,0.3001,0
26.04008,91.33183,34.63,947.4,0,Dense Forest,2,Alluvial,0.4196,0
24.73898,90.02447,29.66,692.4,3,Urban,3,Colluvial,0.569,1
28.64258,92.41888,53.35,1866.5,0,Dense Forest,3,Colluvial,0.4822,0
27.98389,93.39508,42.06,1465.1,0,Dense Forest,3,Colluvial,0.4723,0
25.1778,92.37269,33.9,632.4,1,Agriculture,2,Alluvial,0.3699,0
23.91284,97.01102,23.96,477.5,4,Barren,0,Granite/Gneiss,0.3151,0
27.68981,93.58779,34.52,1690.8,0,Dense Forest,2,Alluvial,0.3745,0
21.86365,92.63039,14.12,231.6,0,Dense Forest,2,Alluvial,0.2127,0
24.04614,90.51161,40.95,360.4,1,Agriculture,1,Laterite,0.3253,0
27.47532,94.47359,28.71,1322.7,1,Agriculture,0,Granite/Gneiss,0.2602,0
25.6431,95.75001,33.05,1396.7,1,Agriculture,1,Laterite,0.3489,0
26.54189,92.64273,21.78,1220.5,4,Barren,1,Laterite,0.3876,0
26.96402,90.73771,30.61,1280.7,0,Dense Forest,2,Alluvial,0.3221,0
28.60989,89.38816,47.85,1701.4,0,Dense Forest,3,Colluvial,0.4789,0
29.10227,91.20229,29.03,1851.5,0,Dense Forest,2,Alluvial,0.3254,0
26.56398,89.93218,41.23,1161.2,2,Degraded Forest,4,Shale,0.6346,1
23.39904,93.44152,38.5,795.4,1,Agriculture,1,Laterite,0.309,0
24.99147,96.8232,31.01,791.4,3,Urban,1,Laterite,0.4453,0
24.02623,91.16415,34.57,867.2,4,Barren,3,Colluvial,0.6009,1
26.20675,91.5505,34.63,1523.5,0,Dense Forest,4,Shale,0.481,0
22.61353,89.07401,24.86,426.1,4,Barren,3,Colluvial,0.5026,0
25.01653,91.08255,31.82,681.7,0,Dense Forest,3,Colluvial,0.4526,0
26.79699,93.87623,30.78,1329.5,1,Agriculture,3,Colluvial,0.3846,0
24.8004,88.19911,22.58,729.8,3,Urban,3,Colluvial,0.4517,0
26.22598,91.36423,42.17,1343.0,2,Degraded Forest,3,Colluvial,0.5438,0
26.13305,97.47452,32.04,1183.9,3,Urban,4,Shale,0.6139,1
24.47571,89.35377,25.02,745.7,1,Agriculture,0,Granite/Gneiss,0.1962,0
25.65634,90.89035,29.29,833.5,4,Barren,4,Shale,0.5941,1
25.74069,89.38581,33.35,682.0,3,Urban,1,Laterite,0.4532,0
28.59444,96.30393,32.12,1533.9,1,Agriculture,4,Shale,0.4512,0
26.9352,89.45342,33.92,1453.1,4,Barren,1,Laterite,0.581,1
26.56046,94.12041,36.46,1475.2,4,Barren,2,Alluvial,0.5261,0
26.18276,96.17604,22.33,1091.6,1,Agriculture,4,Shale,0.4107,0
23.70986,91.09185,24.96,408.3,2,Degraded Forest,0,Granite/Gneiss,0.2557,0
24.63462,88.29111,19.57,843.2,3,Urban,3,Colluvial,0.3563,0
28.50063,95.63452,43.75,1812.8,3,Urban,1,Laterite,0.4966,0
25.49267,92.14645,47.24,1153.8,0,Dense Forest,0,Granite/Gneiss,0.3833,0
21.51839,96.52543,14.1,143.0,2,Degraded Forest,4,Shale,0.4457,0
28.82874,92.60908,33.85,2163.0,4,Barren,0,Granite/Gneiss,0.4395,0
28.16545,88.49968,41.89,1853.5,0,Dense Forest,3,Colluvial,0.4497,0
26.50171,90.99323,37.55,980.8,3,Urban,1,Laterite,0.4015,0
26.39754,91.10702,25.87,908.5,1,Agriculture,3,Colluvial,0.4525,0
25.66996,93.42756,16.89,812.2,0,Dense Forest,3,Colluvial,0.3264,0
25.52872,96.56485,22.64,1240.1,0,Dense Forest,3,Colluvial,0.3106,0
23.53575,93.59574,22.25,216.2,3,Urban,4,Shale,0.4705,0
28.00469,91.60767,35.75,1655.1,1,Agriculture,0,Granite/Gneiss,0.2923,0
24.76524,88.7529,35.86,800.7,1,Agriculture,3,Colluvial,0.4266,0
23.58419,88.1047,26.95,320.0,1,Agriculture,3,Colluvial,0.2938,0
24.12072,93.60443,25.64,739.4,1,Agriculture,1,Laterite,0.262,0
23.43917,94.5577,8.31,501.0,0,Dense Forest,2,Alluvial,0.1387,0
28.68897,90.60624,47.0,1878.9,2,Degraded Forest,3,Colluvial,0.608,1
26.83561,94.33409,50.84,975.1,2,Degraded Forest,3,Colluvial,0.5603,1
24.82761,91.02042,34.38,670.0,0,Dense Forest,1,Laterite,0.3119,0
22.0795,88.6335,11.91,55.7,1,Agriculture,0,Granite/Gneiss,0.1078,0
26.20366,89.46546,31.55,1290.7,2,Degraded Forest,0,Granite/Gneiss,0.3729,0
22.48759,92.9754,22.38,274.7,0,Dense Forest,1,Laterite,0.1859,0
26.82449,88.94492,46.06,1534.2,3,Urban,1,Laterite,0.4543,0
27.4504,89.1559,31.67,1359.1,1,Agriculture,2,Alluvial,0.3045,0
24.08564,93.08365,20.97,725.9,0,Dense Forest,2,Alluvial,0.3219,0
28.04775,96.97482,39.21,1870.1,1,Agriculture,4,Shale,0.4473,0
22.33482,96.26026,17.09,50.0,1,Agriculture,3,Colluvial,0.3081,0
26.30703,92.0297,39.37,1187.4,0,Dense Forest,1,Laterite,0.4381,0
26.37105,91.50528,35.36,1189.7,0,Dense Forest,0,Granite/Gneiss,0.1875,0
24.79495,92.00162,16.18,683.8,0,Dense Forest,3,Colluvial,0.3172,0
28.82195,96.04484,37.2,1714.7,1,Agriculture,3,Colluvial,0.4754,0
25.64079,88.18968,25.5,1094.1,1,Agriculture,3,Colluvial,0.3591,0
26.62258,90.84339,16.49,1103.3,3,Urban,3,Colluvial,0.4717,0
24.01537,90.75715,31.87,677.0,2,Degraded Forest,1,Laterite,0.3823,0
25.94988,90.89534,32.75,897.3,3,Urban,2,Alluvial,0.5462,0
27.21172,88.03911,32.09,1344.3,2,Degraded Forest,3,Colluvial,0.5238,0
22.92436,96.36338,27.56,606.2,1,Agriculture,1,Laterite,0.1927,0
24.93194,95.76402,30.28,1067.3,2,Degraded Forest,2,Alluvial,0.45,0
29.18976,91.40181,33.55,2064.8,1,Agriculture,0,Granite/Gneiss,0.3272,0
25.67173,94.86115,35.52,1018.3,1,Agriculture,2,Alluvial,0.4143,0
25.65271,94.5527,41.56,969.0,1,Agriculture,2,Alluvial,0.3688,0
26.14564,90.04777,31.3,1292.9,3,Urban,2,Alluvial,0.4487,0
26.14498,96.58879,31.88,1378.5,2,Degraded Forest,2,Alluvial,0.4286,0
25.79463,90.51645,31.97,1083.0,1,Agriculture,2,Alluvial,0.445,0
26.02683,89.62134,22.23,1421.0,0,Dense Forest,4,Shale,0.4671,0
23.379,90.55908,23.18,664.9,1,Agriculture,3,Colluvial,0.3529,0
25.10346,89.3721,21.38,796.6,0,Dense Forest,3,Colluvial,0.3564,0
26.49568,90.44714,33.68,1134.0,4,Barren,1,Laterite,0.5108,0
21.94719,90.90893,18.0,192.5,1,Agriculture,2,Alluvial,0.2301,0
28.03786,94.08646,43.76,1256.9,0,Dense Forest,0,Granite/Gneiss,0.2306,0
28.64679,90.5398,46.34,1597.3,0,Dense Forest,0,Granite/Gneiss,0.2087,0
28.68723,88.12713,34.53,1945.3,0,Dense Forest,1,Laterite,0.2441,0
26.96847,91.79749,37.01,1599.4,0,Dense Forest,2,Alluvial,0.3496,0
25.66608,97.2832,38.27,1094.6,3,Urban,2,Alluvial,0.5102,0
21.59044,90.96207,6.11,211.2,3,Urban,4,Shale,0.5118,0
24.04725,93.56201,38.51,611.1,4,Barren,3,Colluvial,0.6252,1
23.7793,90.76676,15.77,484.8,2,Degraded Forest,1,Laterite,0.2175,0
25.16986,91.6463,41.78,1039.8,2,Degraded Forest,3,Colluvial,0.5978,1
24.75501,89.67744,19.57,744.4,4,Barren,2,Alluvial,0.5056,0
25.52267,92.34446,29.64,1343.2,4,Barren,3,Colluvial,0.6222,1
22.67155,91.62964,17.85,445.3,3,Urban,2,Alluvial,0.4269,0
25.61546,89.31943,19.5,1115.0,3,Urban,0,Granite/Gneiss,0.3202,0
24.11251,91.08808,30.38,475.9,2,Degraded Forest,3,Colluvial,0.4758,0
25.74004,96.02968,36.9,590.3,0,Dense Forest,2,Alluvial,0.2396,0
28.93876,92.87362,47.85,1862.7,1,Agriculture,4,Shale,0.6294,1
25.57442,94.96124,28.29,917.4,2,Degraded Forest,1,Laterite,0.3527,0
25.5457,93.2815,24.56,1207.1,1,Agriculture,3,Colluvial,0.4569,0
26.27617,91.67044,41.7,992.1,3,Urban,2,Alluvial,0.6723,1
26.7945,93.95288,36.56,1185.0,3,Urban,1,Laterite,0.393,0
27.29988,90.08195,30.7,1628.9,2,Degraded Forest,3,Colluvial,0.5494,0
27.46158,91.2222,39.07,1528.7,0,Dense Forest,3,Colluvial,0.4223,0
26.55683,88.84742,20.57,1037.5,1,Agriculture,3,Colluvial,0.3762,0
25.14936,90.74317,29.55,927.9,0,Dense Forest,0,Granite/Gneiss,0.2556,0
28.37218,94.20622,46.02,2027.0,1,Agriculture,1,Laterite,0.4313,0
26.56536,91.06118,32.56,1268.4,2,Degraded Forest,0,Granite/Gneiss,0.3032,0
24.62459,92.40852,32.4,773.4,0,Dense Forest,1,Laterite,0.4021,0
26.54423,90.93188,40.42,1414.0,0,Dense Forest,3,Colluvial,0.4191,0
23.9585,90.33465,26.42,723.6,1,Agriculture,2,Alluvial,0.3279,0
27.74413,91.85789,52.56,1793.7,3,Urban,3,Colluvial,0.7267,1
27.71805,93.07783,49.15,1650.1,0,Dense Forest,2,Alluvial,0.4639,0
25.59601,91.31904,35.38,1202.9,3,Urban,2,Alluvial,0.5564,1
28.99061,93.52996,45.93,2083.8,1,Agriculture,2,Alluvial,0.489,0
22.62188,90.8324,17.16,292.6,0,Dense Forest,1,Laterite,0.1017,0
25.73472,92.24011,25.7,933.1,2,Degraded Forest,2,Alluvial,0.4223,0
26.39895,97.19185,39.75,933.1,4,Barren,0,Granite/Gneiss,0.4018,0
26.74283,96.15309,33.07,1237.5,1,Agriculture,3,Colluvial,0.4876,0
26.05876,88.71381,23.98,864.0,2,Degraded Forest,4,Shale,0.4079,0
26.83884,95.62512,28.6,1374.3,3,Urban,3,Colluvial,0.5481,0
28.70548,90.8856,36.66,1598.5,3,Urban,2,Alluvial,0.4827,0
27.6764,94.4585,52.19,1682.2,0,Dense Forest,2,Alluvial,0.4556,0
25.72571,94.56432,37.63,1206.5,2,Degraded Forest,2,Alluvial,0.475,0
29.05174,91.10524,43.59,1721.2,4,Barren,1,Laterite,0.5241,0
24.74717,94.35311,30.49,1025.9,2,Degraded Forest,1,Laterite,0.3196,0
26.64086,91.95955,38.52,1286.5,3,Urban,4,Shale,0.6354,1
21.68241,93.29015,8.74,50.0,1,Agriculture,0,Granite/Gneiss,0.0666,0
26.6254,95.08298,24.88,1055.5,1,Agriculture,2,Alluvial,0.2574,0
26.23849,93.37899,41.18,1021.3,2,Degraded Forest,4,Shale,0.612,1
28.19338,92.98768,29.3,1608.1,1,Agriculture,2,Alluvial,0.334,0
27.78426,89.32359,38.43,1428.1,3,Urban,3,Colluvial,0.5465,0
26.55381,90.93238,28.18,1131.3,4,Barren,3,Colluvial,0.583,1
22.35508,95.11577,19.97,408.6,3,Urban,2,Alluvial,0.4033,0
24.85294,95.22501,25.55,1011.8,4,Barren,3,Colluvial,0.5881,1
26.41248,94.88755,37.69,1081.6,1,Agriculture,1,Laterite,0.3826,0
26.24132,93.50506,14.29,996.8,3,Urban,3,Colluvial,0.4717,0
25.74866,97.2818,39.9,1308.8,1,Agriculture,0,Granite/Gneiss,0.2643,0
22.01588,96.40137,22.82,761.3,0,Dense Forest,1,Laterite,0.1348,0
25.01233,89.42835,36.26,701.9,2,Degraded Forest,3,Colluvial,0.6024,1
23.93651,89.17793,31.31,826.4,1,Agriculture,2,Alluvial,0.4242,0
27.76608,93.55612,41.01,1482.1,4,Barren,3,Colluvial,0.6665,1
25.79079,92.93546,25.96,1200.6,1,Agriculture,1,Laterite,0.3548,0
23.6772,90.78057,26.67,399.3,4,Barren,3,Colluvial,0.527,0
27.83843,93.0813,41.09,1275.8,0,Dense Forest,0,Granite/Gneiss,0.2424,0
24.18363,96.05522,32.08,479.3,3,Urban,4,Shale,0.5993,1
22.75512,90.58003,24.68,269.6,3,Urban,2,Alluvial,0.3196,0
26.59376,95.3919,34.86,1199.2,2,Degraded Forest,1,Laterite,0.34,0
24.25957,94.03013,28.81,909.9,1,Agriculture,3,Colluvial,0.413,0
21.61512,94.65173,19.61,50.0,3,Urban,4,Shale,0.4073,0
29.04326,93.66574,51.99,1669.7,1,Agriculture,4,Shale,0.544,0
26.03141,97.40658,45.88,1535.7,2,Degraded Forest,1,Laterite,0.4041,0
26.79837,95.00898,39.65,1302.8,2,Degraded Forest,3,Colluvial,0.5214,0
26.24072,95.03612,36.99,1223.7,0,Dense Forest,2,Alluvial,0.4016,0
28.8677,88.31086,40.84,1906.8,0,Dense Forest,3,Colluvial,0.4245,0
26.14579,92.39038,29.68,1040.5,1,Agriculture,2,Alluvial,0.4812,0
25.74204,92.49103,25.1,1050.8,4,Barren,2,Alluvial,0.5195,0
26.22838,90.56157,7.13,1099.4,1,Agriculture,4,Shale,0.3985,0
23.75903,96.46987,16.76,591.7,3,Urban,4,Shale,0.429,0
25.08962,94.62709,27.08,1076.3,2,Degraded Forest,3,Colluvial,0.4385,0
24.88455,91.11086,25.24,996.5,4,Barren,3,Colluvial,0.5404,0
25.75606,94.76996,34.61,601.2,1,Agriculture,3,Colluvial,0.5605,1
24.3017,90.18408,19.07,930.0,0,Dense Forest,0,Granite/Gneiss,0.1038,0
22.88079,90.60981,14.1,341.5,3,Urban,3,Colluvial,0.422,0
29.03936,90.70965,26.36,1875.3,2,Degraded Forest,3,Colluvial,0.4489,0
22.84427,90.93005,23.81,320.9,1,Agriculture,1,Laterite,0.2221,0
28.35074,94.10625,33.59,1631.1,1,Agriculture,3,Colluvial,0.4434,0
23.86895,95.03482,18.16,896.1,0,Dense Forest,3,Colluvial,0.3333,0
29.29802,90.33212,48.76,1921.8,1,Agriculture,4,Shale,0.6159,1
22.51522,91.67842,11.75,581.3,2,Degraded Forest,2,Alluvial,0.2991,0
28.50236,89.60888,44.3,1665.3,2,Degraded Forest,2,Alluvial,0.5126,0
26.86418,94.45579,25.46,1276.0,1,Agriculture,4,Shale,0.4748,0
24.12262,93.62963,24.67,692.5,1,Agriculture,1,Laterite,0.2128,0
23.93843,88.87559,19.27,394.8,0,Dense Forest,3,Colluvial,0.2772,0
26.99577,92.68666,33.48,798.3,2,Degraded Forest,4,Shale,0.5759,1
29.33139,88.36322,56.46,1705.9,2,Degraded Forest,3,Colluvial,0.591,1
29.23922,89.74928,30.91,2046.8,0,Dense Forest,4,Shale,0.4736,0
27.27011,91.19036,48.02,1682.4,0,Dense Forest,2,Alluvial,0.4662,0
27.62493,91.03412,30.62,1077.6,0,Dense Forest,1,Laterite,0.2157,0
25.62027,92.65737,37.4,1284.4,4,Barren,1,Laterite,0.5951,1
27.17047,91.14965,44.8,1257.4,2,Degraded Forest,3,Colluvial,0.5524,1
28.96843,93.86549,46.45,1495.1,1,Agriculture,0,Granite/Gneiss,0.3224,0
25.184,92.45216,19.07,1140.7,1,Agriculture,3,Colluvial,0.4761,0
28.2406,97.24409,42.46,1515.5,4,Barren,1,Laterite,0.5361,0
23.06731,93.81119,41.35,975.8,2,Degraded Forest,4,Shale,0.4699,0
27.89149,90.9281,39.06,1403.4,0,Dense Forest,1,Laterite,0.2209,0
23.0111,92.38554,19.86,384.7,1,Agriculture,2,Alluvial,0.2996,0
27.95696,93.18578,37.64,1357.5,3,Urban,3,Colluvial,0.5536,1
24.39061,92.89168,29.96,780.4,1,Agriculture,3,Colluvial,0.3813,0
26.96551,91.73511,34.8,1489.2,1,Agriculture,2,Alluvial,0.3837,0
25.79539,92.02531,33.38,720.4,4,Barren,4,Shale,0.6452,1
21.84675,95.35589,13.96,309.2,4,Barren,2,Alluvial,0.3852,0
25.92856,93.97083,23.32,1014.7,4,Barren,1,Laterite,0.4712,0
28.83731,92.26914,61.09,1578.7,0,Dense Forest,2,Alluvial,0.4431,0
28.93809,91.63293,42.12,1493.3,0,Dense Forest,3,Colluvial,0.4448,0
27.67908,91.24494,63.76,1686.0,1,Agriculture,2,Alluvial,0.5401,0
22.79927,91.71901,23.27,449.7,3,Urban,3,Colluvial,0.5223,0
26.94612,88.36129,40.22,1209.0,2,Degraded Forest,2,Alluvial,0.5054,0
25.72319,90.15252,28.36,1206.1,3,Urban,0,Granite/Gneiss,0.3045,0
22.74417,92.19807,14.92,485.9,4,Barren,1,Laterite,0.3337,0
24.365,95.662,23.45,918.2,3,Urban,4,Shale,0.499,0
22.99298,91.29709,13.94,764.0,0,Dense Forest,3,Colluvial,0.2499,0
25.71428,91.4297,23.41,1091.7,0,Dense Forest,1,Laterite,0.3229,0
28.67219,91.50715,56.17,2100.2,1,Agriculture,0,Granite/Gneiss,0.3973,0
21.63872,89.59375,21.92,416.7,1,Agriculture,1,Laterite,0.2518,0
25.60766,88.31796,42.39,1180.9,0,Dense Forest,3,Colluvial,0.3395,0
25.43698,97.34295,38.76,647.6,3,Urban,0,Granite/Gneiss,0.3889,0
27.57869,91.54852,32.98,1489.7,0,Dense Forest,2,Alluvial,0.3504,0
27.38446,92.74776,24.75,1473.3,2,Degraded Forest,1,Laterite,0.394,0
28.58854,91.60903,37.9,1738.0,3,Urban,3,Colluvial,0.5478,0
22.72683,90.02608,20.34,354.1,0,Dense Forest,0,Granite/Gneiss,0.1431,0
25.71321,96.9934,39.95,1177.2,0,Dense Forest,1,Laterite,0.2999,0
26.93407,95.25112,34.94,1478.5,0,Dense Forest,3,Colluvial,0.4044,0
24.21847,95.6461,48.93,377.2,0,Dense Forest,2,Alluvial,0.3507,0
25.24685,91.93219,25.59,1214.0,2,Degraded Forest,3,Colluvial,0.5363,0
22.3803,95.0021,23.03,50.0,2,Degraded Forest,1,Laterite,0.225,0
22.61086,94.02799,14.38,268.8,2,Degraded Forest,2,Alluvial,0.2749,0
25.35114,95.11805,32.69,789.0,1,Agriculture,1,Laterite,0.2699,0
26.96007,89.51238,34.47,1184.2,1,Agriculture,3,Colluvial,0.4318,0
29.38016,91.94492,42.56,2090.3,2,Degraded Forest,0,Granite/Gneiss,0.3626,0
25.56585,93.30595,25.3,1039.1,0,Dense Forest,0,Granite/Gneiss,0.191,0
26.07631,90.32702,33.34,1266.2,0,Dense Forest,1,Laterite,0.3035,0
27.10775,96.85175,42.72,1488.1,3,Urban,2,Alluvial,0.5245,0
28.41651,89.07181,33.14,1273.2,1,Agriculture,2,Alluvial,0.3738,0
24.26388,91.88523,24.98,610.3,3,Urban,2,Alluvial,0.4622,0
23.09159,88.97517,24.91,607.8,0,Dense Forest,2,Alluvial,0.2456,0
29.33188,93.50151,49.83,1993.5,0,Dense Forest,0,Granite/Gneiss,0.3207,0
22.56518,90.5299,33.9,50.0,1,Agriculture,1,Laterite,0.3194,0
26.59059,95.01591,38.72,1451.4,3,Urban,0,Granite/Gneiss,0.368,0
22.77019,92.7221,16.56,509.0,3,Urban,0,Granite/Gneiss,0.2161,0
28.49357,93.75637,36.68,1481.0,0,Dense Forest,0,Granite/Gneiss,0.2346,0
26.46873,88.88783,28.99,1299.7,4,Barren,1,Laterite,0.448,0
25.41915,90.60226,24.61,936.0,1,Agriculture,3,Colluvial,0.4119,0
25.89035,97.36472,33.19,1186.2,0,Dense Forest,3,Colluvial,0.3491,0
25.67114,94.12958,34.01,678.5,0,Dense Forest,2,Alluvial,0.3011,0
26.34311,89.79484,39.76,1119.2,1,Agriculture,3,Colluvial,0.4421,0
25.48497,92.35856,35.26,1232.8,1,Agriculture,4,Shale,0.6095,1
25.80647,92.01759,41.12,1176.7,0,Dense Forest,2,Alluvial,0.4729,0
27.33067,95.61352,31.51,1570.2,4,Barren,1,Laterite,0.4265,0
23.97509,95.9799,37.37,610.2,2,Degraded Forest,4,Shale,0.4894,0
24.66608,91.76846,21.84,925.2,3,Urban,3,Colluvial,0.5513,1
27.58435,94.83809,40.6,1436.4,2,Degraded Forest,3,Colluvial,0.5271,0
29.45314,93.70294,43.27,1704.5,2,Degraded Forest,2,Alluvial,0.5774,1
26.41455,93.40811,33.24,1155.3,1,Agriculture,2,Alluvial,0.4185,0
26.40441,91.03109,38.77,1494.3,2,Degraded Forest,2,Alluvial,0.4589,0
26.00581,94.49557,20.39,1340.3,4,Barren,3,Colluvial,0.4924,0
22.27347,95.05967,11.25,75.6,2,Degraded Forest,1,Laterite,0.2179,0
23.44356,96.11351,28.28,453.8,1,Agriculture,3,Colluvial,0.3774,0
27.35639,88.84428,36.94,1232.8,0,Dense Forest,4,Shale,0.4594,0
25.83798,91.27426,29.21,1111.9,4,Barren,2,Alluvial,0.5793,1
26.65135,93.87274,25.35,1458.5,0,Dense Forest,1,Laterite,0.267,0
23.49944,91.23724,20.5,956.2,3,Urban,3,Colluvial,0.5499,0
22.43732,91.51801,23.96,50.0,1,Agriculture,1,Laterite,0.2737,0
27.30091,93.29591,32.25,1576.9,1,Agriculture,4,Shale,0.4667,0
24.13058,94.38173,35.78,690.3,2,Degraded Forest,3,Colluvial,0.4624,0
22.57421,95.81629,27.64,268.3,0,Dense Forest,0,Granite/Gneiss,0.0383,0
27.74089,93.34739,35.6,1317.1,1,Agriculture,2,Alluvial,0.3943,0
24.49778,93.11854,21.49,1130.5,0,Dense Forest,3,Colluvial,0.3407,0
28.64526,88.10127,19.68,1381.9,2,Degraded Forest,1,Laterite,0.2915,0
26.80913,89.47459,26.29,1196.6,0,Dense Forest,0,Granite/Gneiss,0.1334,0
29.199,93.20486,34.76,1905.7,0,Dense Forest,2,Alluvial,0.3157,0
28.17935,92.82948,28.6,1693.5,3,Urban,3,Colluvial,0.4626,0
21.85402,91.5922,16.04,429.0,1,Agriculture,1,Laterite,0.179,0
28.64923,89.47368,44.31,1532.4,0,Dense Forest,3,Colluvial,0.4701,0
22.54902,90.01027,33.45,460.9,2,Degraded Forest,2,Alluvial,0.3675,0
27.09953,90.5224,36.53,1347.3,1,Agriculture,0,Granite/Gneiss,0.3041,0
26.92724,91.31572,19.08,1329.2,1,Agriculture,1,Laterite,0.2354,0
25.9597,92.28133,25.74,1011.5,4,Barren,1,Laterite,0.4844,0
27.25859,96.48432,41.48,1428.1,2,Degraded Forest,4,Shale,0.6462,1
28.49328,94.47597,40.57,1645.0,0,Dense Forest,4,Shale,0.4752,0
22.77486,95.71279,26.64,315.6,2,Degraded Forest,1,Laterite,0.3005,0
27.17789,92.41421,32.18,1272.5,0,Dense Forest,2,Alluvial,0.3399,0
21.73764,90.20999,25.11,228.0,0,Dense Forest,4,Shale,0.3792,0
26.42518,90.56157,35.44,942.0,4,Barren,2,Alluvial,0.5794,1
25.77634,91.28333,33.21,1023.7,1,Agriculture,1,Laterite,0.3941,0
24.0947,89.80895,25.93,530.3,3,Urban,0,Granite/Gneiss,0.2613,0
26.21138,91.18175,26.55,1135.5,0,Dense Forest,3,Colluvial,0.3889,0
26.03554,93.9735,31.55,1098.5,0,Dense Forest,2,Alluvial,0.3493,0
22.52798,91.41832,21.21,504.7,1,Agriculture,3,Colluvial,0.3755,0
21.97528,96.52271,5.58,338.7,1,Agriculture,2,Alluvial,0.1681,0
26.94509,96.65317,36.06,1383.5,2,Degraded Forest,1,Laterite,0.4143,0
23.6707,92.47041,32.86,623.0,2,Degraded Forest,1,Laterite,0.3372,0
25.4688,89.85195,33.35,954.8,2,Degraded Forest,4,Shale,0.5899,1
26.09675,89.72876,43.18,1092.4,2,Degraded Forest,4,Shale,0.6245,1
25.78281,90.29275,34.32,714.1,2,Degraded Forest,3,Colluvial,0.4866,0
22.48884,91.90061,11.53,469.2,3,Urban,0,Granite/Gneiss,0.1984,0
25.11569,91.98701,34.88,966.8,1,Agriculture,2,Alluvial,0.3824,0
24.46101,88.42736,16.98,1006.3,3,Urban,2,Alluvial,0.3674,0
26.21527,91.14369,31.01,1050.0,1,Agriculture,2,Alluvial,0.4612,0
24.60409,95.61991,24.43,1050.5,2,Degraded Forest,4,Shale,0.4181,0
27.79236,93.95458,33.17,1477.4,3,Urban,0,Granite/Gneiss,0.3179,0
26.96129,94.04944,54.51,1214.2,0,Dense Forest,3,Colluvial,0.4761,0
27.47469,92.41809,36.82,1753.4,1,Agriculture,1,Laterite,0.2647,0
26.58517,95.55195,48.55,1316.9,4,Barren,2,Alluvial,0.5197,0
27.82539,94.93073,41.47,1857.4,1,Agriculture,3,Colluvial,0.5766,1
23.00174,91.71222,14.06,472.0,3,Urban,2,Alluvial,0.376,0
25.86231,89.15535,28.08,1243.0,0,Dense Forest,0,Granite/Gneiss,0.2246,0
26.26059,92.49583,32.54,1376.9,2,Degraded Forest,2,Alluvial,0.4877,0
22.92919,91.84421,17.63,365.3,3,Urban,4,Shale,0.514,0
29.05999,89.32688,41.16,1870.2,1,Agriculture,2,Alluvial,0.4175,0
26.43099,89.70925,38.08,1240.3,1,Agriculture,0,Granite/Gneiss,0.3296,0
28.82718,94.1281,45.4,1915.1,0,Dense Forest,3,Colluvial,0.5232,0
26.11444,95.29965,37.82,925.2,0,Dense Forest,1,Laterite,0.2446,0
24.78165,92.09916,39.52,958.6,1,Agriculture,1,Laterite,0.4026,0
26.50931,88.72823,30.01,1411.2,3,Urban,2,Alluvial,0.4402,0
27.12656,91.44865,45.01,1229.4,4,Barren,1,Laterite,0.5307,0
26.77216,91.48362,45.92,1109.9,2,Degraded Forest,2,Alluvial,0.5417,0
23.69335,91.42499,33.58,261.8,3,Urban,3,Colluvial,0.5196,0
27.74517,89.88859,24.34,1920.9,2,Degraded Forest,1,Laterite,0.2665,0
26.37243,91.30289,47.65,1050.0,2,Degraded Forest,2,Alluvial,0.5783,1
24.82368,93.4396,22.37,1131.4,3,Urban,0,Granite/Gneiss,0.2963,0
21.87313,97.15341,3.0,142.4,1,Agriculture,2,Alluvial,0.1944,0
25.75124,91.57764,45.13,1276.2,1,Agriculture,0,Granite/Gneiss,0.4154,0
28.6846,92.23665,46.05,1832.7,0,Dense Forest,1,Laterite,0.3245,0
23.11367,92.44806,25.49,883.5,3,Urban,1,Laterite,0.3262,0
26.76768,88.11879,32.1,1574.4,0,Dense Forest,0,Granite/Gneiss,0.1815,0
28.67773,92.22535,43.37,1757.6,0,Dense Forest,1,Laterite,0.3894,0
25.28534,94.19513,28.08,1013.7,1,Agriculture,2,Alluvial,0.318,0
26.01783,88.08359,26.95,1252.3,4,Barren,2,Alluvial,0.4461,0
27.63043,92.60437,38.17,2015.6,3,Urban,1,Laterite,0.4706,0
23.28229,90.07011,22.59,514.6,1,Agriculture,1,Laterite,0.2258,0
25.93387,92.0003,21.05,839.1,2,Degraded Forest,3,Colluvial,0.4694,0
28.03379,92.3515,39.95,1619.0,4,Barren,3,Colluvial,0.5941,1
25.66727,90.79979,16.33,909.5,1,Agriculture,2,Alluvial,0.3472,0
25.60935,94.22689,45.77,1066.9,1,Agriculture,4,Shale,0.5643,1
28.52527,95.39459,40.52,1910.9,2,Degraded Forest,4,Shale,0.6569,1
27.00149,95.01736,27.06,1438.7,1,Agriculture,0,Granite/Gneiss,0.1852,0
27.74974,93.98162,42.54,1387.6,4,Barren,1,Laterite,0.4903,0
25.22872,92.66278,23.01,898.4,3,Urban,4,Shale,0.6607,1
24.33231,94.27185,25.39,524.0,2,Degraded Forest,0,Granite/Gneiss,0.2209,0
22.98224,92.67407,24.2,688.6,2,Degraded Forest,2,Alluvial,0.3307,0
27.77117,93.3727,30.38,1675.1,4,Barren,4,Shale,0.6642,1
27.36505,91.12531,52.59,1202.0,0,Dense Forest,3,Colluvial,0.4954,0
26.96596,91.74326,51.86,1834.0,0,Dense Forest,0,Granite/Gneiss,0.3209,0
26.00281,92.25944,27.68,1069.7,0,Dense Forest,3,Colluvial,0.4225,0
22.2702,90.83941,8.9,332.4,2,Degraded Forest,1,Laterite,0.2218,0
29.15361,90.9155,39.46,1754.6,3,Urban,4,Shale,0.6492,1
27.05234,92.70139,32.01,1433.3,2,Degraded Forest,1,Laterite,0.3964,0
26.85966,92.62089,43.98,1324.7,2,Degraded Forest,2,Alluvial,0.4925,0
23.87105,93.84053,19.79,354.0,1,Agriculture,3,Colluvial,0.3032,0
27.48865,90.90919,28.16,1682.1,0,Dense Forest,1,Laterite,0.2759,0
26.62677,95.53188,35.04,1087.9,0,Dense Forest,1,Laterite,0.2504,0
24.68588,88.17188,15.02,1000.2,2,Degraded Forest,0,Granite/Gneiss,0.185,0
27.34325,90.71296,45.46,1368.4,3,Urban,2,Alluvial,0.5746,1
26.69436,88.16949,39.28,1281.4,3,Urban,4,Shale,0.6939,1
24.15407,92.37694,20.15,793.6,0,Dense Forest,1,Laterite,0.1538,0
22.7317,94.47973,15.69,404.6,0,Dense Forest,0,Granite/Gneiss,0.0643,0
26.50353,88.2806,35.75,1374.6,3,Urban,3,Colluvial,0.5481,0
28.1921,97.22712,31.27,1464.1,0,Dense Forest,0,Granite/Gneiss,0.1957,0
26.3927,92.5843,27.04,1408.2,1,Agriculture,2,Alluvial,0.381,0
24.96318,94.83083,26.18,673.1,0,Dense Forest,1,Laterite,0.2058,0
28.87241,96.49892,32.1,1576.2,2,Degraded Forest,2,Alluvial,0.439,0
22.5462,94.58934,15.29,451.2,1,Agriculture,1,Laterite,0.1809,0
25.33878,96.81841,20.81,1173.6,0,Dense Forest,0,Granite/Gneiss,0.1073,0
26.83428,92.17546,46.41,1357.0,2,Degraded Forest,3,Colluvial,0.5587,1
27.12305,96.67389,32.86,1663.6,1,Agriculture,1,Laterite,0.3718,0
24.83617,90.50048,19.94,683.9,0,Dense Forest,3,Colluvial,0.4369,0
26.82384,93.26222,40.36,1064.8,2,Degraded Forest,3,Colluvial,0.5149,0
29.19938,88.25133,38.84,2000.0,3,Urban,1,Laterite,0.4477,0
29.29412,96.38289,35.41,1878.1,0,Dense Forest,4,Shale,0.492,0
29.24489,90.77177,51.14,2003.8,0,Dense Forest,1,Laterite,0.3783,0
28.91465,96.60559,40.22,1562.7,0,Dense Forest,3,Colluvial,0.4217,0
27.15362,93.14251,42.93,1283.4,1,Agriculture,2,Alluvial,0.38,0
28.20951,96.83564,40.04,1958.2,3,Urban,1,Laterite,0.4325,0
26.03672,91.21889,33.05,1080.6,0,Dense Forest,4,Shale,0.537,0
25.25595,93.14609,33.59,1230.4,1,Agriculture,4,Shale,0.5433,0
26.91667,92.20922,30.23,1474.1,0,Dense Forest,2,Alluvial,0.4154,0
26.5991,89.47317,27.64,1190.2,1,Agriculture,2,Alluvial,0.428,0
25.93507,91.17818,41.25,1380.2,0,Dense Forest,4,Shale,0.5288,0
26.02214,91.77275,36.59,1182.8,4,Barren,2,Alluvial,0.6636,1
25.61845,90.59594,29.9,1029.4,2,Degraded Forest,1,Laterite,0.3969,0
26.96779,96.53823,41.87,1314.3,1,Agriculture,2,Alluvial,0.4209,0
27.93364,91.90817,43.45,1635.3,3,Urban,3,Colluvial,0.6276,1
24.83007,92.92785,35.03,623.6,0,Dense Forest,4,Shale,0.5335,0
28.48842,88.16688,32.06,1852.2,0,Dense Forest,4,Shale,0.4297,0
27.5652,96.27932,37.23,1553.0,4,Barren,1,Laterite,0.5747,1
23.85937,97.41366,32.89,516.6,1,Agriculture,3,Colluvial,0.4161,0
21.77274,92.47867,29.44,50.0,4,Barren,0,Granite/Gneiss,0.2552,0
26.81111,94.0064,30.63,1244.9,2,Degraded Forest,3,Colluvial,0.4661,0
25.51329,89.01228,31.32,1053.0,4,Barren,2,Alluvial,0.6034,1
25.89824,91.50646,31.65,1120.8,3,Urban,1,Laterite,0.4533,0
22.9267,88.97773,10.4,451.0,0,Dense Forest,3,Colluvial,0.3311,0
22.65095,90.65979,17.02,493.7,3,Urban,0,Granite/Gneiss,0.2434,0
22.17599,93.47285,4.91,50.0,0,Dense Forest,1,Laterite,0.0723,0
29.34632,97.10349,43.09,1852.3,2,Degraded Forest,2,Alluvial,0.4475,0
26.98923,90.83439,27.28,1394.6,1,Agriculture,3,Colluvial,0.4508,0
24.04652,94.74965,25.91,765.1,2,Degraded Forest,1,Laterite,0.2943,0
28.12935,91.25141,37.38,1771.4,3,Urban,0,Granite/Gneiss,0.3837,0
23.18366,95.49273,18.71,438.1,3,Urban,1,Laterite,0.2972,0
23.72384,89.41611,35.77,611.0,3,Urban,3,Colluvial,0.5643,1
23.28965,93.58709,22.28,354.4,3,Urban,0,Granite/Gneiss,0.2554,0
26.48198,93.11671,48.71,1298.6,1,Agriculture,3,Colluvial,0.4414,0
26.33518,93.04798,36.7,1013.8,3,Urban,4,Shale,0.6069,1
27.59231,89.33718,44.37,1585.5,2,Degraded Forest,2,Alluvial,0.4359,0
21.86376,91.69526,9.41,418.1,3,Urban,3,Colluvial,0.4421,0
24.96445,97.24464,22.44,973.2,4,Barren,2,Alluvial,0.4789,0
25.88469,96.69163,31.58,1343.2,0,Dense Forest,1,Laterite,0.2534,0
26.73569,95.47155,44.34,1187.3,1,Agriculture,1,Laterite,0.3539,0
25.40362,93.74702,26.73,738.6,3,Urban,2,Alluvial,0.397,0
26.95962,89.82944,24.02,1296.1,0,Dense Forest,4,Shale,0.4004,0
22.18213,90.37648,20.74,130.7,1,Agriculture,4,Shale,0.4313,0
26.00292,92.63009,32.4,1014.5,3,Urban,4,Shale,0.6775,1
22.27221,90.30049,13.49,50.0,0,Dense Forest,4,Shale,0.321,0
22.85513,88.18068,17.1,440.0,4,Barren,1,Laterite,0.2918,0
26.6834,90.8653,27.47,1270.6,4,Barren,0,Granite/Gneiss,0.3685,0
23.39777,91.34717,29.51,695.6,1,Agriculture,2,Alluvial,0.3621,0
26.87182,91.51066,35.33,1419.3,3,Urban,3,Colluvial,0.5308,0
22.35087,91.3341,20.11,256.4,0,Dense Forest,2,Alluvial,0.2489,0
25.71389,92.83124,26.03,1230.7,3,Urban,4,Shale,0.5702,1
26.06299,93.85612,42.8,1304.0,1,Agriculture,3,Colluvial,0.4612,0
23.74933,92.92084,25.2,508.7,3,Urban,3,Colluvial,0.4334,0
29.42788,97.28995,27.6,1923.0,0,Dense Forest,0,Granite/Gneiss,0.1685,0
23.62028,94.49122,26.63,879.2,2,Degraded Forest,1,Laterite,0.2531,0
25.91206,96.68022,29.43,1158.0,3,Urban,2,Alluvial,0.4273,0
25.60651,95.76205,29.09,859.5,0,Dense Forest,4,Shale,0.3749,0
27.74494,88.39978,46.37,1280.6,3,Urban,1,Laterite,0.4471,0
25.87645,91.66639,32.12,790.4,4,Barren,3,Colluvial,0.6717,1
25.59271,96.77245,44.05,611.3,2,Degraded Forest,4,Shale,0.577,1
26.1414,92.56038,33.25,1047.5,3,Urban,1,Laterite,0.4848,0
26.1168,90.91665,28.58,1103.9,1,Agriculture,1,Laterite,0.4282,0
29.2112,92.05131,29.41,1639.8,2,Degraded Forest,2,Alluvial,0.3454,0
23.3594,97.40294,16.23,381.5,0,Dense Forest,2,Alluvial,0.1816,0
28.37633,91.39525,38.21,1456.4,1,Agriculture,4,Shale,0.486,0
24.77334,93.91101,39.01,520.5,2,Degraded Forest,0,Granite/Gneiss,0.2964,0
26.78481,90.07095,31.13,1255.1,2,Degraded Forest,2,Alluvial,0.4407,0
26.18765,93.20244,45.71,1288.5,0,Dense Forest,1,Laterite,0.4303,0
25.72091,90.02419,21.64,947.7,0,Dense Forest,2,Alluvial,0.3211,0
26.1959,92.24323,26.43,1383.8,3,Urban,0,Granite/Gneiss,0.3957,0
27.78016,94.00186,47.57,1543.7,0,Dense Forest,3,Colluvial,0.507,0
27.78943,96.14682,33.82,1693.7,1,Agriculture,2,Alluvial,0.4468,0
27.97936,92.77928,48.09,1564.2,0,Dense Forest,3,Colluvial,0.5415,0
25.38615,92.43443,22.96,1108.6,1,Agriculture,2,Alluvial,0.4187,0
24.167,96.32671,19.19,417.9,4,Barren,2,Alluvial,0.3814,0
26.54946,95.43007,39.07,1404.6,3,Urban,4,Shale,0.6167,1
27.58689,92.95008,31.33,1470.8,0,Dense Forest,1,Laterite,0.1773,0
26.33656,89.27867,30.94,1407.8,1,Agriculture,1,Laterite,0.3444,0
23.5731,92.25431,25.93,516.0,4,Barren,2,Alluvial,0.4439,0
27.1417,90.57207,34.14,1717.7,3,Urban,3,Colluvial,0.5366,0
23.63415,89.00593,18.5,686.9,0,Dense Forest,1,Laterite,0.1809,0
24.20924,92.28023,15.5,528.5,3,Urban,2,Alluvial,0.3274,0
25.68438,91.78018,42.29,1267.1,0,Dense Forest,1,Laterite,0.437,0
26.80579,90.74325,47.99,1082.2,1,Agriculture,0,Granite/Gneiss,0.361,0
23.96928,90.51992,26.89,432.8,0,Dense Forest,1,Laterite,0.2085,0
28.29903,90.83628,38.64,1887.5,4,Barren,4,Shale,0.692,1
25.68031,93.89081,29.26,1107.7,3,Urban,3,Colluvial,0.5077,0
26.99586,94.66486,42.27,1351.0,0,Dense Forest,0,Granite/Gneiss,0.3501,0
24.1382,94.28063,33.15,592.8,2,Degraded Forest,0,Granite/Gneiss,0.2443,0
24.64122,93.84678,22.46,973.1,0,Dense Forest,0,Granite/Gneiss,0.1683,0
27.1551,90.19633,44.8,1318.0,0,Dense Forest,1,Laterite,0.3172,0
26.26875,90.77755,37.8,1213.3,1,Agriculture,3,Colluvial,0.5062,0
28.72764,91.82437,50.56,1500.8,2,Degraded Forest,1,Laterite,0.4737,0
21.71434,93.51274,3.0,136.7,0,Dense Forest,1,Laterite,0.0876,0
24.4044,93.88679,22.54,788.5,1,Agriculture,1,Laterite,0.2426,0
27.62198,90.98045,36.57,1584.3,1,Agriculture,0,Granite/Gneiss,0.2318,0
24.01627,96.0504,20.68,733.7,2,Degraded Forest,2,Alluvial,0.309,0
24.38153,95.23011,41.14,681.6,0,Dense Forest,3,Colluvial,0.3869,0
24.53119,89.12136,23.09,839.0,0,Dense Forest,1,Laterite,0.1814,0
24.26628,89.26733,29.12,918.6,1,Agriculture,1,Laterite,0.2461,0
26.61136,92.90815,35.39,953.2,1,Agriculture,2,Alluvial,0.4172,0
29.1126,93.33214,41.23,1779.7,2,Degraded Forest,3,Colluvial,0.4858,0
26.01286,93.97197,26.25,1157.1,4,Barren,0,Granite/Gneiss,0.3748,0
25.99532,92.04018,48.3,927.0,0,Dense Forest,0,Granite/Gneiss,0.2705,0
27.89655,93.3987,37.21,1725.2,2,Degraded Forest,1,Laterite,0.4381,0
23.31076,92.0227,28.8,627.3,0,Dense Forest,2,Alluvial,0.2643,0
26.94671,94.0036,35.35,1525.1,0,Dense Forest,1,Laterite,0.2543,0
27.16901,92.3119,32.59,1807.5,1,Agriculture,0,Granite/Gneiss,0.2397,0
28.14482,91.61004,40.78,1661.1,2,Degraded Forest,1,Laterite,0.4787,0
28.03955,92.60029,41.99,1514.8,3,Urban,2,Alluvial,0.5774,1
25.63258,91.89492,26.74,1217.5,2,Degraded Forest,0,Granite/Gneiss,0.3559,0
28.56917,94.17295,35.39,1573.0,0,Dense Forest,3,Colluvial,0.3835,0
26.45116,91.80721,37.38,1306.8,2,Degraded Forest,2,Alluvial,0.5764,1
23.42435,91.90038,23.15,740.3,3,Urban,2,Alluvial,0.4376,0
26.5277,94.46648,28.64,1397.7,1,Agriculture,2,Alluvial,0.3475,0
25.60962,94.94491,22.9,1306.1,4,Barren,3,Colluvial,0.5155,0
24.76453,92.56679,30.04,779.9,0,Dense Forest,4,Shale,0.5164,0
22.43739,92.12372,3.17,452.7,3,Urban,3,Colluvial,0.3448,0
26.25094,92.15254,30.73,1187.5,1,Agriculture,2,Alluvial,0.3611,0
26.31965,94.42003,34.15,1235.1,2,Degraded Forest,3,Colluvial,0.5019,0
29.16391,97.39688,57.64,1875.0,2,Degraded Forest,2,Alluvial,0.5736,1
27.20145,92.28291,36.46,1490.6,1,Agriculture,1,Laterite,0.3479,0
28.72011,91.513,39.67,1717.8,4,Barren,1,Laterite,0.5255,0
23.94923,93.43174,26.46,367.0,0,Dense Forest,1,Laterite,0.1983,0
29.02952,88.85096,37.5,1825.0,0,Dense Forest,0,Granite/Gneiss,0.2355,0
25.53539,91.35289,28.38,1080.3,3,Urban,1,Laterite,0.4702,0
24.28499,92.97898,25.68,718.2,0,Dense Forest,0,Granite/Gneiss,0.1238,0
22.35799,93.0887,23.25,380.1,1,Agriculture,4,Shale,0.4429,0
25.92242,95.20322,26.2,1070.3,2,Degraded Forest,0,Granite/Gneiss,0.2781,0
26.07677,92.35704,32.12,1075.5,3,Urban,2,Alluvial,0.5634,1
25.23655,92.43158,14.68,1218.9,4,Barren,4,Shale,0.5958,1
26.93668,96.2233,39.52,1774.7,3,Urban,3,Colluvial,0.5645,1
26.53811,90.90494,32.05,1409.5,3,Urban,2,Alluvial,0.5525,1
24.14722,93.33016,40.0,580.7,4,Barren,3,Colluvial,0.5966,1
26.25228,92.45394,35.63,1214.3,2,Degraded Forest,1,Laterite,0.4945,0
23.72126,95.27592,16.39,629.8,1,Agriculture,1,Laterite,0.1389,0
26.41617,91.28143,24.69,1340.3,3,Urban,3,Colluvial,0.52,0
22.21195,91.64886,22.96,297.8,0,Dense Forest,0,Granite/Gneiss,0.0919,0
25.34879,93.47113,43.8,1089.0,0,Dense Forest,3,Colluvial,0.5058,0
26.01801,93.05553,43.86,1474.2,3,Urban,0,Granite/Gneiss,0.521,0
23.91577,92.81538,14.36,274.9,4,Barren,3,Colluvial,0.493,0
24.28895,89.09012,27.08,626.3,1,Agriculture,2,Alluvial,0.2228,0
25.19303,91.87597,37.87,1122.8,0,Dense Forest,4,Shale,0.5586,1
26.98205,96.56747,24.83,1324.6,1,Agriculture,1,Laterite,0.2714,0
25.53364,90.95788,38.43,1126.1,1,Agriculture,4,Shale,0.6167,1
23.10439,91.03959,15.39,423.0,1,Agriculture,2,Alluvial,0.2554,0
26.92717,88.8052,33.63,1633.1,2,Degraded Forest,3,Colluvial,0.5521,1
24.22027,94.36112,27.41,944.3,0,Dense Forest,3,Colluvial,0.3156,0
24.7663,91.34575,35.8,894.7,1,Agriculture,0,Granite/Gneiss,0.2878,0
27.08165,95.09839,48.19,1690.7,3,Urban,3,Colluvial,0.599,1
23.96742,92.98937,21.67,717.1,2,Degraded Forest,1,Laterite,0.411,0
24.21077,89.00953,21.33,723.2,0,Dense Forest,1,Laterite,0.1801,0
27.7692,93.54254,34.14,1804.6,1,Agriculture,3,Colluvial,0.5029,0
26.51103,91.30714,40.03,947.6,0,Dense Forest,4,Shale,0.5597,1
27.90625,91.57616,46.99,1575.0,4,Barren,2,Alluvial,0.5344,0
24.68482,88.04761,34.1,887.2,0,Dense Forest,2,Alluvial,0.3118,0
23.25475,89.84204,23.74,450.3,4,Barren,2,Alluvial,0.4938,0
27.95248,94.11137,42.14,1402.7,3,Urban,3,Colluvial,0.6971,1
23.32185,93.70662,19.99,495.5,2,Degraded Forest,4,Shale,0.4996,0
27.96819,89.30204,38.16,1253.3,1,Agriculture,3,Colluvial,0.4436,0
29.02101,95.7783,50.04,2102.9,3,Urban,1,Laterite,0.5791,1
23.02157,90.23767,22.82,763.0,0,Dense Forest,1,Laterite,0.1743,0
22.49035,91.94133,14.93,337.5,0,Dense Forest,1,Laterite,0.0894,0
25.45435,89.73839,38.62,927.5,0,Dense Forest,4,Shale,0.5262,0
27.2909,93.11679,31.85,1107.5,2,Degraded Forest,4,Shale,0.4825,0
24.60845,92.4102,27.82,668.6,1,Agriculture,3,Colluvial,0.43,0
25.04931,91.97591,18.39,1195.2,4,Barren,4,Shale,0.7214,1
24.59339,90.35947,19.03,797.6,0,Dense Forest,1,Laterite,0.2474,0
24.11105,89.48839,24.94,584.7,3,Urban,3,Colluvial,0.4469,0
24.45836,91.15027,20.52,774.9,0,Dense Forest,2,Alluvial,0.3091,0
25.84405,92.20256,29.46,969.5,1,Agriculture,2,Alluvial,0.4175,0
28.89321,91.95479,52.43,1448.2,0,Dense Forest,3,Colluvial,0.5221,0
25.89609,94.44705,30.49,1027.8,4,Barren,1,Laterite,0.463,0
26.37479,94.49347,40.48,987.8,0,Dense Forest,3,Colluvial,0.4236,0
26.3075,97.29571,26.78,1267.3,2,Degraded Forest,3,Colluvial,0.448,0
23.86195,92.41533,28.25,817.1,0,Dense Forest,3,Colluvial,0.3289,0
26.41163,94.56704,25.42,1062.7,3,Urban,3,Colluvial,0.5477,0
25.92868,97.04827,29.61,1135.4,1,Agriculture,1,Laterite,0.3011,0
27.05927,92.36593,40.56,1347.7,0,Dense Forest,2,Alluvial,0.3654,0
25.94594,90.83368,31.77,952.9,2,Degraded Forest,0,Granite/Gneiss,0.3336,0
26.02092,92.00105,39.49,661.7,0,Dense Forest,1,Laterite,0.3396,0
28.69767,92.28861,47.33,1514.5,1,Agriculture,2,Alluvial,0.4169,0
28.91341,90.66169,40.33,1612.8,0,Dense Forest,0,Granite/Gneiss,0.2197,0
27.78841,93.1824,48.96,1543.6,2,Degraded Forest,2,Alluvial,0.5507,1
28.00365,92.28559,42.88,1612.0,1,Agriculture,1,Laterite,0.3075,0
27.31489,96.34037,34.86,1656.7,0,Dense Forest,0,Granite/Gneiss,0.2905,0
22.79035,92.33095,21.0,183.7,2,Degraded Forest,2,Alluvial,0.3249,0
25.70572,92.09754,31.5,882.3,0,Dense Forest,1,Laterite,0.2921,0
25.62259,96.85893,32.07,898.6,2,Degraded Forest,0,Granite/Gneiss,0.2625,0
26.48781,88.97317,32.57,1184.2,2,Degraded Forest,1,Laterite,0.3755,0
26.69187,91.94761,37.45,1312.1,4,Barren,1,Laterite,0.4982,0
26.85291,91.91979,41.39,1390.4,0,Dense Forest,1,Laterite,0.3586,0
25.60052,89.49119,33.78,646.2,2,Degraded Forest,1,Laterite,0.3246,0
24.88996,93.85693,30.84,1101.7,1,Agriculture,2,Alluvial,0.3487,0
22.15037,91.93688,16.63,340.2,1,Agriculture,0,Granite/Gneiss,0.1395,0
25.71004,92.84909,23.7,1223.8,1,Agriculture,0,Granite/Gneiss,0.2361,0
25.47333,92.6785,20.87,516.2,0,Dense Forest,3,Colluvial,0.4498,0
22.14641,90.58056,11.76,411.8,1,Agriculture,1,Laterite,0.2029,0
26.80587,92.35053,31.55,1094.8,2,Degraded Forest,3,Colluvial,0.5172,0
24.45975,94.51053,39.47,675.8,1,Agriculture,1,Laterite,0.3329,0
28.99379,93.94827,53.11,2072.9,0,Dense Forest,4,Shale,0.5589,1
29.11531,90.70042,38.81,1945.0,0,Dense Forest,1,Laterite,0.2982,0
25.26174,88.95049,32.7,811.1,1,Agriculture,3,Colluvial,0.3957,0
21.81287,92.06587,15.63,329.6,1,Agriculture,1,Laterite,0.1948,0
26.15492,91.31829,34.34,1219.5,0,Dense Forest,2,Alluvial,0.3407,0
23.94921,92.2494,19.8,569.6,1,Agriculture,2,Alluvial,0.3734,0
25.87634,89.24019,49.35,1179.8,2,Degraded Forest,1,Laterite,0.457,0
25.24546,91.78774,43.96,867.1,0,Dense Forest,0,Granite/Gneiss,0.3899,0
24.17654,94.25883,22.7,779.6,3,Urban,4,Shale,0.5707,1
26.72517,92.97743,29.82,1350.5,4,Barren,4,Shale,0.6515,1
25.45994,90.80577,37.25,1091.7,0,Dense Forest,3,Colluvial,0.4952,0
24.58327,92.66256,16.88,1178.6,0,Dense Forest,4,Shale,0.403,0
26.11765,93.21839,39.08,1328.0,1,Agriculture,0,Granite/Gneiss,0.3127,0
24.01885,92.59811,25.45,866.7,0,Dense Forest,3,Colluvial,0.334,0
25.61911,95.48578,18.97,921.4,3,Urban,1,Laterite,0.3923,0
26.63137,94.61153,33.03,951.1,1,Agriculture,2,Alluvial,0.3703,0
24.62297,94.12204,21.47,765.1,0,Dense Forest,3,Colluvial,0.3576,0
28.82555,95.95104,43.77,1651.0,0,Dense Forest,0,Granite/Gneiss,0.2435,0
26.22306,92.3216,33.17,1282.6,0,Dense Forest,3,Colluvial,0.5047,0
26.61246,91.23005,23.39,1210.8,0,Dense Forest,2,Alluvial,0.2788,0
27.8481,91.42957,36.13,1793.6,1,Agriculture,2,Alluvial,0.4014,0
26.55937,92.68686,38.57,890.5,0,Dense Forest,4,Shale,0.4756,0
24.46304,91.75524,32.09,710.8,2,Degraded Forest,4,Shale,0.6013,1
28.12515,95.5802,36.94,1665.2,0,Dense Forest,0,Granite/Gneiss,0.1993,0
23.07035,89.50702,24.55,258.2,3,Urban,3,Colluvial,0.48,0
23.11624,90.7831,23.19,644.7,0,Dense Forest,2,Alluvial,0.2656,0
25.45173,92.37338,29.4,1163.6,0,Dense Forest,0,Granite/Gneiss,0.2535,0
24.93625,95.16039,31.6,786.9,0,Dense Forest,4,Shale,0.3821,0
25.35617,97.16578,22.06,1497.4,2,Degraded Forest,0,Granite/Gneiss,0.2426,0
26.79254,94.63991,34.85,1067.3,1,Agriculture,0,Granite/Gneiss,0.2456,0
21.78017,95.73404,3.22,50.0,0,Dense Forest,1,Laterite,0.0995,0
26.5869,97.49214,33.64,1149.7,0,Dense Forest,1,Laterite,0.2436,0
26.61071,94.29206,45.57,1288.0,4,Barren,0,Granite/Gneiss,0.4266,0
25.25492,90.60709,26.52,622.2,3,Urban,3,Colluvial,0.4795,0
23.88138,94.16611,34.53,759.7,1,Agriculture,2,Alluvial,0.413,0
28.48365,89.58169,38.76,2163.4,1,Agriculture,2,Alluvial,0.4211,0
25.14496,95.6627,19.99,641.5,1,Agriculture,0,Granite/Gneiss,0.1713,0
24.67071,90.27316,32.21,852.7,0,Dense Forest,2,Alluvial,0.3291,0
28.73003,96.76357,45.82,1918.3,3,Urban,1,Laterite,0.4691,0
28.48445,91.24142,59.74,1824.6,2,Degraded Forest,1,Laterite,0.5073,0
26.17686,88.68117,24.7,1584.0,1,Agriculture,1,Laterite,0.2481,0
28.67609,92.62847,44.76,1620.7,3,Urban,0,Granite/Gneiss,0.4006,0
26.44713,90.25995,36.69,1610.3,1,Agriculture,1,Laterite,0.3957,0
26.16963,94.12407,40.98,1138.6,0,Dense Forest,3,Colluvial,0.4609,0
25.97074,89.22299,36.0,1003.9,0,Dense Forest,0,Granite/Gneiss,0.1969,0
26.64285,94.47194,31.98,1633.0,1,Agriculture,1,Laterite,0.3099,0
23.04449,88.86992,12.22,374.0,0,Dense Forest,2,Alluvial,0.1068,0
26.72119,92.16783,37.35,1489.0,2,Degraded Forest,4,Shale,0.5407,0
21.95587,95.47641,19.7,104.0,0,Dense Forest,3,Colluvial,0.2535,0
23.65028,96.27798,28.11,329.0,0,Dense Forest,4,Shale,0.3887,0
25.71083,88.05929,28.48,793.2,3,Urban,3,Colluvial,0.4444,0
25.22357,94.38127,31.19,1078.9,4,Barren,2,Alluvial,0.5475,0
26.43194,89.74127,21.14,996.9,2,Degraded Forest,4,Shale,0.5284,0
27.46605,97.04863,29.14,1400.3,2,Degraded Forest,2,Alluvial,0.3696,0
26.46725,91.05743,41.11,1087.7,3,Urban,1,Laterite,0.4511,0
22.27634,91.93101,19.35,98.9,2,Degraded Forest,1,Laterite,0.2646,0
25.54516,92.38467,33.98,858.8,0,Dense Forest,2,Alluvial,0.4626,0
25.5115,90.60004,25.26,1044.0,1,Agriculture,3,Colluvial,0.4397,0
23.67573,93.12909,17.36,50.0,1,Agriculture,0,Granite/Gneiss,0.1763,0
26.05358,97.01811,28.69,1293.4,1,Agriculture,0,Granite/Gneiss,0.2215,0
28.23134,95.674,42.14,1355.6,0,Dense Forest,3,Colluvial,0.4328,0
28.24532,88.34242,45.78,1384.2,2,Degraded Forest,3,Colluvial,0.5423,0
26.63094,93.78879,32.25,965.7,0,Dense Forest,3,Colluvial,0.4182,0
25.91552,92.25567,18.28,1147.3,0,Dense Forest,4,Shale,0.5206,0
28.6543,93.02162,45.04,2002.5,0,Dense Forest,1,Laterite,0.3763,0
22.49688,92.33396,20.87,297.2,0,Dense Forest,1,Laterite,0.1161,0
26.20842,92.2641,36.49,1246.8,3,Urban,1,Laterite,0.4739,0
25.4113,90.53096,36.52,1087.8,2,Degraded Forest,4,Shale,0.5479,0
28.43466,90.78013,47.23,1808.5,3,Urban,0,Granite/Gneiss,0.5168,0
24.53812,88.80671,37.28,582.9,1,Agriculture,0,Granite/Gneiss,0.2653,0
26.73246,94.9208,34.85,1596.0,1,Agriculture,1,Laterite,0.297,0
25.73591,93.81246,27.43,986.3,2,Degraded Forest,1,Laterite,0.3585,0
27.01616,91.75329,44.01,1397.3,1,Agriculture,1,Laterite,0.4645,0
28.41436,92.58409,48.2,1625.7,1,Agriculture,3,Colluvial,0.4874,0
29.21545,96.4765,42.07,1746.9,1,Agriculture,3,Colluvial,0.4704,0
23.69679,91.29576,32.09,782.2,4,Barren,3,Colluvial,0.5395,0
27.98789,90.53691,39.93,1686.8,3,Urban,1,Laterite,0.4799,0
28.18772,92.12884,50.29,1167.5,0,Dense Forest,2,Alluvial,0.3987,0
21.80381,90.62336,29.97,252.2,0,Dense Forest,2,Alluvial,0.1825,0
22.86946,91.05888,41.26,827.7,2,Degraded Forest,2,Alluvial,0.4637,0
28.85407,91.91358,43.08,1791.8,0,Dense Forest,1,Laterite,0.363,0
28.74291,90.57557,53.48,1627.5,0,Dense Forest,3,Colluvial,0.4759,0
24.65677,93.04506,33.67,733.6,0,Dense Forest,2,Alluvial,0.3536,0
25.27239,91.74789,36.72,836.4,1,Agriculture,0,Granite/Gneiss,0.3395,0
28.69791,90.45013,45.39,1489.7,1,Agriculture,0,Granite/Gneiss,0.3415,0
22.50303,91.5605,26.37,288.7,1,Agriculture,0,Granite/Gneiss,0.1124,0
25.82684,90.14071,20.23,1035.7,4,Barren,0,Granite/Gneiss,0.342,0
28.42902,91.9341,40.75,1779.1,1,Agriculture,1,Laterite,0.3511,0
28.57844,90.84305,36.32,1588.2,0,Dense Forest,1,Laterite,0.3148,0
22.90393,90.98241,14.37,818.1,2,Degraded Forest,1,Laterite,0.2513,0
27.51016,91.21814,26.05,1264.9,0,Dense Forest,2,Alluvial,0.239,0
27.31387,96.18157,32.59,1437.6,4,Barren,4,Shale,0.6242,1
25.97002,94.07982,30.37,956.2,0,Dense Forest,1,Laterite,0.3018,0
26.68914,92.35342,35.93,1159.8,4,Barren,1,Laterite,0.4485,0
21.67384,89.27101,15.55,83.2,1,Agriculture,2,Alluvial,0.2809,0
25.91814,90.52992,39.99,1134.8,3,Urban,3,Colluvial,0.658,1
22.24974,92.02178,10.64,429.3,2,Degraded Forest,3,Colluvial,0.3888,0
26.81621,96.80014,19.39,1203.0,4,Barren,2,Alluvial,0.4912,0
29.39486,90.83959,48.86,1577.0,2,Degraded Forest,3,Colluvial,0.6264,1
26.43403,89.13524,33.13,1484.1,2,Degraded Forest,3,Colluvial,0.4273,0
24.06437,96.68357,24.08,481.6,2,Degraded Forest,4,Shale,0.524,0
23.42724,90.78457,16.52,484.3,3,Urban,2,Alluvial,0.3922,0
23.91028,88.80745,31.31,653.3,3,Urban,4,Shale,0.5459,0
22.19842,90.25852,14.27,236.7,0,Dense Forest,3,Colluvial,0.2042,0
21.66821,91.90959,8.56,50.0,0,Dense Forest,3,Colluvial,0.2171,0
26.06182,96.17204,45.5,1298.8,0,Dense Forest,3,Colluvial,0.5412,0
28.46998,88.99626,46.67,1104.6,1,Agriculture,4,Shale,0.5782,1
26.02191,96.98234,31.64,1313.4,3,Urban,4,Shale,0.5687,1
27.37127,96.18142,17.49,1652.3,0,Dense Forest,1,Laterite,0.2851,0
23.53678,96.5947,20.75,738.9,1,Agriculture,2,Alluvial,0.3143,0
25.07723,91.55328,28.24,844.0,2,Degraded Forest,4,Shale,0.6291,1
28.21543,94.82829,51.89,1636.9,3,Urban,1,Laterite,0.526,0
24.94007,94.99212,13.9,740.2,2,Degraded Forest,1,Laterite,0.268,0
27.06001,93.797,48.33,1364.7,0,Dense Forest,0,Granite/Gneiss,0.1829,0
23.97836,91.04769,27.79,783.5,4,Barren,2,Alluvial,0.5193,0
24.45988,91.49405,16.44,547.0,0,Dense Forest,3,Colluvial,0.3739,0
23.82963,91.0224,31.11,597.3,3,Urban,1,Laterite,0.4671,0
29.36493,94.10879,42.54,1774.2,0,Dense Forest,3,Colluvial,0.5383,0
28.3926,88.35163,27.55,1885.4,0,Dense Forest,4,Shale,0.481,0
25.18957,90.94521,25.28,741.9,3,Urban,1,Laterite,0.4437,0
27.59371,90.24863,39.89,1596.3,3,Urban,0,Granite/Gneiss,0.3966,0
26.94224,90.12871,35.9,1314.0,1,Agriculture,3,Colluvial,0.4333,0
25.67215,91.77564,35.79,1013.9,2,Degraded Forest,4,Shale,0.664,1
28.01937,95.53949,48.23,1698.1,1,Agriculture,1,Laterite,0.4771,0
25.05106,90.50526,19.53,822.2,0,Dense Forest,3,Colluvial,0.3506,0
21.68621,93.92811,15.53,162.6,2,Degraded Forest,2,Alluvial,0.2999,0
22.21898,92.92792,12.82,484.0,3,Urban,1,Laterite,0.2493,0
25.91448,93.83081,21.56,937.9,3,Urban,3,Colluvial,0.5299,0
26.94138,88.1229,34.99,1378.5,1,Agriculture,2,Alluvial,0.4333,0
25.55849,92.15786,33.67,1189.4,2,Degraded Forest,3,Colluvial,0.5458,0
22.8434,91.26565,23.96,495.7,1,Agriculture,1,Laterite,0.262,0
23.23235,93.45045,18.33,746.0,1,Agriculture,3,Colluvial,0.239,0
25.10605,93.62888,20.46,887.4,1,Agriculture,1,Laterite,0.2573,0
26.24672,92.65534,27.64,1302.3,4,Barren,1,Laterite,0.5322,0
26.4999,95.71397,18.73,1445.5,0,Dense Forest,1,Laterite,0.1718,0
29.46724,93.27008,35.36,1554.3,0,Dense Forest,1,Laterite,0.2256,0
27.7284,89.29184,29.54,1420.0,2,Degraded Forest,4,Shale,0.5599,1
24.80175,90.04315,34.14,918.7,0,Dense Forest,0,Granite/Gneiss,0.2275,0
26.55838,91.23653,40.72,1422.3,3,Urban,2,Alluvial,0.5637,1
26.4101,94.63304,50.45,1253.5,0,Dense Forest,3,Colluvial,0.4888,0
23.57232,92.07935,24.69,845.6,3,Urban,2,Alluvial,0.4701,0
27.64266,93.23333,34.16,1375.3,1,Agriculture,1,Laterite,0.3623,0
25.80197,90.49654,31.23,821.0,0,Dense Forest,3,Colluvial,0.4337,0
24.10655,91.33132,23.42,845.4,3,Urban,2,Alluvial,0.5001,0
24.88487,93.93367,22.64,839.0,2,Degraded Forest,1,Laterite,0.3145,0
24.63403,94.20218,29.31,637.6,0,Dense Forest,1,Laterite,0.2454,0
26.36505,91.3038,34.79,1536.3,0,Dense Forest,2,Alluvial,0.3925,0
28.43031,94.04736,40.33,1808.7,1,Agriculture,3,Colluvial,0.4397,0
25.60351,88.19569,28.03,1153.5,1,Agriculture,2,Alluvial,0.4034,0
25.56304,96.49561,35.29,1332.8,1,Agriculture,1,Laterite,0.3225,0
29.02987,90.21647,38.81,1716.8,1,Agriculture,2,Alluvial,0.4772,0
25.75029,94.50562,27.71,1339.0,1,Agriculture,1,Laterite,0.3128,0
29.08232,93.31373,47.23,1889.7,1,Agriculture,1,Laterite,0.4164,0
25.38853,90.73572,37.67,857.0,1,Agriculture,4,Shale,0.6202,1
25.24778,93.92937,36.42,941.9,0,Dense Forest,1,Laterite,0.303,0
29.05063,94.32082,41.24,1836.2,2,Degraded Forest,1,Laterite,0.3925,0
22.54613,93.04147,8.81,557.9,2,Degraded Forest,4,Shale,0.3928,0
27.55122,92.39418,35.38,1191.5,0,Dense Forest,0,Granite/Gneiss,0.257,0
26.54092,90.77676,34.49,884.5,0,Dense Forest,2,Alluvial,0.3794,0
27.78047,88.91739,29.64,1355.6,0,Dense Forest,3,Colluvial,0.3336,0
22.59747,91.06177,16.65,333.4,2,Degraded Forest,1,Laterite,0.256,0
24.49292,90.76168,35.88,916.3,2,Degraded Forest,3,Colluvial,0.5026,0
23.76249,92.82931,24.66,517.5,1,Agriculture,3,Colluvial,0.3895,0
26.51609,95.18157,29.49,1312.0,4,Barren,2,Alluvial,0.5452,0
26.33601,91.70848,33.37,1508.7,1,Agriculture,0,Granite/Gneiss,0.288,0
26.45393,89.23764,34.25,874.8,2,Degraded Forest,4,Shale,0.5439,0
26.93259,91.56222,32.39,1295.1,0,Dense Forest,3,Colluvial,0.3677,0
24.85603,90.07946,33.76,1339.0,0,Dense Forest,2,Alluvial,0.3962,0
27.01512,96.46924,21.05,1198.8,0,Dense Forest,4,Shale,0.3865,0
24.05366,92.0771,28.35,511.2,2,Degraded Forest,2,Alluvial,0.388,0
21.9837,88.92472,12.23,313.0,1,Agriculture,2,Alluvial,0.2476,0
29.14911,95.58494,52.05,1715.1,2,Degraded Forest,4,Shale,0.6543,1
27.56568,88.8931,27.55,1679.9,2,Degraded Forest,1,Laterite,0.3634,0
27.84706,95.45122,46.31,2023.1,0,Dense Forest,3,Colluvial,0.4372,0
26.47974,92.93096,27.36,1235.4,2,Degraded Forest,1,Laterite,0.3474,0
26.59001,91.77119,36.66,1792.8,0,Dense Forest,3,Colluvial,0.4663,0
28.88642,94.67529,38.98,1671.4,1,Agriculture,2,Alluvial,0.44,0
28.11026,88.74016,48.81,1553.8,2,Degraded Forest,1,Laterite,0.407,0
29.48145,93.65787,43.4,1703.9,2,Degraded Forest,0,Granite/Gneiss,0.3656,0
25.51489,92.24987,24.27,913.3,0,Dense Forest,2,Alluvial,0.3925,0
24.95698,93.5048,39.16,830.1,0,Dense Forest,3,Colluvial,0.4416,0
27.836,89.43573,36.52,1608.4,1,Agriculture,3,Colluvial,0.4488,0
25.8765,92.54169,35.59,835.5,0,Dense Forest,4,Shale,0.4913,0
23.86287,94.0716,31.37,528.1,4,Barren,1,Laterite,0.4105,0
22.79183,92.32319,12.81,292.2,1,Agriculture,3,Colluvial,0.3083,0
28.82562,93.52053,45.85,1927.0,4,Barren,0,Granite/Gneiss,0.4016,0
28.29071,94.14484,44.92,1651.2,4,Barren,1,Laterite,0.5078,0
21.87624,97.10062,4.03,208.0,1,Agriculture,0,Granite/Gneiss,0.0773,0
27.03421,92.36536,38.34,1361.8,0,Dense Forest,4,Shale,0.5234,0
25.69757,94.58289,27.91,695.5,3,Urban,2,Alluvial,0.3974,0
26.31211,97.24576,46.01,1504.2,0,Dense Forest,1,Laterite,0.3049,0
26.67942,93.22459,41.35,1080.4,1,Agriculture,2,Alluvial,0.429,0
24.86652,95.61241,31.14,1035.5,0,Dense Forest,2,Alluvial,0.328,0
24.81347,97.37609,11.09,800.5,1,Agriculture,3,Colluvial,0.2892,0
28.39048,90.3848,44.4,1528.1,0,Dense Forest,2,Alluvial,0.3806,0
23.31653,89.44557,15.72,717.5,0,Dense Forest,2,Alluvial,0.2296,0
26.68132,89.28006,41.42,1027.1,2,Degraded Forest,4,Shale,0.5408,0
27.48359,91.45105,36.16,1224.5,4,Barren,4,Shale,0.7321,1
23.57334,96.57843,18.62,598.0,0,Dense Forest,0,Granite/Gneiss,0.1012,0
28.20533,90.90002,36.65,1646.1,1,Agriculture,3,Colluvial,0.4495,0
26.04035,89.17359,29.06,1285.5,1,Agriculture,1,Laterite,0.3476,0
28.36086,88.42276,29.95,1787.0,0,Dense Forest,3,Colluvial,0.3882,0
26.69132,91.17906,24.74,1254.2,2,Degraded Forest,3,Colluvial,0.4671,0
29.32202,91.44762,41.65,1880.8,2,Degraded Forest,1,Laterite,0.4355,0
28.2638,90.57451,52.81,1592.8,0,Dense Forest,4,Shale,0.5575,1
24.24538,95.25163,31.01,1001.3,3,Urban,1,Laterite,0.3647,0
26.85434,90.46498,41.51,1108.3,2,Degraded Forest,3,Colluvial,0.5818,1
22.00928,94.61692,26.49,220.9,0,Dense Forest,3,Colluvial,0.2526,0
27.5663,89.64736,40.0,1618.8,2,Degraded Forest,0,Granite/Gneiss,0.3273,0
28.69908,92.19844,38.34,1941.8,1,Agriculture,1,Laterite,0.4304,0
29.43853,92.26239,41.48,1752.6,2,Degraded Forest,1,Laterite,0.4197,0
26.18745,93.68821,25.97,960.6,1,Agriculture,3,Colluvial,0.3466,0
25.95592,97.18805,38.2,854.3,0,Dense Forest,3,Colluvial,0.4385,0
21.54014,90.13407,7.66,50.0,3,Urban,1,Laterite,0.2248,0
23.11679,97.33346,37.79,514.6,2,Degraded Forest,0,Granite/Gneiss,0.2498,0
29.19979,92.50929,36.65,1738.0,2,Degraded Forest,2,Alluvial,0.4951,0
25.27321,94.29952,38.93,1088.8,0,Dense Forest,3,Colluvial,0.4673,0
26.5061,90.77984,43.6,1213.3,2,Degraded Forest,3,Colluvial,0.6291,1
26.01763,94.23954,36.94,1238.4,1,Agriculture,2,Alluvial,0.3641,0
26.15961,94.24178,45.44,1177.8,3,Urban,1,Laterite,0.4741,0
28.3085,93.99093,38.96,1294.9,2,Degraded Forest,2,Alluvial,0.4382,0
27.52208,89.79351,38.61,1225.0,1,Agriculture,0,Granite/Gneiss,0.2366,0
22.20183,89.8407,19.43,489.3,0,Dense Forest,0,Granite/Gneiss,0.1215,0
21.9947,92.60332,21.58,50.0,3,Urban,1,Laterite,0.3508,0
25.36623,92.05922,14.95,1140.3,2,Degraded Forest,3,Colluvial,0.4634,0
24.39722,92.38727,25.02,777.1,4,Barren,1,Laterite,0.4642,0
25.96782,89.43375,38.62,908.3,1,Agriculture,2,Alluvial,0.4127,0
24.57997,95.40827,23.57,942.9,2,Degraded Forest,3,Colluvial,0.468,0
25.02224,88.94508,43.89,797.0,2,Degraded Forest,3,Colluvial,0.5349,0
26.29954,90.56079,34.02,1210.2,2,Degraded Forest,2,Alluvial,0.4669,0
27.56693,93.05137,41.87,1423.1,2,Degraded Forest,1,Laterite,0.4477,0
24.85303,91.21236,39.98,313.6,0,Dense Forest,4,Shale,0.5367,0
27.99,93.15942,40.37,1695.0,1,Agriculture,0,Granite/Gneiss,0.2742,0
25.18141,90.5911,41.08,1081.8,1,Agriculture,1,Laterite,0.3699,0
25.55051,95.74283,34.85,912.6,1,Agriculture,4,Shale,0.4677,0
25.55841,93.30132,34.9,1141.6,1,Agriculture,3,Colluvial,0.497,0
28.75153,96.49523,35.08,1557.2,1,Agriculture,3,Colluvial,0.3993,0
26.5457,90.57549,42.77,1065.0,1,Agriculture,1,Laterite,0.3931,0
21.62675,92.34925,10.62,176.4,0,Dense Forest,0,Granite/Gneiss,0.0,0
23.13603,97.30523,19.64,328.9,2,Degraded Forest,1,Laterite,0.2165,0
23.82705,96.71825,33.8,597.8,0,Dense Forest,2,Alluvial,0.3259,0
27.36674,92.17049,34.07,1232.2,1,Agriculture,1,Laterite,0.3035,0
25.1349,89.44519,31.41,660.9,2,Degraded Forest,1,Laterite,0.3642,0
25.56009,91.67534,29.79,1055.1,0,Dense Forest,1,Laterite,0.3269,0
22.50683,90.2228,18.62,369.9,2,Degraded Forest,3,Colluvial,0.4411,0
27.73956,93.83308,37.2,1507.7,1,Agriculture,4,Shale,0.53,0
25.84858,92.27739,23.02,1020.3,3,Urban,3,Colluvial,0.5102,0
28.27945,88.75459,44.78,1484.7,1,Agriculture,3,Colluvial,0.5225,0
26.63014,89.24055,39.31,1038.0,0,Dense Forest,1,Laterite,0.2472,0
28.13546,93.33571,35.23,1368.9,1,Agriculture,0,Granite/Gneiss,0.2988,0
25.02206,91.9336,24.67,771.7,0,Dense Forest,1,Laterite,0.3235,0
25.94708,90.51444,38.98,1304.8,3,Urban,2,Alluvial,0.569,1
25.28779,90.5934,27.09,998.5,2,Degraded Forest,3,Colluvial,0.5457,0
28.4098,93.72882,41.65,1726.8,3,Urban,4,Shale,0.7001,1
26.79532,88.02847,27.8,1040.3,1,Agriculture,3,Colluvial,0.3969,0
26.9652,89.38485,34.99,1366.8,3,Urban,1,Laterite,0.4328,0
23.55419,92.70517,15.69,629.6,1,Agriculture,3,Colluvial,0.3481,0
27.12823,92.96235,31.27,1683.5,0,Dense Forest,2,Alluvial,0.3071,0
23.00909,95.03806,14.55,435.8,0,Dense Forest,1,Laterite,0.1115,0
29.03668,90.92787,50.17,1717.0,2,Degraded Forest,2,Alluvial,0.5232,0
21.95729,92.58712,6.08,50.0,3,Urban,2,Alluvial,0.2907,0
22.40908,90.3727,20.54,316.5,0,Dense Forest,3,Colluvial,0.2967,0
27.3582,93.30044,35.18,1379.1,3,Urban,1,Laterite,0.4074,0
24.53955,92.24712,37.57,1008.4,3,Urban,0,Granite/Gneiss,0.3684,0
27.76436,90.01051,44.73,1689.9,1,Agriculture,0,Granite/Gneiss,0.3784,0
28.2964,91.85879,30.57,1430.2,2,Degraded Forest,0,Granite/Gneiss,0.232,0
23.89156,94.4975,19.48,633.7,0,Dense Forest,4,Shale,0.3912,0
24.22447,90.67162,25.11,1202.5,3,Urban,4,Shale,0.5821,1
27.37312,91.23662,32.54,1128.3,2,Degraded Forest,4,Shale,0.5554,1
27.76604,96.10929,45.76,1472.5,1,Agriculture,1,Laterite,0.4042,0
25.76232,94.22171,32.34,1209.5,3,Urban,1,Laterite,0.4007,0
23.3107,93.2972,20.24,459.9,0,Dense Forest,4,Shale,0.304,0
25.15508,92.22102,36.55,858.0,3,Urban,4,Shale,0.7301,1
29.14383,96.14321,34.25,1725.9,0,Dense Forest,0,Granite/Gneiss,0.242,0
26.3733,89.61319,31.15,983.7,3,Urban,3,Colluvial,0.5338,0
24.91355,93.85826,29.78,834.2,2,Degraded Forest,1,Laterite,0.3869,0
25.71426,93.15963,29.67,1253.4,2,Degraded Forest,4,Shale,0.5931,1
22.21351,94.3428,3.0,50.0,1,Agriculture,0,Granite/Gneiss,0.048,0
26.70572,92.12813,37.23,1324.6,3,Urban,4,Shale,0.6444,1
23.38582,91.12029,26.09,740.1,1,Agriculture,0,Granite/Gneiss,0.1193,0
27.15509,93.79849,28.11,1368.3,0,Dense Forest,2,Alluvial,0.3137,0
27.13683,94.12231,18.67,1284.0,1,Agriculture,1,Laterite,0.1975,0
28.89956,94.10413,37.33,1899.8,3,Urban,2,Alluvial,0.5294,0
26.29863,93.13098,31.37,999.6,1,Agriculture,2,Alluvial,0.3758,0
26.43351,92.65324,32.62,1294.4,1,Agriculture,3,Colluvial,0.4027,0
29.36945,89.10539,28.77,1837.3,3,Urban,0,Granite/Gneiss,0.3388,0
24.6193,93.50099,28.32,814.4,3,Urban,3,Colluvial,0.5091,0
23.12915,93.2109,29.34,801.9,0,Dense Forest,0,Granite/Gneiss,0.2196,0
26.18655,94.77581,40.23,1385.7,1,Agriculture,1,Laterite,0.2729,0
25.74419,91.31265,40.69,1351.2,0,Dense Forest,3,Colluvial,0.4769,0
23.27541,93.59447,11.95,335.9,3,Urban,0,Granite/Gneiss,0.1632,0
23.56317,93.10105,29.77,359.9,3,Urban,4,Shale,0.5914,1
25.09512,93.17095,21.01,1002.3,3,Urban,3,Colluvial,0.5267,0
23.93208,94.01142,30.43,712.0,2,Degraded Forest,3,Colluvial,0.4893,0
27.2244,90.68249,30.57,992.7,1,Agriculture,1,Laterite,0.2518,0
27.3905,90.92768,39.91,1492.9,1,Agriculture,0,Granite/Gneiss,0.2573,0
24.35236,91.89128,37.98,1151.2,1,Agriculture,4,Shale,0.5803,1
26.37566,89.79016,40.75,1576.4,0,Dense Forest,0,Granite/Gneiss,0.3351,0
25.52542,89.06389,22.72,865.8,4,Barren,3,Colluvial,0.5541,1
21.72408,92.92474,6.73,292.6,1,Agriculture,1,Laterite,0.1047,0
25.25824,93.85743,35.3,767.8,4,Barren,1,Laterite,0.4906,0
26.97528,93.32814,46.09,1312.8,3,Urban,3,Colluvial,0.6354,1
26.03164,97.28291,35.43,955.6,3,Urban,4,Shale,0.5409,0
21.93164,94.81892,12.53,50.0,2,Degraded Forest,0,Granite/Gneiss,0.1382,0
26.69744,93.01348,34.83,1446.1,0,Dense Forest,1,Laterite,0.2885,0
26.37557,91.24213,36.74,1254.3,1,Agriculture,3,Colluvial,0.5745,1
25.63064,97.30057,29.77,1118.2,2,Degraded Forest,1,Laterite,0.3384,0
24.55033,91.53778,19.07,912.9,0,Dense Forest,0,Granite/Gneiss,0.2523,0
26.87068,94.45526,43.65,1347.9,0,Dense Forest,0,Granite/Gneiss,0.2246,0
24.40948,90.8987,40.94,547.1,2,Degraded Forest,2,Alluvial,0.5135,0
25.65096,94.40803,41.98,1076.0,3,Urban,3,Colluvial,0.5296,0
24.26039,91.10245,7.98,677.5,3,Urban,4,Shale,0.5244,0
28.95847,90.56085,52.22,1739.9,0,Dense Forest,1,Laterite,0.354,0
22.42536,94.56102,23.1,119.5,4,Barren,0,Granite/Gneiss,0.2915,0
22.24908,90.40441,12.55,50.0,2,Degraded Forest,2,Alluvial,0.3026,0
25.35436,93.33674,13.76,853.8,2,Degraded Forest,0,Granite/Gneiss,0.2655,0
26.78634,90.58319,33.91,1398.5,1,Agriculture,1,Laterite,0.3515,0
29.09713,91.83672,46.4,1795.5,2,Degraded Forest,3,Colluvial,0.6392,1
25.71049,91.29518,21.93,1404.0,2,Degraded Forest,1,Laterite,0.3954,0
26.78577,91.82261,44.68,1276.2,2,Degraded Forest,3,Colluvial,0.5866,1
26.87495,93.82486,44.82,1348.3,1,Agriculture,4,Shale,0.5761,1
22.95643,93.95221,24.2,431.0,3,Urban,4,Shale,0.5503,1
24.3737,90.77655,14.79,534.1,4,Barren,1,Laterite,0.3923,0
26.23409,95.67825,30.66,1160.9,3,Urban,2,Alluvial,0.4133,0
23.61417,94.34426,28.72,362.0,0,Dense Forest,2,Alluvial,0.2854,0
26.15649,91.95807,37.72,1134.0,1,Agriculture,4,Shale,0.5196,0
28.73356,95.83138,36.53,1375.6,1,Agriculture,4,Shale,0.5493,0
26.13274,93.67901,27.95,1128.5,2,Degraded Forest,3,Colluvial,0.5241,0
25.59967,90.33278,24.58,1052.0,3,Urban,2,Alluvial,0.4589,0
28.36064,97.16697,38.46,1687.7,0,Dense Forest,0,Granite/Gneiss,0.2146,0
25.62533,96.52332,26.58,741.3,4,Barren,4,Shale,0.5152,0
23.22944,94.35602,16.13,585.3,2,Degraded Forest,4,Shale,0.4346,0
27.801,94.25552,37.53,1649.5,0,Dense Forest,3,Colluvial,0.433,0
23.64489,91.42064,23.36,391.0,1,Agriculture,1,Laterite,0.2656,0
26.68928,94.66647,43.16,1464.7,0,Dense Forest,2,Alluvial,0.3916,0
26.50188,88.80585,19.51,1263.2,2,Degraded Forest,0,Granite/Gneiss,0.2203,0
23.83524,93.7554,33.51,613.4,0,Dense Forest,4,Shale,0.4722,0
29.05245,91.4977,37.34,1912.9,2,Degraded Forest,4,Shale,0.5488,0
22.1508,91.71939,32.32,570.7,2,Degraded Forest,1,Laterite,0.292,0
28.53855,92.52966,46.78,1655.5,1,Agriculture,3,Colluvial,0.4605,0
26.66342,93.19534,38.74,1163.0,0,Dense Forest,1,Laterite,0.2778,0
25.13189,89.3079,27.79,1333.3,2,Degraded Forest,1,Laterite,0.3095,0
23.81048,94.63756,40.17,585.3,1,Agriculture,1,Laterite,0.2314,0
23.4713,91.13588,22.15,616.9,4,Barren,1,Laterite,0.3673,0
28.10166,96.11476,51.85,1550.7,1,Agriculture,1,Laterite,0.4436,0
28.3605,92.95254,36.13,1322.2,0,Dense Forest,1,Laterite,0.2859,0
25.74862,93.3917,36.67,994.4,2,Degraded Forest,3,Colluvial,0.5597,1
24.49393,96.21967,41.41,995.9,3,Urban,1,Laterite,0.461,0
24.9993,90.28395,21.34,725.4,0,Dense Forest,3,Colluvial,0.3484,0
23.79733,93.45179,27.55,880.6,1,Agriculture,2,Alluvial,0.3335,0
23.73667,92.3808,17.74,756.0,2,Degraded Forest,3,Colluvial,0.3837,0
24.9613,93.71594,31.42,677.9,0,Dense Forest,4,Shale,0.4595,0
23.64639,95.5751,38.2,342.1,0,Dense Forest,0,Granite/Gneiss,0.3034,0
26.05759,89.34217,24.62,879.0,2,Degraded Forest,1,Laterite,0.2668,0
24.86046,91.87273,28.85,774.4,2,Degraded Forest,0,Granite/Gneiss,0.3857,0
25.52633,91.44101,23.42,788.0,3,Urban,2,Alluvial,0.4781,0
26.14803,96.65311,31.4,1389.8,1,Agriculture,1,Laterite,0.3602,0
25.24425,89.47979,34.01,705.7,1,Agriculture,2,Alluvial,0.3984,0
28.33073,88.25599,38.23,1458.6,2,Degraded Forest,3,Colluvial,0.4911,0
28.8325,96.20646,55.09,2053.6,3,Urban,2,Alluvial,0.5977,1
24.77258,96.44713,31.14,783.6,2,Degraded Forest,1,Laterite,0.3591,0
22.24128,96.01253,7.19,351.1,1,Agriculture,1,Laterite,0.2116,0
23.76314,91.28552,26.05,702.1,1,Agriculture,0,Granite/Gneiss,0.2507,0
28.58099,93.71106,53.24,1402.3,3,Urban,3,Colluvial,0.6206,1
27.95535,92.52047,43.55,1713.0,1,Agriculture,0,Granite/Gneiss,0.334,0
27.52527,92.03325,39.68,1578.3,0,Dense Forest,4,Shale,0.5599,1
24.33553,90.68202,23.25,868.5,0,Dense Forest,2,Alluvial,0.3226,0
21.78598,94.16445,15.3,50.0,3,Urban,1,Laterite,0.2697,0
25.38136,91.20601,29.64,1030.7,4,Barren,0,Granite/Gneiss,0.4056,0
22.83729,89.56696,3.0,366.3,1,Agriculture,2,Alluvial,0.2364,0
25.95363,94.98281,35.41,1120.7,1,Agriculture,4,Shale,0.501,0
28.88029,92.54205,50.65,1605.1,0,Dense Forest,4,Shale,0.5162,0
26.98699,90.13167,29.59,1296.5,0,Dense Forest,0,Granite/Gneiss,0.2195,0
23.35318,95.29603,23.81,712.3,1,Agriculture,3,Colluvial,0.397,0
22.90604,89.20318,23.1,50.0,0,Dense Forest,1,Laterite,0.1287,0
25.5933,91.67687,36.83,947.8,2,Degraded Forest,1,Laterite,0.4301,0
23.743,92.30368,23.51,732.4,1,Agriculture,2,Alluvial,0.3519,0
25.8554,96.27459,35.65,862.4,3,Urban,4,Shale,0.642,1
26.3965,92.8009,24.07,1281.8,2,Degraded Forest,1,Laterite,0.3384,0
26.35807,91.74463,25.1,1286.9,0,Dense Forest,0,Granite/Gneiss,0.2029,0
24.12344,90.67801,28.29,659.6,0,Dense Forest,2,Alluvial,0.2849,0
28.94512,88.2673,41.08,1835.4,3,Urban,4,Shale,0.703,1
25.7049,91.40215,18.12,1371.8,3,Urban,3,Colluvial,0.5754,1
25.9162,95.78714,34.34,959.2,1,Agriculture,1,Laterite,0.259,0
26.01779,93.11911,21.74,838.9,0,Dense Forest,4,Shale,0.485,0
25.15214,95.0952,50.32,836.8,3,Urban,4,Shale,0.8102,1
27.20154,91.74503,18.97,1183.9,0,Dense Forest,3,Colluvial,0.2514,0
24.40444,93.36884,26.31,830.5,0,Dense Forest,3,Colluvial,0.3795,0
24.91809,95.21144,18.89,778.0,4,Barren,3,Colluvial,0.4352,0
22.58127,96.40485,26.38,465.9,3,Urban,1,Laterite,0.3333,0
25.57534,92.11203,27.06,1075.2,2,Degraded Forest,1,Laterite,0.3529,0
26.55731,90.64552,42.07,1100.9,0,Dense Forest,2,Alluvial,0.452,0
28.22044,94.01999,46.34,1427.6,1,Agriculture,4,Shale,0.5522,1
27.60168,92.15655,29.34,1194.3,2,Degraded Forest,4,Shale,0.5695,1
28.60455,94.57051,35.82,1908.8,3,Urban,0,Granite/Gneiss,0.3865,0
26.43561,91.22638,30.75,1315.4,1,Agriculture,0,Granite/Gneiss,0.3514,0
22.6104,92.37044,18.62,267.7,4,Barren,4,Shale,0.4906,0
26.50905,94.65802,32.21,1348.3,0,Dense Forest,3,Colluvial,0.2974,0
25.41525,94.22226,35.51,760.1,0,Dense Forest,1,Laterite,0.2486,0
22.32964,93.93648,19.98,111.7,1,Agriculture,2,Alluvial,0.2486,0
26.02323,91.45575,27.06,922.8,2,Degraded Forest,1,Laterite,0.3263,0
25.79375,88.28126,23.8,1121.4,2,Degraded Forest,4,Shale,0.5138,0
26.86993,92.2314,28.61,1187.3,2,Degraded Forest,3,Colluvial,0.4984,0
25.08145,90.19073,31.07,615.0,0,Dense Forest,4,Shale,0.5201,0
29.02481,89.91965,41.67,1811.3,3,Urban,1,Laterite,0.5098,0
26.27855,94.07391,49.56,1289.8,0,Dense Forest,3,Colluvial,0.4609,0
28.84488,92.21658,42.54,1725.4,0,Dense Forest,2,Alluvial,0.3363,0
21.95299,91.97216,18.21,429.9,2,Degraded Forest,1,Laterite,0.1843,0
22.68179,93.40125,5.02,526.5,0,Dense Forest,2,Alluvial,0.1451,0
23.48593,89.32833,11.74,770.6,1,Agriculture,4,Shale,0.3649,0
23.6444,88.50293,14.07,739.2,1,Agriculture,3,Colluvial,0.3344,0
29.47105,90.87608,40.63,1940.7,0,Dense Forest,1,Laterite,0.2522,0
25.0597,95.09294,16.49,652.2,0,Dense Forest,4,Shale,0.3499,0
26.97111,92.70006,26.28,1261.8,1,Agriculture,1,Laterite,0.312,0
23.6656,93.04001,28.44,484.8,1,Agriculture,3,Colluvial,0.3721,0
26.21535,93.71738,25.8,983.3,1,Agriculture,3,Colluvial,0.4311,0
23.5839,92.23541,22.49,453.9,2,Degraded Forest,3,Colluvial,0.4118,0
25.46736,89.07331,34.61,699.8,0,Dense Forest,3,Colluvial,0.4349,0
23.70822,90.90455,30.85,773.6,2,Degraded Forest,0,Granite/Gneiss,0.3472,0
24.64374,93.16279,29.13,595.6,2,Degraded Forest,4,Shale,0.5494,0
25.81897,91.45808,34.02,1234.4,3,Urban,1,Laterite,0.5305,0
25.345,90.51552,37.24,1230.5,3,Urban,2,Alluvial,0.505,0
23.37346,92.12803,25.34,368.3,0,Dense Forest,1,Laterite,0.1825,0
27.60588,92.08328,46.18,1362.9,0,Dense Forest,1,Laterite,0.3475,0
29.25066,96.33364,26.92,1943.6,2,Degraded Forest,2,Alluvial,0.3926,0
25.91522,90.93017,30.89,1006.1,3,Urban,3,Colluvial,0.5716,1
23.6207,93.62222,23.4,417.2,0,Dense Forest,1,Laterite,0.1491,0
25.93996,95.92945,30.71,1187.2,1,Agriculture,0,Granite/Gneiss,0.2993,0
27.7847,97.49295,39.55,1365.9,3,Urban,3,Colluvial,0.5293,0
26.11066,91.82869,29.02,1564.9,3,Urban,3,Colluvial,0.6234,1
26.61338,89.95196,40.49,1362.9,2,Degraded Forest,1,Laterite,0.3966,0
27.97182,92.06812,34.98,1690.0,0,Dense Forest,3,Colluvial,0.4329,0
26.55555,93.86043,32.22,1219.5,0,Dense Forest,0,Granite/Gneiss,0.1769,0
23.86424,91.85211,35.42,1004.5,1,Agriculture,1,Laterite,0.3306,0
26.75418,89.46924,45.14,1133.7,0,Dense Forest,2,Alluvial,0.4016,0
26.45456,91.49034,34.84,1366.9,4,Barren,3,Colluvial,0.6687,1
25.15163,93.03912,23.6,654.0,0,Dense Forest,1,Laterite,0.2858,0
25.60125,93.5546,17.31,1481.5,0,Dense Forest,2,Alluvial,0.2877,0
23.79983,92.65064,22.57,781.4,0,Dense Forest,3,Colluvial,0.3805,0
27.70084,91.72929,42.32,1307.2,2,Degraded Forest,3,Colluvial,0.5445,0
25.85981,90.96188,25.58,1186.1,1,Agriculture,2,Alluvial,0.3967,0
25.18871,89.63655,28.88,1142.5,2,Degraded Forest,1,Laterite,0.3989,0
23.37668,91.99664,19.25,343.4,3,Urban,3,Colluvial,0.4496,0
21.65173,88.9976,3.0,50.0,1,Agriculture,3,Colluvial,0.247,0
26.1054,96.88904,33.21,937.5,0,Dense Forest,1,Laterite,0.2064,0
24.01859,94.11343,27.93,762.5,3,Urban,1,Laterite,0.3476,0
26.24439,88.91793,34.07,1203.9,3,Urban,3,Colluvial,0.5598,1
26.01367,91.12356,44.83,1121.9,0,Dense Forest,3,Colluvial,0.472,0
24.73918,97.30772,24.57,667.7,0,Dense Forest,3,Colluvial,0.319,0
27.2384,94.48408,33.31,1349.8,3,Urban,3,Colluvial,0.4616,0
26.64345,96.89073,51.62,1114.1,1,Agriculture,2,Alluvial,0.534,0
28.06625,89.28042,29.63,1674.3,1,Agriculture,3,Colluvial,0.4551,0
24.8169,88.84801,22.48,635.7,3,Urban,0,Granite/Gneiss,0.2623,0
25.37392,92.40561,32.42,811.8,0,Dense Forest,1,Laterite,0.3859,0
27.1919,96.60611,45.35,1543.7,2,Degraded Forest,4,Shale,0.5798,1
25.2494,93.33141,36.54,855.6,0,Dense Forest,4,Shale,0.4763,0
29.34516,93.33931,36.1,2217.3,0,Dense Forest,3,Colluvial,0.4492,0
25.63894,91.35771,43.54,1070.5,2,Degraded Forest,1,Laterite,0.5317,0
26.06183,90.75132,35.82,763.8,0,Dense Forest,3,Colluvial,0.415,0
27.12174,97.48844,29.53,1100.0,2,Degraded Forest,3,Colluvial,0.476,0
29.45685,91.56398,38.96,1772.2,0,Dense Forest,2,Alluvial,0.3792,0
24.80065,95.0658,27.95,991.2,0,Dense Forest,3,Colluvial,0.3502,0
26.74409,95.02061,51.88,1408.2,0,Dense Forest,0,Granite/Gneiss,0.2745,0
27.50573,92.87302,39.22,1354.6,3,Urban,1,Laterite,0.4804,0
25.67775,88.56855,47.81,1286.5,1,Agriculture,3,Colluvial,0.4341,0
26.55175,91.15819,40.97,1302.4,1,Agriculture,4,Shale,0.5831,1
23.67102,97.2244,13.04,524.7,1,Agriculture,4,Shale,0.3397,0
28.08193,95.80271,50.94,1815.6,2,Degraded Forest,3,Colluvial,0.5857,1
27.76943,93.80654,30.96,1349.1,0,Dense Forest,1,Laterite,0.2222,0
22.51714,90.97094,13.89,439.9,3,Urban,1,Laterite,0.2345,0
24.58545,91.67789,28.78,925.7,4,Barren,0,Granite/Gneiss,0.4121,0
22.66863,89.95663,19.15,486.6,1,Agriculture,3,Colluvial,0.3135,0
26.08411,92.01019,39.34,1100.3,1,Agriculture,2,Alluvial,0.4575,0
28.82164,93.07332,46.47,1921.6,3,Urban,2,Alluvial,0.5586,1
28.64665,91.58376,40.86,2076.3,1,Agriculture,4,Shale,0.5862,1
26.0784,90.50875,45.76,1099.1,3,Urban,2,Alluvial,0.6385,1
26.87623,91.93235,31.36,1323.2,0,Dense Forest,1,Laterite,0.2807,0
25.86303,90.69731,23.36,1266.7,1,Agriculture,1,Laterite,0.2816,0
27.54473,92.85442,41.37,1406.9,4,Barren,0,Granite/Gneiss,0.4774,0
26.49969,94.43562,33.6,1166.3,0,Dense Forest,2,Alluvial,0.3362,0
26.34763,89.93715,35.14,958.7,0,Dense Forest,3,Colluvial,0.368,0
28.10508,95.05239,45.67,1241.3,2,Degraded Forest,2,Alluvial,0.485,0
28.43391,92.72219,39.52,1433.2,4,Barren,4,Shale,0.7097,1
21.5747,88.47943,30.15,289.4,0,Dense Forest,1,Laterite,0.1745,0
25.76324,92.96084,33.11,853.7,4,Barren,2,Alluvial,0.5428,0
28.36669,90.59825,37.15,1742.3,2,Degraded Forest,3,Colluvial,0.5218,0
26.04288,93.37686,36.75,1419.2,4,Barren,1,Laterite,0.5061,0
27.09816,89.103,35.31,1391.3,2,Degraded Forest,1,Laterite,0.3136,0
26.43935,91.46047,34.43,1034.9,2,Degraded Forest,2,Alluvial,0.5631,1
25.98224,95.5273,22.96,1082.0,3,Urban,0,Granite/Gneiss,0.2642,0
27.88667,91.68249,31.01,1613.0,0,Dense Forest,4,Shale,0.4206,0
26.00996,88.77215,40.41,1191.7,4,Barren,0,Granite/Gneiss,0.4224,0
24.48456,91.8078,16.32,794.9,0,Dense Forest,0,Granite/Gneiss,0.1598,0
24.37117,93.88871,24.79,872.3,0,Dense Forest,1,Laterite,0.2329,0
25.96406,90.31842,34.35,1304.3,2,Degraded Forest,2,Alluvial,0.4331,0
29.01041,88.23616,54.47,1693.9,0,Dense Forest,1,Laterite,0.4292,0
29.00235,95.1054,39.28,2069.0,3,Urban,2,Alluvial,0.4701,0
24.36061,89.58384,31.8,809.6,3,Urban,0,Granite/Gneiss,0.3246,0
27.14897,91.22093,35.22,925.9,0,Dense Forest,1,Laterite,0.3029,0
29.39948,90.55704,27.18,1839.8,0,Dense Forest,0,Granite/Gneiss,0.211,0
26.53053,91.5348,34.23,1197.2,1,Agriculture,1,Laterite,0.2445,0
22.48423,92.93451,18.16,537.5,3,Urban,3,Colluvial,0.4293,0
26.63432,94.21906,37.65,1139.0,3,Urban,2,Alluvial,0.4978,0
29.00599,91.07056,38.01,1818.7,0,Dense Forest,1,Laterite,0.3091,0
28.85568,91.28926,38.3,1471.2,4,Barren,1,Laterite,0.4653,0
25.51756,95.44043,39.67,837.9,0,Dense Forest,4,Shale,0.4552,0
29.17102,91.71525,41.08,1985.4,1,Agriculture,3,Colluvial,0.5166,0
25.52867,92.07974,14.8,762.2,0,Dense Forest,3,Colluvial,0.395,0
26.63894,92.46589,38.19,1449.5,1,Agriculture,0,Granite/Gneiss,0.2534,0
22.47891,91.99997,25.57,548.2,2,Degraded Forest,0,Granite/Gneiss,0.2515,0
27.95804,90.80815,46.05,1801.3,1,Agriculture,3,Colluvial,0.5313,0
29.32215,89.90904,39.41,2169.0,3,Urban,1,Laterite,0.5025,0
29.2676,89.86533,44.13,2002.7,2,Degraded Forest,2,Alluvial,0.4649,0
26.71061,88.07505,38.79,1357.5,0,Dense Forest,1,Laterite,0.3072,0
21.9187,92.4165,24.28,318.1,2,Degraded Forest,1,Laterite,0.2048,0
26.12476,91.42077,36.36,1154.8,0,Dense Forest,0,Granite/Gneiss,0.2615,0
28.50788,88.63364,47.48,1602.1,2,Degraded Forest,2,Alluvial,0.4902,0
26.35632,92.18885,27.35,1346.7,1,Agriculture,3,Colluvial,0.4621,0
23.61569,93.70274,4.61,665.8,0,Dense Forest,0,Granite/Gneiss,0.0669,0
26.54385,90.1153,42.34,1410.9,1,Agriculture,1,Laterite,0.339,0
28.60376,94.12282,34.07,1656.6,3,Urban,3,Colluvial,0.5977,1
28.47,96.15893,39.77,1644.1,2,Degraded Forest,1,Laterite,0.3091,0
25.03103,97.17838,34.7,936.8,4,Barren,3,Colluvial,0.5109,0
22.98154,88.8223,20.77,408.0,1,Agriculture,3,Colluvial,0.3783,0
28.18899,90.20063,45.71,2173.4,4,Barren,0,Granite/Gneiss,0.4936,0
25.02875,93.18686,47.87,1280.9,1,Agriculture,1,Laterite,0.5056,0
27.82571,97.29749,43.13,1524.1,3,Urban,3,Colluvial,0.6217,1
24.86046,95.14498,21.77,829.9,1,Agriculture,1,Laterite,0.2393,0
24.53542,95.03858,14.81,872.2,0,Dense Forest,0,Granite/Gneiss,0.0727,0
28.67818,91.66221,47.33,1629.2,3,Urban,1,Laterite,0.4661,0
28.82327,92.01459,43.11,1658.5,3,Urban,4,Shale,0.6729,1
26.98516,88.70034,24.54,1342.7,3,Urban,4,Shale,0.5324,0
26.51775,94.62132,43.25,1154.7,0,Dense Forest,2,Alluvial,0.3822,0
23.87039,88.58068,29.68,670.1,2,Degraded Forest,1,Laterite,0.295,0
26.9201,89.24532,35.23,1393.5,0,Dense Forest,2,Alluvial,0.3481,0
26.2292,89.90436,50.23,527.6,0,Dense Forest,1,Laterite,0.4088,0
25.20116,97.40978,37.06,547.5,3,Urban,1,Laterite,0.4244,0
23.04193,91.37101,12.86,277.4,1,Agriculture,2,Alluvial,0.2216,0
24.36178,96.90879,35.11,799.8,4,Barren,3,Colluvial,0.5899,1
21.69435,94.18442,17.77,50.0,1,Agriculture,1,Laterite,0.1985,0
26.78727,91.03533,49.97,1751.7,4,Barren,4,Shale,0.7839,1
25.71184,89.96047,38.34,1226.6,2,Degraded Forest,1,Laterite,0.4401,0
25.41105,90.70815,33.54,1371.6,1,Agriculture,2,Alluvial,0.4887,0
27.64918,97.49491,41.48,1663.6,1,Agriculture,3,Colluvial,0.5304,0
24.74015,96.55779,17.64,512.3,3,Urban,1,Laterite,0.3028,0
23.52422,91.97825,18.49,322.3,3,Urban,1,Laterite,0.2655,0
28.61305,89.75541,43.34,1598.2,1,Agriculture,0,Granite/Gneiss,0.3107,0
26.76407,95.94886,23.77,1045.2,2,Degraded Forest,4,Shale,0.4831,0
26.68348,91.46895,38.18,1482.5,1,Agriculture,2,Alluvial,0.4619,0
27.81082,92.98466,32.72,1488.2,2,Degraded Forest,0,Granite/Gneiss,0.2539,0
26.04689,95.76228,28.91,1164.1,4,Barren,3,Colluvial,0.5779,1
26.14305,93.47099,38.1,1420.0,0,Dense Forest,2,Alluvial,0.3866,0
26.5775,89.38432,29.59,1627.8,2,Degraded Forest,0,Granite/Gneiss,0.261,0
26.83845,89.81745,38.78,1246.9,1,Agriculture,2,Alluvial,0.3267,0
21.72967,93.52201,17.02,50.0,1,Agriculture,2,Alluvial,0.281,0
22.60381,93.44619,10.67,110.7,3,Urban,0,Granite/Gneiss,0.1526,0
24.16902,89.83059,32.06,930.4,1,Agriculture,2,Alluvial,0.3151,0
25.52899,97.06205,37.57,1059.6,0,Dense Forest,1,Laterite,0.2496,0
27.7823,90.67009,46.46,1335.5,3,Urban,3,Colluvial,0.6519,1
25.75043,88.97133,46.2,1197.9,2,Degraded Forest,0,Granite/Gneiss,0.3799,0
28.44623,95.91162,37.76,1447.7,1,Agriculture,0,Granite/Gneiss,0.2915,0
28.61431,95.06929,26.08,1346.2,0,Dense Forest,4,Shale,0.4091,0
25.90328,90.65345,26.26,689.2,0,Dense Forest,2,Alluvial,0.3401,0
26.4812,91.22831,41.36,931.6,0,Dense Forest,1,Laterite,0.3259,0
26.65338,91.27283,33.67,1491.0,2,Degraded Forest,3,Colluvial,0.5113,0
25.73693,91.59073,19.65,1012.8,1,Agriculture,4,Shale,0.4821,0
27.21862,90.14472,22.98,1379.9,2,Degraded Forest,1,Laterite,0.3053,0
27.10035,95.25528,47.36,1397.5,0,Dense Forest,3,Colluvial,0.5556,1
27.13191,90.14783,40.99,1165.1,0,Dense Forest,3,Colluvial,0.451,0
27.45445,88.25257,33.36,1343.8,0,Dense Forest,3,Colluvial,0.3515,0
26.10679,90.97137,47.34,1059.8,2,Degraded Forest,3,Colluvial,0.5566,1
29.22596,92.62827,65.16,1652.1,0,Dense Forest,3,Colluvial,0.5536,1
28.30136,91.15702,48.78,1533.1,4,Barren,4,Shale,0.6652,1
21.86247,91.22805,22.4,157.2,1,Agriculture,4,Shale,0.4386,0
25.51713,96.81465,34.29,954.3,1,Agriculture,1,Laterite,0.1999,0
28.48712,96.15525,48.05,1758.7,1,Agriculture,4,Shale,0.5739,1
24.44642,90.05722,41.72,665.8,1,Agriculture,1,Laterite,0.2931,0
25.51356,90.32255,22.27,1312.0,3,Urban,3,Colluvial,0.5568,1
25.65385,91.63129,27.86,828.1,3,Urban,3,Colluvial,0.5535,1
28.25836,89.28305,39.96,1514.6,0,Dense Forest,2,Alluvial,0.3906,0
23.54838,88.55017,27.28,639.7,2,Degraded Forest,0,Granite/Gneiss,0.1584,0
22.72124,91.24399,32.1,498.3,2,Degraded Forest,4,Shale,0.5614,1
28.73738,92.70567,45.44,1487.2,4,Barren,0,Granite/Gneiss,0.4783,0
28.6909,93.01548,46.97,1697.4,1,Agriculture,1,Laterite,0.3902,0
26.66557,95.44572,39.78,1422.2,0,Dense Forest,2,Alluvial,0.3256,0
28.26939,92.57379,40.57,1302.6,1,Agriculture,0,Granite/Gneiss,0.2716,0
27.87912,94.60068,35.59,1517.7,1,Agriculture,3,Colluvial,0.4817,0
26.59329,94.24255,34.7,948.6,3,Urban,1,Laterite,0.3789,0
26.40546,94.68735,28.16,1041.1,4,Barren,4,Shale,0.6126,1
25.90711,91.48959,26.43,1108.7,0,Dense Forest,4,Shale,0.475,0
26.64666,91.99101,37.24,1214.5,3,Urban,3,Colluvial,0.5975,1
26.28217,90.53073,29.11,947.9,4,Barren,3,Colluvial,0.5385,0
26.01882,91.47069,46.72,1361.0,4,Barren,2,Alluvial,0.7255,1
28.02418,91.35174,40.64,1501.2,3,Urban,1,Laterite,0.4924,0
25.50826,91.94841,40.9,1111.8,2,Degraded Forest,1,Laterite,0.4162,0
27.58453,91.0451,27.86,1769.4,0,Dense Forest,4,Shale,0.3624,0
25.46817,91.50279,20.16,857.6,4,Barren,2,Alluvial,0.5933,1
22.4274,93.59113,17.59,431.8,1,Agriculture,3,Colluvial,0.3278,0
25.57228,91.87846,37.77,1099.3,0,Dense Forest,2,Alluvial,0.3604,0
24.87113,91.23566,23.72,580.6,1,Agriculture,1,Laterite,0.3022,0
23.85074,97.15221,23.01,870.4,2,Degraded Forest,0,Granite/Gneiss,0.2177,0
27.7236,90.95797,46.34,1520.5,1,Agriculture,1,Laterite,0.4124,0
24.07408,90.94683,21.55,572.6,3,Urban,4,Shale,0.5905,1
26.41279,94.02537,27.36,881.5,1,Agriculture,3,Colluvial,0.4082,0
24.0312,91.96269,30.16,414.7,0,Dense Forest,3,Colluvial,0.3747,0
25.09983,94.82372,18.07,888.3,0,Dense Forest,3,Colluvial,0.2819,0
21.87409,96.85087,13.41,50.0,1,Agriculture,0,Granite/Gneiss,0.1591,0
25.55042,94.13372,31.1,1137.9,0,Dense Forest,1,Laterite,0.2471,0
23.8722,88.87119,28.13,557.9,1,Agriculture,1,Laterite,0.2827,0
25.65147,91.91746,37.15,721.8,0,Dense Forest,1,Laterite,0.3085,0
27.75821,91.406,46.3,1375.5,3,Urban,0,Granite/Gneiss,0.3687,0
25.2402,97.10286,26.61,729.0,2,Degraded Forest,1,Laterite,0.313,0
26.51218,90.71377,41.46,982.9,2,Degraded Forest,4,Shale,0.5991,1
26.08422,90.33161,36.24,688.4,0,Dense Forest,2,Alluvial,0.3063,0
27.64648,93.66035,43.82,1502.9,0,Dense Forest,1,Laterite,0.3084,0
24.80247,93.51572,22.31,652.3,2,Degraded Forest,2,Alluvial,0.4816,0
22.44835,88.14447,23.88,688.7,2,Degraded Forest,1,Laterite,0.2886,0
27.44774,91.76156,36.08,1636.8,0,Dense Forest,2,Alluvial,0.3446,0
26.53874,89.36045,34.28,1560.0,0,Dense Forest,0,Granite/Gneiss,0.2097,0
25.98996,93.29609,33.16,1253.4,4,Barren,4,Shale,0.7334,1
26.5163,91.40299,50.72,1111.7,1,Agriculture,1,Laterite,0.4314,0
28.36732,94.65655,33.43,1710.0,0,Dense Forest,3,Colluvial,0.4082,0
28.80517,89.16083,51.91,1683.1,0,Dense Forest,3,Colluvial,0.5197,0
25.92228,91.84261,43.03,1163.1,3,Urban,2,Alluvial,0.6499,1
25.03438,93.35335,34.86,1073.5,3,Urban,4,Shale,0.6159,1
25.09485,95.4564,24.2,1028.3,1,Agriculture,1,Laterite,0.2176,0
29.0711,90.51068,56.96,1805.2,0,Dense Forest,0,Granite/Gneiss,0.3047,0
26.42445,92.53576,30.81,1221.2,1,Agriculture,1,Laterite,0.364,0
28.066,91.95663,45.12,1621.3,1,Agriculture,3,Colluvial,0.5373,0
23.23414,95.70398,22.47,711.4,1,Agriculture,0,Granite/Gneiss,0.1792,0
28.62447,90.66585,38.76,1605.1,0,Dense Forest,1,Laterite,0.3361,0
22.70223,95.0356,23.88,318.8,0,Dense Forest,2,Alluvial,0.271,0
25.52309,90.51144,45.12,903.7,3,Urban,3,Colluvial,0.6237,1
28.2065,90.73731,42.2,1636.4,2,Degraded Forest,1,Laterite,0.3563,0
25.73431,90.67993,46.71,1180.1,3,Urban,2,Alluvial,0.5876,1
25.58547,89.26291,28.85,1079.2,1,Agriculture,1,Laterite,0.3218,0
22.54547,93.78314,19.54,323.7,4,Barren,0,Granite/Gneiss,0.3137,0
24.81777,88.98238,17.64,1061.1,4,Barren,3,Colluvial,0.4379,0
26.86176,91.61677,30.64,1147.6,0,Dense Forest,2,Alluvial,0.2375,0
22.38306,91.28852,16.56,50.0,1,Agriculture,3,Colluvial,0.3353,0
24.21099,97.30042,22.53,774.3,3,Urban,3,Colluvial,0.4898,0
26.27505,89.74554,25.22,1166.3,3,Urban,0,Granite/Gneiss,0.3389,0
27.28148,90.65004,30.59,1367.4,4,Barren,2,Alluvial,0.5565,1
26.22681,94.2126,30.43,899.6,2,Degraded Forest,4,Shale,0.5398,0
25.71296,90.45672,40.29,1087.6,1,Agriculture,1,Laterite,0.3461,0
23.74113,93.17341,11.44,963.3,1,Agriculture,2,Alluvial,0.2536,0
26.83515,92.96679,18.35,1034.1,1,Agriculture,3,Colluvial,0.3662,0
24.39181,90.37176,11.76,719.2,3,Urban,1,Laterite,0.2994,0
24.69369,93.3478,20.2,833.7,4,Barren,3,Colluvial,0.52,0
24.13751,92.10458,29.99,604.7,0,Dense Forest,3,Colluvial,0.3883,0
27.33302,93.46671,34.02,1445.3,2,Degraded Forest,1,Laterite,0.3398,0
22.44694,94.22355,15.59,223.7,1,Agriculture,1,Laterite,0.0974,0
25.50573,95.0601,26.88,1032.0,1,Agriculture,4,Shale,0.4645,0
29.11053,89.72491,28.52,1761.4,3,Urban,0,Granite/Gneiss,0.3873,0
25.9544,88.83534,38.6,994.7,2,Degraded Forest,2,Alluvial,0.3598,0
29.18783,97.30575,54.31,1814.3,1,Agriculture,3,Colluvial,0.5642,1
26.14648,93.47563,29.74,1241.7,1,Agriculture,0,Granite/Gneiss,0.2174,0
26.7933,90.35728,35.53,979.5,1,Agriculture,4,Shale,0.5446,0
24.53136,91.40992,27.32,920.8,1,Agriculture,2,Alluvial,0.416,0
22.48524,91.6315,10.15,176.5,0,Dense Forest,2,Alluvial,0.2096,0
25.24735,95.90097,25.52,1066.8,0,Dense Forest,2,Alluvial,0.2411,0
23.94037,97.01889,38.44,515.1,2,Degraded Forest,4,Shale,0.5482,0
26.46092,91.93706,33.57,1358.9,2,Degraded Forest,4,Shale,0.6993,1
24.49098,90.21169,28.0,763.2,2,Degraded Forest,1,Laterite,0.3631,0
27.7873,94.63019,33.03,1328.8,3,Urban,2,Alluvial,0.4996,0
22.69732,88.63017,16.05,281.6,4,Barren,1,Laterite,0.393,0
27.18184,94.21254,41.48,1617.1,3,Urban,1,Laterite,0.429,0
22.13863,92.21946,10.68,254.1,1,Agriculture,0,Granite/Gneiss,0.0157,0
27.4621,92.2408,50.32,1349.9,0,Dense Forest,3,Colluvial,0.4127,0
22.52335,92.14206,5.91,558.4,1,Agriculture,4,Shale,0.2876,0
24.82982,91.35949,22.42,1020.2,2,Degraded Forest,3,Colluvial,0.4891,0
27.08111,91.72519,24.09,1187.7,3,Urban,2,Alluvial,0.4609,0
26.62324,92.75221,44.81,1211.8,2,Degraded Forest,3,Colluvial,0.6087,1
25.94193,92.01099,31.37,746.9,1,Agriculture,4,Shale,0.5039,0
22.53666,95.0555,16.6,507.6,2,Degraded Forest,2,Alluvial,0.3954,0
29.40388,96.34753,47.82,1879.2,1,Agriculture,4,Shale,0.6414,1
21.6627,90.79627,26.8,270.6,4,Barren,0,Granite/Gneiss,0.3081,0
26.11138,89.84695,34.02,751.1,3,Urban,0,Granite/Gneiss,0.4569,0
29.33636,91.61646,53.53,1807.0,3,Urban,0,Granite/Gneiss,0.4896,0
27.11016,88.95275,33.69,1395.8,1,Agriculture,0,Granite/Gneiss,0.2516,0
23.96389,97.4642,16.55,230.7,1,Agriculture,2,Alluvial,0.2124,0
25.01648,95.78569,30.04,1022.5,0,Dense Forest,4,Shale,0.377,0
26.58406,92.20473,28.49,1179.2,0,Dense Forest,3,Colluvial,0.4337,0
25.63393,90.51005,36.01,679.2,0,Dense Forest,3,Colluvial,0.4465,0
26.48927,88.83205,30.44,1119.7,4,Barren,1,Laterite,0.4612,0
23.27443,97.11791,20.98,590.6,0,Dense Forest,2,Alluvial,0.1891,0
29.43945,96.95091,26.85,1703.8,0,Dense Forest,1,Laterite,0.2613,0
28.65787,95.87094,40.84,1701.4,1,Agriculture,2,Alluvial,0.4259,0
28.68956,89.28732,40.02,1631.0,1,Agriculture,3,Colluvial,0.4355,0
28.02671,94.7116,48.78,1169.7,4,Barren,2,Alluvial,0.5385,0
26.73275,95.50153,41.58,1402.1,0,Dense Forest,2,Alluvial,0.3691,0
28.07489,95.69892,39.85,1740.9,4,Barren,3,Colluvial,0.6592,1
22.52268,90.55691,5.79,559.9,0,Dense Forest,1,Laterite,0.1379,0
24.90493,96.04996,24.25,867.9,4,Barren,2,Alluvial,0.4706,0
26.17356,91.3789,41.84,1248.5,1,Agriculture,4,Shale,0.5719,1
24.0951,92.43397,23.14,361.1,2,Degraded Forest,4,Shale,0.5058,0
27.86452,91.80505,30.33,1580.0,1,Agriculture,0,Granite/Gneiss,0.2584,0
25.33463,89.07005,38.59,899.2,2,Degraded Forest,2,Alluvial,0.4215,0
28.67927,91.59996,28.93,1699.9,2,Degraded Forest,1,Laterite,0.3315,0
27.40755,92.02849,36.25,1205.7,0,Dense Forest,1,Laterite,0.2821,0
25.80702,91.70988,35.62,1293.6,0,Dense Forest,2,Alluvial,0.4294,0
25.60307,90.75309,31.39,693.0,4,Barren,2,Alluvial,0.5168,0
27.38475,89.94296,27.14,1478.5,1,Agriculture,3,Colluvial,0.3915,0
28.37227,90.71632,33.34,1462.8,4,Barren,0,Granite/Gneiss,0.4081,0
26.19257,93.30551,27.01,1579.5,2,Degraded Forest,4,Shale,0.5788,1
29.00753,92.94244,49.43,1928.3,1,Agriculture,2,Alluvial,0.4798,0
22.39689,91.01086,19.73,296.1,0,Dense Forest,3,Colluvial,0.2937,0
26.49529,94.02222,30.63,1018.4,4,Barren,3,Colluvial,0.5835,1
25.59781,95.7327,33.64,1200.0,2,Degraded Forest,4,Shale,0.5132,0
25.39691,96.47385,23.61,323.9,0,Dense Forest,4,Shale,0.4193,0
25.23979,88.65952,34.93,1018.3,2,Degraded Forest,3,Colluvial,0.4768,0
28.7402,97.00785,45.76,1831.1,0,Dense Forest,3,Colluvial,0.4346,0
22.03849,91.49168,15.22,311.5,3,Urban,3,Colluvial,0.3505,0
23.02046,91.86022,19.4,609.7,0,Dense Forest,1,Laterite,0.1514,0
29.41437,90.84202,41.94,1767.7,0,Dense Forest,1,Laterite,0.2905,0
25.13567,97.44679,36.6,1027.9,0,Dense Forest,2,Alluvial,0.3136,0
21.52168,91.54987,16.81,50.0,0,Dense Forest,3,Colluvial,0.2704,0
26.67055,88.48893,32.66,1097.3,1,Agriculture,0,Granite/Gneiss,0.2865,0
24.7333,94.17342,19.36,621.0,2,Degraded Forest,2,Alluvial,0.3783,0
29.33608,92.22417,49.1,1812.7,3,Urban,2,Alluvial,0.4881,0
25.73169,90.59573,35.21,1274.4,2,Degraded Forest,2,Alluvial,0.5374,0
26.50164,96.12734,29.55,1568.4,1,Agriculture,4,Shale,0.5074,0
28.16259,93.73296,36.62,1545.0,2,Degraded Forest,0,Granite/Gneiss,0.3939,0
25.51255,91.91605,29.11,873.8,4,Barren,3,Colluvial,0.619,1
22.14736,92.40316,8.2,511.5,1,Agriculture,3,Colluvial,0.2398,0
26.40867,91.71292,34.0,1291.1,0,Dense Forest,1,Laterite,0.3505,0
27.92284,92.92306,25.92,1551.0,1,Agriculture,3,Colluvial,0.437,0
26.12917,93.08523,22.12,920.4,0,Dense Forest,2,Alluvial,0.2683,0
24.16848,92.14222,20.93,986.7,0,Dense Forest,2,Alluvial,0.2877,0
29.06516,91.85149,38.34,1820.9,3,Urban,2,Alluvial,0.5335,0
25.97441,96.97484,35.39,1106.8,3,Urban,4,Shale,0.6141,1
25.75482,94.94054,33.22,1165.7,1,Agriculture,4,Shale,0.4962,0
25.98794,92.79058,42.84,1114.2,3,Urban,4,Shale,0.7005,1
23.70284,91.03854,24.0,890.6,0,Dense Forest,4,Shale,0.3773,0
27.13409,95.90418,37.78,1570.0,1,Agriculture,0,Granite/Gneiss,0.2701,0
24.4348,92.50241,16.7,648.1,2,Degraded Forest,2,Alluvial,0.3179,0
26.08147,92.54994,22.89,1148.2,1,Agriculture,4,Shale,0.4994,0
25.13167,92.09853,29.13,800.0,0,Dense Forest,3,Colluvial,0.3855,0
25.05319,92.31375,28.98,1277.3,2,Degraded Forest,2,Alluvial,0.4425,0
25.18834,94.23868,31.15,785.3,3,Urban,3,Colluvial,0.6525,1
25.22024,93.69648,39.11,913.2,2,Degraded Forest,1,Laterite,0.3357,0
27.0405,91.84083,26.84,1419.4,0,Dense Forest,2,Alluvial,0.3532,0
26.75122,93.51579,48.21,1382.7,0,Dense Forest,2,Alluvial,0.4257,0
25.53746,91.72498,18.22,1143.3,1,Agriculture,2,Alluvial,0.3985,0
27.1982,88.09718,39.35,1542.3,0,Dense Forest,3,Colluvial,0.3804,0
26.03068,90.70911,22.02,1258.0,3,Urban,4,Shale,0.6265,1
23.70502,91.62531,29.06,509.5,2,Degraded Forest,1,Laterite,0.2656,0
25.55508,94.14691,18.34,903.1,2,Degraded Forest,3,Colluvial,0.3961,0
26.75735,96.52026,12.86,1290.5,3,Urban,3,Colluvial,0.4304,0
27.6881,90.95286,39.37,1382.0,0,Dense Forest,3,Colluvial,0.4887,0
25.03655,94.18178,27.26,764.2,2,Degraded Forest,2,Alluvial,0.4192,0
28.55333,96.03821,50.3,1602.6,0,Dense Forest,4,Shale,0.5253,0
26.46622,90.6047,34.25,1637.8,0,Dense Forest,2,Alluvial,0.3637,0
22.56423,95.13441,13.03,648.2,0,Dense Forest,0,Granite/Gneiss,0.0942,0
26.29641,92.05278,28.67,1131.4,4,Barren,3,Colluvial,0.5649,1
26.62253,90.11436,59.94,839.3,1,Agriculture,0,Granite/Gneiss,0.4322,0
29.29105,91.8484,37.22,1734.9,0,Dense Forest,1,Laterite,0.2894,0
28.65459,92.35485,46.03,1885.8,2,Degraded Forest,1,Laterite,0.4083,0
25.9011,92.05372,34.72,777.1,0,Dense Forest,2,Alluvial,0.3357,0
24.01578,88.96611,28.82,786.8,0,Dense Forest,1,Laterite,0.1253,0
21.94422,88.63045,20.4,307.9,3,Urban,1,Laterite,0.3796,0
25.6845,88.99222,28.55,1045.0,0,Dense Forest,3,Colluvial,0.2902,0
22.48525,93.72896,4.6,314.2,4,Barren,2,Alluvial,0.3619,0
25.20241,92.27986,30.13,752.1,2,Degraded Forest,2,Alluvial,0.4953,0
24.25178,91.768,25.22,858.5,0,Dense Forest,4,Shale,0.4287,0
25.2775,90.01254,30.16,1011.9,0,Dense Forest,2,Alluvial,0.3399,0
25.09459,91.7031,33.0,812.7,2,Degraded Forest,3,Colluvial,0.5474,0
27.49172,93.36341,34.16,1291.1,1,Agriculture,1,Laterite,0.3261,0
21.65691,88.77743,10.63,50.0,1,Agriculture,2,Alluvial,0.1981,0
26.54842,92.38381,41.14,1310.2,3,Urban,3,Colluvial,0.6029,1
25.42623,88.81892,27.09,943.0,3,Urban,1,Laterite,0.3741,0
26.24834,91.64077,28.86,1130.5,2,Degraded Forest,3,Colluvial,0.544,0
23.42645,88.74495,17.58,221.2,3,Urban,2,Alluvial,0.3807,0
26.85266,94.01402,39.83,1085.3,0,Dense Forest,2,Alluvial,0.3498,0
25.23406,91.11896,27.32,699.4,0,Dense Forest,3,Colluvial,0.4145,0
24.2065,89.4335,42.85,862.7,3,Urban,1,Laterite,0.48,0
28.46136,94.30174,41.56,1700.6,1,Agriculture,3,Colluvial,0.4548,0
29.48129,88.65658,35.28,1839.2,1,Agriculture,2,Alluvial,0.3528,0
29.48583,93.16062,41.45,2117.9,2,Degraded Forest,1,Laterite,0.374,0
23.43331,88.87465,27.49,727.8,1,Agriculture,3,Colluvial,0.3967,0
24.68046,94.71693,22.13,1036.7,0,Dense Forest,4,Shale,0.4327,0
22.28489,88.00226,17.81,228.2,2,Degraded Forest,1,Laterite,0.2465,0
29.08411,93.34974,51.27,1523.6,3,Urban,3,Colluvial,0.6429,1
24.97502,92.69953,37.06,1223.2,0,Dense Forest,1,Laterite,0.3282,0
23.61633,92.13349,18.74,681.0,2,Degraded Forest,3,Colluvial,0.4223,0
26.38926,96.95244,31.28,1309.1,1,Agriculture,0,Granite/Gneiss,0.2417,0
26.25091,91.26324,33.59,1304.1,0,Dense Forest,0,Granite/Gneiss,0.2777,0
21.52909,92.48518,25.85,659.2,0,Dense Forest,0,Granite/Gneiss,0.041,0
28.91163,92.37577,34.0,1747.5,0,Dense Forest,4,Shale,0.482,0
26.88929,93.37416,38.09,1599.9,2,Degraded Forest,2,Alluvial,0.4948,0
27.52079,89.8792,38.02,1284.2,1,Agriculture,2,Alluvial,0.4225,0
23.54728,93.434,15.5,723.7,4,Barren,3,Colluvial,0.479,0
25.02198,92.64835,38.11,1249.1,0,Dense Forest,0,Granite/Gneiss,0.3658,0
28.11682,95.54057,47.74,1579.4,4,Barren,1,Laterite,0.5788,1
26.81055,91.28671,47.22,911.1,1,Agriculture,3,Colluvial,0.5797,1
26.6068,95.77405,43.59,1362.4,0,Dense Forest,2,Alluvial,0.3942,0
26.60688,93.68721,34.23,1205.7,0,Dense Forest,0,Granite/Gneiss,0.2135,0
23.99336,92.51218,29.31,829.9,2,Degraded Forest,3,Colluvial,0.5071,0
28.85976,91.29828,45.25,1662.7,3,Urban,1,Laterite,0.4566,0
27.85462,93.11952,31.57,2007.3,2,Degraded Forest,0,Granite/Gneiss,0.3467,0
25.8629,93.40771,20.93,1102.9,2,Degraded Forest,1,Laterite,0.3121,0
21.73174,91.29591,18.82,310.4,0,Dense Forest,1,Laterite,0.1282,0
26.23136,95.87373,33.51,964.6,0,Dense Forest,2,Alluvial,0.259,0
25.36424,91.93127,26.8,734.4,0,Dense Forest,1,Laterite,0.3451,0
26.33532,94.80472,32.39,928.6,0,Dense Forest,1,Laterite,0.3272,0
26.64832,91.7308,48.46,1000.3,3,Urban,3,Colluvial,0.6953,1
29.22048,93.51842,26.51,1972.8,3,Urban,3,Colluvial,0.558,1
27.6729,96.48308,43.27,1368.3,0,Dense Forest,3,Colluvial,0.4736,0
22.6958,94.44975,26.22,115.0,3,Urban,3,Colluvial,0.4938,0
26.95539,91.10744,43.2,1188.1,0,Dense Forest,2,Alluvial,0.3857,0
23.62053,92.45283,11.93,717.8,0,Dense Forest,2,Alluvial,0.1988,0
26.77496,91.31362,32.44,1422.6,0,Dense Forest,4,Shale,0.4394,0
25.79275,92.41398,28.35,1265.2,0,Dense Forest,4,Shale,0.5722,1
22.10176,92.44171,19.59,179.1,0,Dense Forest,3,Colluvial,0.2685,0
23.31864,92.98901,12.78,908.6,1,Agriculture,2,Alluvial,0.2687,0
25.13593,88.28486,31.66,1134.5,1,Agriculture,3,Colluvial,0.3801,0
24.94453,91.91353,20.84,640.2,1,Agriculture,0,Granite/Gneiss,0.2223,0
21.73215,90.35498,13.49,314.7,1,Agriculture,4,Shale,0.3229,0
25.50203,88.42538,40.77,1004.3,1,Agriculture,2,Alluvial,0.3913,0
24.73385,94.16117,33.86,794.6,4,Barren,2,Alluvial,0.551,1
24.01355,93.7681,25.42,667.5,3,Urban,1,Laterite,0.3808,0
25.38946,96.33225,18.45,841.9,4,Barren,0,Granite/Gneiss,0.3297,0
24.67554,89.88101,29.57,1016.3,2,Degraded Forest,0,Granite/Gneiss,0.3029,0
23.05429,91.44109,24.03,334.1,2,Degraded Forest,1,Laterite,0.3166,0
25.90284,93.91865,14.72,978.6,0,Dense Forest,2,Alluvial,0.2344,0
24.29385,94.98215,28.28,880.7,3,Urban,0,Granite/Gneiss,0.3287,0
25.58677,92.92208,21.72,1453.6,0,Dense Forest,4,Shale,0.4429,0
22.22038,90.93428,5.86,162.7,0,Dense Forest,2,Alluvial,0.1883,0
25.09307,96.15129,19.5,659.1,0,Dense Forest,1,Laterite,0.1317,0
25.25726,94.40978,11.8,1173.4,1,Agriculture,2,Alluvial,0.3187,0
26.55339,93.11201,30.69,1276.0,0,Dense Forest,0,Granite/Gneiss,0.2242,0
26.72241,91.22107,26.54,1375.5,4,Barren,4,Shale,0.7094,1
26.02578,90.57013,41.1,1125.2,0,Dense Forest,2,Alluvial,0.3841,0
26.92714,94.01786,32.48,1439.8,3,Urban,1,Laterite,0.4069,0
23.73462,92.39313,17.62,675.6,1,Agriculture,1,Laterite,0.2236,0
26.50674,92.3058,21.03,1121.8,2,Degraded Forest,1,Laterite,0.2998,0
22.61681,88.42264,15.76,492.1,2,Degraded Forest,2,Alluvial,0.3838,0
22.71155,91.75042,30.37,472.6,2,Degraded Forest,2,Alluvial,0.3532,0
23.90105,90.9556,36.38,566.0,1,Agriculture,2,Alluvial,0.3576,0
23.91981,88.5647,21.16,609.9,2,Degraded Forest,3,Colluvial,0.46,0
24.7069,92.02414,26.47,664.4,1,Agriculture,3,Colluvial,0.4897,0
28.02114,88.41184,45.08,1659.6,1,Agriculture,2,Alluvial,0.4355,0
27.05034,96.07689,27.61,1443.4,2,Degraded Forest,3,Colluvial,0.3856,0
25.87351,92.24237,34.35,1076.3,0,Dense Forest,0,Granite/Gneiss,0.3412,0
23.38092,93.32209,40.99,295.5,1,Agriculture,2,Alluvial,0.4621,0
29.28765,95.37301,50.32,1447.7,0,Dense Forest,0,Granite/Gneiss,0.3118,0
26.93617,93.36757,41.25,1276.9,3,Urban,1,Laterite,0.482,0
28.62345,92.11186,52.46,1750.1,3,Urban,2,Alluvial,0.5921,1
22.5593,94.71805,26.2,467.3,0,Dense Forest,3,Colluvial,0.3024,0
25.11903,92.76091,26.55,1140.8,1,Agriculture,0,Granite/Gneiss,0.3291,0
25.6015,88.78752,20.94,951.4,1,Agriculture,1,Laterite,0.2302,0
24.11121,94.60548,23.72,371.1,1,Agriculture,4,Shale,0.4443,0
22.65656,92.76038,11.58,257.5,3,Urban,1,Laterite,0.2741,0
22.07142,97.05136,14.89,665.2,2,Degraded Forest,1,Laterite,0.2432,0
24.01963,92.7668,17.48,995.8,3,Urban,0,Granite/Gneiss,0.2546,0
29.43673,95.81279,41.64,1971.4,4,Barren,3,Colluvial,0.6009,1
23.36546,90.81857,10.11,433.4,2,Degraded Forest,2,Alluvial,0.3065,0
26.82289,88.5766,29.41,1279.4,2,Degraded Forest,1,Laterite,0.3236,0
23.6612,88.75863,26.35,929.2,2,Degraded Forest,3,Colluvial,0.4445,0
23.43861,94.97472,27.53,578.2,2,Degraded Forest,2,Alluvial,0.3766,0
25.87024,89.31768,34.92,1007.2,3,Urban,2,Alluvial,0.5023,0
22.89632,88.02911,17.23,679.4,3,Urban,4,Shale,0.4889,0
21.561,94.20985,16.23,50.0,0,Dense Forest,0,Granite/Gneiss,0.093,0
29.3953,90.70048,60.16,1675.5,4,Barren,4,Shale,0.7918,1
26.48517,97.35165,27.93,1060.7,2,Degraded Forest,3,Colluvial,0.4386,0
28.92361,92.98065,55.68,1970.6,0,Dense Forest,2,Alluvial,0.487,0
25.90641,91.40078,19.97,979.3,3,Urban,4,Shale,0.6,1
26.02101,91.28557,18.28,762.6,1,Agriculture,3,Colluvial,0.4223,0
21.98029,89.4575,15.62,69.6,3,Urban,4,Shale,0.5026,0
22.99652,91.48797,20.31,342.5,4,Barren,2,Alluvial,0.4466,0
25.91046,94.504,22.49,1078.9,0,Dense Forest,1,Laterite,0.2452,0
21.77765,92.20443,13.41,188.1,3,Urban,2,Alluvial,0.2694,0
25.75459,94.38252,34.18,1250.8,3,Urban,1,Laterite,0.532,0
26.135,95.28737,24.58,1080.5,2,Degraded Forest,0,Granite/Gneiss,0.2761,0
25.87134,91.32947,39.52,967.0,1,Agriculture,3,Colluvial,0.5599,1
26.57164,88.33696,43.02,1250.5,0,Dense Forest,4,Shale,0.4908,0
22.52847,89.18977,28.82,379.9,1,Agriculture,2,Alluvial,0.2576,0
26.78815,88.85144,27.57,1169.6,0,Dense Forest,3,Colluvial,0.3832,0
24.79929,92.07867,21.15,501.7,1,Agriculture,1,Laterite,0.3494,0
26.48513,93.9057,32.31,1123.7,3,Urban,3,Colluvial,0.4691,0
28.72512,93.60356,39.92,1887.1,4,Barren,3,Colluvial,0.6726,1
27.11396,92.40321,33.45,1347.4,0,Dense Forest,0,Granite/Gneiss,0.2772,0
24.94451,91.50481,33.96,1123.8,0,Dense Forest,0,Granite/Gneiss,0.3466,0
27.19464,91.38615,41.25,1481.8,3,Urban,3,Colluvial,0.6175,1
21.67069,93.00549,8.64,50.0,1,Agriculture,2,Alluvial,0.2006,0
25.01008,94.9109,19.03,1183.6,4,Barren,2,Alluvial,0.49,0
25.38546,93.44757,19.66,800.4,3,Urban,4,Shale,0.5729,1
23.59148,95.20479,15.81,235.6,2,Degraded Forest,4,Shale,0.4369,0
23.92132,92.66007,30.85,713.6,0,Dense Forest,3,Colluvial,0.3609,0
23.05027,94.78337,21.96,292.0,0,Dense Forest,3,Colluvial,0.2281,0
24.72196,91.17551,34.49,813.6,1,Agriculture,1,Laterite,0.4114,0
27.13641,88.10584,22.54,1153.8,0,Dense Forest,1,Laterite,0.1868,0
25.57775,89.92292,32.48,1018.4,2,Degraded Forest,4,Shale,0.5368,0
25.37366,91.36725,31.61,1068.5,1,Agriculture,3,Colluvial,0.4697,0
29.06483,93.62076,52.97,1928.6,1,Agriculture,3,Colluvial,0.5474,0
27.58056,95.11446,34.53,1240.5,3,Urban,1,Laterite,0.3643,0
24.57395,89.46705,22.69,520.8,1,Agriculture,4,Shale,0.4811,0
25.54762,96.5809,42.23,1090.2,1,Agriculture,0,Granite/Gneiss,0.3062,0
26.61432,91.30751,32.81,1174.8,3,Urban,1,Laterite,0.4871,0
23.75679,93.74858,24.88,496.4,1,Agriculture,1,Laterite,0.208,0
26.5038,92.91303,37.57,1202.3,0,Dense Forest,3,Colluvial,0.3797,0
26.97172,93.518,22.18,1297.1,1,Agriculture,3,Colluvial,0.4581,0
28.89063,97.08469,43.04,1837.7,2,Degraded Forest,2,Alluvial,0.4567,0
23.63567,92.39342,13.05,678.0,1,Agriculture,0,Granite/Gneiss,0.1483,0
24.33516,88.65638,24.93,934.7,0,Dense Forest,4,Shale,0.3669,0
26.07653,88.3577,29.81,1078.1,0,Dense Forest,4,Shale,0.3925,0
25.82933,90.99062,27.18,1273.3,1,Agriculture,1,Laterite,0.3771,0
27.55112,93.84133,42.71,1579.0,0,Dense Forest,3,Colluvial,0.4381,0
24.97487,92.66341,28.81,1056.5,2,Degraded Forest,4,Shale,0.6428,1
24.19941,88.45164,16.64,486.0,2,Degraded Forest,1,Laterite,0.179,0
26.99223,90.80988,26.84,1315.1,2,Degraded Forest,1,Laterite,0.3452,0
21.91267,92.01691,23.27,571.9,0,Dense Forest,4,Shale,0.3504,0
27.34814,96.63656,36.63,1141.6,0,Dense Forest,0,Granite/Gneiss,0.1978,0
24.49651,89.53546,14.84,1132.5,3,Urban,1,Laterite,0.3247,0
23.52619,90.90531,19.27,905.3,2,Degraded Forest,3,Colluvial,0.4424,0
29.26061,95.53561,42.84,1992.5,3,Urban,3,Colluvial,0.598,1
26.68971,96.37619,24.59,998.3,1,Agriculture,3,Colluvial,0.3723,0
24.42699,89.29365,20.88,715.3,1,Agriculture,3,Colluvial,0.4365,0
25.84562,94.06955,38.64,1236.3,2,Degraded Forest,3,Colluvial,0.4809,0
24.5606,91.65144,46.39,523.5,4,Barren,1,Laterite,0.5313,0
28.54793,96.47739,43.85,1821.0,4,Barren,1,Laterite,0.604,1
26.02944,92.81184,21.15,1140.7,4,Barren,2,Alluvial,0.5786,1
26.08979,91.04583,30.47,1018.9,3,Urban,3,Colluvial,0.5037,0
28.19632,91.07212,41.09,1382.8,2,Degraded Forest,4,Shale,0.6755,1
25.29606,93.36615,35.53,1245.9,0,Dense Forest,2,Alluvial,0.4036,0
25.23459,93.19316,35.48,1095.6,2,Degraded Forest,0,Granite/Gneiss,0.329,0
28.67305,92.87191,52.81,1680.9,0,Dense Forest,4,Shale,0.5584,1
23.90997,93.44607,24.02,649.2,0,Dense Forest,0,Granite/Gneiss,0.1275,0
23.48101,94.16552,22.57,492.2,2,Degraded Forest,1,Laterite,0.281,0
23.25494,89.90821,6.48,133.3,3,Urban,4,Shale,0.4094,0
24.63978,97.37978,18.67,1064.1,2,Degraded Forest,2,Alluvial,0.2918,0
24.46594,92.5113,15.22,811.1,1,Agriculture,1,Laterite,0.2073,0
25.11199,97.02101,21.82,1103.6,1,Agriculture,4,Shale,0.4399,0
26.16066,92.81627,23.26,1057.8,4,Barren,4,Shale,0.6055,1
28.38672,88.21943,32.15,1667.9,2,Degraded Forest,1,Laterite,0.3083,0
25.06758,92.72116,37.09,966.7,1,Agriculture,4,Shale,0.6003,1
27.12604,88.19947,20.71,1572.1,2,Degraded Forest,3,Colluvial,0.4506,0
28.85392,93.72129,40.99,2113.2,4,Barren,1,Laterite,0.5461,0
25.10998,95.00368,35.45,842.5,1,Agriculture,4,Shale,0.501,0
25.60046,94.02571,27.96,953.1,0,Dense Forest,0,Granite/Gneiss,0.1469,0
25.91755,94.8099,42.18,1044.8,1,Agriculture,1,Laterite,0.4005,0
26.81382,94.78449,30.13,1176.4,1,Agriculture,1,Laterite,0.3265,0
28.54847,91.68438,55.44,2215.2,0,Dense Forest,3,Colluvial,0.6166,1
22.67984,90.91986,6.88,50.0,1,Agriculture,0,Granite/Gneiss,0.1228,0
25.82361,96.5849,41.85,1610.1,1,Agriculture,4,Shale,0.5629,1
25.84077,92.01068,24.12,1204.4,0,Dense Forest,3,Colluvial,0.4888,0
21.61617,91.31644,26.99,109.6,0,Dense Forest,1,Laterite,0.1893,0
27.89298,95.56925,35.23,1370.9,4,Barren,3,Colluvial,0.5991,1
26.09552,93.12895,41.07,1125.9,2,Degraded Forest,2,Alluvial,0.4964,0
25.47534,88.51342,40.1,881.7,1,Agriculture,1,Laterite,0.3165,0
23.79275,91.45185,18.97,891.9,1,Agriculture,0,Granite/Gneiss,0.2802,0
22.17806,88.98184,25.72,378.8,1,Agriculture,2,Alluvial,0.2683,0
24.83643,92.2916,27.29,1184.9,2,Degraded Forest,0,Granite/Gneiss,0.2777,0
23.21092,90.28121,9.72,426.9,2,Degraded Forest,3,Colluvial,0.3225,0
26.51047,91.43833,37.86,1255.6,4,Barren,0,Granite/Gneiss,0.4795,0
26.17248,92.53234,24.39,1131.8,2,Degraded Forest,2,Alluvial,0.406,0
28.72328,92.7236,36.86,1650.5,4,Barren,2,Alluvial,0.537,0
26.34066,93.75935,26.01,983.3,0,Dense Forest,2,Alluvial,0.2167,0
28.26483,93.57105,43.39,1766.0,3,Urban,0,Granite/Gneiss,0.3636,0
29.39284,93.75118,36.71,1944.1,2,Degraded Forest,1,Laterite,0.345,0
27.30862,91.79389,26.97,1397.5,0,Dense Forest,1,Laterite,0.2765,0
24.97133,90.35891,19.67,981.6,0,Dense Forest,2,Alluvial,0.2455,0
26.04064,95.44407,26.35,1039.2,1,Agriculture,1,Laterite,0.2408,0
24.03613,91.72442,28.48,673.7,0,Dense Forest,0,Granite/Gneiss,0.1878,0
26.35766,93.40603,40.49,1365.4,3,Urban,0,Granite/Gneiss,0.3692,0
27.44224,93.09187,44.44,1636.7,3,Urban,3,Colluvial,0.6187,1
26.08174,92.49503,31.9,1436.5,1,Agriculture,4,Shale,0.5745,1
25.79194,88.01408,30.61,843.8,0,Dense Forest,3,Colluvial,0.4159,0
26.46712,89.72425,32.16,1025.1,4,Barren,2,Alluvial,0.5251,0
27.95849,94.33404,42.77,1322.8,0,Dense Forest,0,Granite/Gneiss,0.1608,0
26.15872,92.48319,41.43,1018.6,0,Dense Forest,2,Alluvial,0.389,0
28.87342,90.55526,41.44,1692.0,1,Agriculture,2,Alluvial,0.4144,0
24.35099,93.04489,29.95,828.9,4,Barren,2,Alluvial,0.5802,1
25.23628,90.86302,19.09,1173.6,3,Urban,1,Laterite,0.4068,0
24.49435,92.05964,33.05,695.0,1,Agriculture,2,Alluvial,0.4356,0
29.40354,97.31767,46.37,1993.1,1,Agriculture,0,Granite/Gneiss,0.3237,0
25.6448,90.53671,22.28,1288.2,1,Agriculture,0,Granite/Gneiss,0.2786,0
22.25252,95.48482,26.38,178.3,0,Dense Forest,0,Granite/Gneiss,0.0977,0
27.02703,93.48214,25.8,1287.3,2,Degraded Forest,1,Laterite,0.2634,0
28.8782,96.69961,24.47,1773.3,0,Dense Forest,1,Laterite,0.1247,0
23.15748,93.08489,27.99,137.8,1,Agriculture,1,Laterite,0.2688,0
23.70822,90.82343,26.36,699.1,2,Degraded Forest,1,Laterite,0.3394,0
21.64238,89.88735,5.85,50.0,0,Dense Forest,1,Laterite,0.0931,0
28.39468,91.94487,43.7,1809.2,4,Barren,1,Laterite,0.5341,0
28.50452,91.66767,50.63,1589.8,1,Agriculture,1,Laterite,0.3284,0
23.35875,94.80345,24.06,416.1,0,Dense Forest,1,Laterite,0.1572,0
23.22621,91.27458,40.98,292.7,3,Urban,3,Colluvial,0.5455,0
23.29218,88.47254,14.91,611.4,0,Dense Forest,4,Shale,0.3012,0
27.93021,88.07624,21.23,1653.7,0,Dense Forest,4,Shale,0.4197,0
27.99248,89.76558,28.06,1469.8,1,Agriculture,2,Alluvial,0.3451,0
24.47486,93.7774,7.8,1128.9,0,Dense Forest,2,Alluvial,0.2364,0
21.58146,91.01551,32.42,125.2,4,Barren,0,Granite/Gneiss,0.3981,0
28.37666,93.18183,40.75,1644.5,0,Dense Forest,4,Shale,0.5138,0
22.15499,92.11474,32.97,259.2,0,Dense Forest,3,Colluvial,0.3541,0
24.67322,90.36407,24.06,677.9,3,Urban,3,Colluvial,0.4656,0
26.27908,96.08254,25.68,976.5,0,Dense Forest,1,Laterite,0.2118,0
24.73197,91.09977,13.28,752.5,4,Barren,2,Alluvial,0.4146,0
24.97375,96.30646,24.85,1008.4,1,Agriculture,0,Granite/Gneiss,0.1455,0
24.74933,95.65053,33.94,460.8,0,Dense Forest,4,Shale,0.4342,0
26.4925,90.75646,31.92,923.4,0,Dense Forest,1,Laterite,0.2275,0
26.4172,92.56424,20.66,1084.9,0,Dense Forest,2,Alluvial,0.3848,0
26.15073,89.09444,37.67,787.6,1,Agriculture,1,Laterite,0.3626,0
27.54083,90.15976,44.36,1175.8,0,Dense Forest,3,Colluvial,0.442,0
28.03293,90.27229,35.26,1731.8,2,Degraded Forest,1,Laterite,0.2728,0
25.02977,96.28782,23.0,806.5,1,Agriculture,3,Colluvial,0.2892,0
25.7088,94.49867,17.11,877.8,1,Agriculture,2,Alluvial,0.3788,0
28.04536,95.94315,44.57,1600.7,0,Dense Forest,2,Alluvial,0.3665,0
26.96301,93.99027,31.79,1352.2,1,Agriculture,1,Laterite,0.3568,0
29.18577,97.04741,22.39,2062.2,0,Dense Forest,4,Shale,0.3958,0
22.10848,91.23049,5.4,50.0,0,Dense Forest,3,Colluvial,0.1603,0
25.10529,93.29205,33.02,725.9,3,Urban,1,Laterite,0.3971,0
23.67529,89.54339,20.42,470.0,1,Agriculture,2,Alluvial,0.2246,0
23.98139,90.15894,15.22,736.5,0,Dense Forest,0,Granite/Gneiss,0.1311,0
28.69431,90.73211,42.41,2297.1,0,Dense Forest,1,Laterite,0.354,0
21.82244,88.22131,9.49,289.8,1,Agriculture,2,Alluvial,0.1944,0
26.67561,96.33922,29.27,1211.3,3,Urban,3,Colluvial,0.4273,0
24.23507,92.34419,23.1,472.7,0,Dense Forest,2,Alluvial,0.2824,0
21.58632,93.49102,28.81,50.0,1,Agriculture,2,Alluvial,0.3284,0
27.25061,88.57089,50.01,1574.5,1,Agriculture,3,Colluvial,0.6173,1
24.17039,88.72295,9.24,541.9,4,Barren,4,Shale,0.5451,0
29.17978,95.20485,43.28,1757.1,0,Dense Forest,1,Laterite,0.3324,0
23.66958,93.46508,11.52,919.6,2,Degraded Forest,2,Alluvial,0.276,0
22.68718,88.35011,10.95,50.0,0,Dense Forest,4,Shale,0.3404,0
24.89124,96.08025,12.85,917.1,1,Agriculture,2,Alluvial,0.2597,0
23.74042,92.39038,16.46,423.4,2,Degraded Forest,2,Alluvial,0.3386,0
24.96623,96.112,18.45,1207.2,0,Dense Forest,3,Colluvial,0.3531,0
26.229,91.04927,40.94,976.3,1,Agriculture,4,Shale,0.5725,1
25.22274,91.4504,22.22,1071.4,1,Agriculture,3,Colluvial,0.5037,0
28.0087,97.36097,23.84,1202.8,1,Agriculture,0,Granite/Gneiss,0.1468,0
23.69617,92.30986,23.21,904.8,0,Dense Forest,2,Alluvial,0.2531,0
26.23885,90.56422,31.36,1350.2,0,Dense Forest,1,Laterite,0.3159,0
23.87027,92.32291,21.78,522.1,0,Dense Forest,1,Laterite,0.204,0
25.36406,90.6939,34.37,1048.0,0,Dense Forest,2,Alluvial,0.385,0
21.84105,88.90831,26.13,368.2,2,Degraded Forest,1,Laterite,0.2431,0
26.11451,96.89984,30.08,1168.8,0,Dense Forest,2,Alluvial,0.3388,0
29.37318,93.99284,46.65,1793.8,0,Dense Forest,3,Colluvial,0.402,0
23.43982,92.44419,20.25,516.8,2,Degraded Forest,4,Shale,0.5038,0
25.65802,93.72624,34.64,1057.6,1,Agriculture,1,Laterite,0.3428,0
24.8351,89.73919,15.75,861.7,4,Barren,1,Laterite,0.3917,0
27.63257,89.53804,42.94,1566.7,3,Urban,2,Alluvial,0.5291,0
26.91259,91.5884,37.56,1113.6,2,Degraded Forest,1,Laterite,0.3664,0
23.13092,92.78557,13.44,337.3,0,Dense Forest,1,Laterite,0.1309,0
26.12791,91.72462,50.02,1063.2,2,Degraded Forest,4,Shale,0.7085,1
28.98455,89.02362,32.19,1878.2,2,Degraded Forest,0,Granite/Gneiss,0.3266,0
27.94217,91.59697,41.8,1243.9,3,Urban,2,Alluvial,0.5113,0
27.90269,91.88748,31.35,1571.4,0,Dense Forest,1,Laterite,0.2567,0
25.6894,92.34816,35.33,1198.8,2,Degraded Forest,0,Granite/Gneiss,0.3816,0
27.21032,93.47051,52.41,1394.5,2,Degraded Forest,0,Granite/Gneiss,0.3933,0
25.22667,90.51647,35.18,953.5,1,Agriculture,3,Colluvial,0.431,0
27.06442,89.26185,34.94,1291.5,2,Degraded Forest,4,Shale,0.538,0
27.77577,90.88162,45.96,1524.5,0,Dense Forest,3,Colluvial,0.4178,0
24.04843,97.13054,19.83,585.2,2,Degraded Forest,2,Alluvial,0.3221,0
26.34025,94.72606,37.06,1155.8,2,Degraded Forest,3,Colluvial,0.467,0
25.93576,92.53308,32.34,1009.7,0,Dense Forest,1,Laterite,0.3263,0
23.94888,95.01454,14.45,615.1,3,Urban,3,Colluvial,0.4648,0
26.46969,92.43006,47.31,1154.7,3,Urban,2,Alluvial,0.5686,1
29.16509,97.35988,53.69,1588.4,0,Dense Forest,3,Colluvial,0.5077,0
26.97177,92.35562,28.67,1030.0,0,Dense Forest,1,Laterite,0.2292,0
25.74405,91.71845,39.12,1070.8,2,Degraded Forest,3,Colluvial,0.5918,1
28.28615,92.0143,31.03,1747.7,1,Agriculture,2,Alluvial,0.4303,0
22.86601,91.69206,23.83,718.2,1,Agriculture,0,Granite/Gneiss,0.1217,0
25.49339,97.25656,30.36,1218.0,3,Urban,2,Alluvial,0.4264,0
27.30112,90.90492,50.18,1586.1,4,Barren,1,Laterite,0.5697,1
24.67246,91.99925,29.55,859.6,1,Agriculture,0,Granite/Gneiss,0.2858,0
29.03597,93.94552,30.9,1819.4,0,Dense Forest,2,Alluvial,0.3115,0
25.46237,92.01341,38.01,833.7,2,Degraded Forest,1,Laterite,0.4158,0
28.28219,90.97464,36.91,1445.5,2,Degraded Forest,1,Laterite,0.4001,0
25.8848,92.21063,27.54,1124.7,3,Urban,1,Laterite,0.4483,0
28.37147,92.64163,41.0,1479.1,0,Dense Forest,1,Laterite,0.3301,0
27.64048,92.06977,33.43,1463.5,1,Agriculture,1,Laterite,0.3626,0
26.43731,92.04661,47.87,711.3,1,Agriculture,0,Granite/Gneiss,0.3492,0
24.74183,92.86058,33.6,922.8,2,Degraded Forest,0,Granite/Gneiss,0.3989,0
22.82504,92.74458,10.82,191.2,0,Dense Forest,4,Shale,0.3398,0
26.59905,94.11692,28.3,961.7,3,Urban,4,Shale,0.5518,1
23.54917,92.60344,12.21,705.6,1,Agriculture,3,Colluvial,0.3826,0
26.39537,94.16028,41.1,1394.1,3,Urban,1,Laterite,0.4896,0
24.27859,94.26674,24.88,708.3,1,Agriculture,3,Colluvial,0.4334,0
27.32679,96.83697,29.04,1267.6,2,Degraded Forest,2,Alluvial,0.3252,0
25.59925,91.66511,42.95,1166.0,4,Barren,0,Granite/Gneiss,0.5629,1
24.71419,92.74324,31.09,669.4,4,Barren,4,Shale,0.6901,1
21.9229,93.64854,18.07,163.6,4,Barren,4,Shale,0.4977,0
25.4967,88.93392,31.09,1268.9,0,Dense Forest,3,Colluvial,0.3259,0
25.73239,92.58557,20.01,1127.3,1,Agriculture,1,Laterite,0.3041,0
29.07177,90.20837,47.87,1794.4,0,Dense Forest,2,Alluvial,0.4138,0
28.41058,95.38044,37.56,1599.7,1,Agriculture,0,Granite/Gneiss,0.2544,0
25.47557,91.00371,36.87,1003.3,0,Dense Forest,1,Laterite,0.3239,0
25.77791,89.01793,36.16,1115.7,2,Degraded Forest,3,Colluvial,0.4846,0
26.12664,95.84918,31.86,915.9,3,Urban,1,Laterite,0.3623,0
23.00475,94.4131,19.59,680.2,1,Agriculture,0,Granite/Gneiss,0.1939,0
24.40758,92.71067,39.17,662.6,3,Urban,0,Granite/Gneiss,0.3741,0
27.41101,92.57498,26.47,1389.1,0,Dense Forest,2,Alluvial,0.2325,0
25.46934,88.71665,25.3,1155.8,3,Urban,4,Shale,0.5927,1
25.59341,96.06622,39.44,992.7,0,Dense Forest,2,Alluvial,0.3792,0
25.74793,94.28246,42.81,1232.0,1,Agriculture,1,Laterite,0.3668,0
29.38912,89.44263,43.48,1865.6,1,Agriculture,2,Alluvial,0.3968,0
22.89195,91.37078,14.63,433.1,3,Urban,3,Colluvial,0.3372,0
24.78194,92.02726,21.87,881.5,4,Barren,3,Colluvial,0.598,1
25.58929,92.82079,18.86,1094.9,0,Dense Forest,2,Alluvial,0.3314,0
27.12643,94.48399,52.11,1477.8,0,Dense Forest,1,Laterite,0.3302,0
26.64917,92.21797,33.12,1469.0,2,Degraded Forest,1,Laterite,0.4331,0
23.28053,97.03794,25.4,699.1,1,Agriculture,4,Shale,0.3784,0
23.29353,96.47977,25.53,344.9,2,Degraded Forest,1,Laterite,0.2897,0
27.063,89.00413,47.73,1642.5,0,Dense Forest,3,Colluvial,0.3905,0
28.79366,95.8876,39.0,1401.0,3,Urban,1,Laterite,0.4029,0
25.25703,94.20288,26.3,819.1,0,Dense Forest,3,Colluvial,0.2825,0
26.82728,90.77247,41.62,1271.1,1,Agriculture,0,Granite/Gneiss,0.335,0
23.55306,94.01399,8.34,328.7,0,Dense Forest,1,Laterite,0.1184,0
23.9304,95.21286,36.04,702.8,4,Barren,2,Alluvial,0.6145,1
26.75186,92.30753,48.6,1429.6,0,Dense Forest,2,Alluvial,0.4426,0
25.9497,94.55505,33.65,958.7,2,Degraded Forest,1,Laterite,0.3421,0
28.95473,91.33142,35.45,1870.0,0,Dense Forest,2,Alluvial,0.3102,0
26.05168,92.03897,38.89,1291.5,1,Agriculture,1,Laterite,0.4493,0
26.75605,96.33857,33.18,895.5,4,Barren,3,Colluvial,0.6751,1
25.84876,96.52606,32.45,1113.3,0,Dense Forest,2,Alluvial,0.351,0
24.65735,92.04361,28.59,885.1,3,Urban,3,Colluvial,0.583,1
23.96722,94.22791,18.99,471.7,4,Barren,2,Alluvial,0.4315,0
27.8196,89.39059,41.48,1282.9,2,Degraded Forest,4,Shale,0.5228,0
26.80681,89.93484,23.19,1156.5,0,Dense Forest,1,Laterite,0.2524,0
26.58517,93.85975,16.5,1206.8,3,Urban,1,Laterite,0.3051,0
27.56164,92.37598,40.65,1313.7,3,Urban,2,Alluvial,0.4676,0
22.75789,89.83075,28.07,494.1,4,Barren,2,Alluvial,0.4614,0
26.60167,91.97331,30.02,1333.1,3,Urban,2,Alluvial,0.4665,0
25.43982,93.3523,25.22,1061.6,1,Agriculture,3,Colluvial,0.3976,0
27.86254,92.88506,44.04,1783.2,2,Degraded Forest,2,Alluvial,0.475,0
24.94868,91.10192,27.77,1005.0,1,Agriculture,4,Shale,0.4684,0
28.74458,94.32351,37.64,1786.7,1,Agriculture,3,Colluvial,0.4617,0
21.68257,95.94407,18.13,50.0,2,Degraded Forest,0,Granite/Gneiss,0.1864,0
27.60201,89.7383,37.93,1704.5,3,Urban,4,Shale,0.5964,1
25.61841,94.25066,20.45,1280.0,2,Degraded Forest,3,Colluvial,0.4903,0
25.72095,94.86467,29.96,983.9,3,Urban,0,Granite/Gneiss,0.303,0
26.44907,92.42458,35.02,1051.7,0,Dense Forest,0,Granite/Gneiss,0.1986,0
21.79415,92.70215,11.83,317.1,1,Agriculture,2,Alluvial,0.2617,0
26.38974,94.63779,40.74,836.1,1,Agriculture,0,Granite/Gneiss,0.2771,0
28.72812,94.21591,45.97,1806.0,0,Dense Forest,2,Alluvial,0.4562,0
27.52265,91.02351,35.37,1754.5,1,Agriculture,4,Shale,0.5938,1
23.6171,95.94393,24.01,500.1,4,Barren,1,Laterite,0.3293,0
25.81576,91.57325,28.17,1119.5,1,Agriculture,1,Laterite,0.4527,0
28.95606,90.61634,41.17,1797.8,0,Dense Forest,3,Colluvial,0.3464,0
21.65547,89.97751,14.08,343.6,1,Agriculture,0,Granite/Gneiss,0.0655,0
22.32368,93.03759,3.93,306.6,2,Degraded Forest,3,Colluvial,0.2482,0
28.87152,91.47612,42.86,1690.0,1,Agriculture,1,Laterite,0.4244,0
25.3286,91.3807,31.9,657.6,1,Agriculture,2,Alluvial,0.4604,0
26.0927,92.94319,51.91,1152.2,0,Dense Forest,1,Laterite,0.4087,0
23.83407,95.54108,27.27,611.2,1,Agriculture,3,Colluvial,0.2841,0
26.09642,94.47837,27.01,727.3,2,Degraded Forest,2,Alluvial,0.3794,0
22.58529,93.72987,5.94,142.9,2,Degraded Forest,4,Shale,0.4665,0
26.34867,91.32904,24.73,1071.4,0,Dense Forest,2,Alluvial,0.3462,0
25.65809,95.50274,26.6,916.1,4,Barren,4,Shale,0.5885,1
25.54075,88.82354,26.3,1003.5,0,Dense Forest,2,Alluvial,0.331,0
26.41994,96.0443,31.55,1185.0,0,Dense Forest,4,Shale,0.4396,0
23.56077,94.01689,19.51,551.1,2,Degraded Forest,1,Laterite,0.249,0
27.7015,95.87068,36.41,1947.3,2,Degraded Forest,2,Alluvial,0.4317,0
25.95713,89.78809,28.34,1014.6,0,Dense Forest,1,Laterite,0.2777,0
24.84379,91.76001,27.69,678.5,2,Degraded Forest,0,Granite/Gneiss,0.3253,0
25.83076,97.09437,24.01,1387.8,0,Dense Forest,2,Alluvial,0.2837,0
23.80405,92.04297,13.57,911.2,4,Barren,3,Colluvial,0.4091,0
25.51032,92.92425,28.13,785.9,2,Degraded Forest,2,Alluvial,0.4403,0
28.73013,92.56981,45.58,1969.5,0,Dense Forest,1,Laterite,0.3014,0
25.91891,91.60686,22.62,724.9,0,Dense Forest,1,Laterite,0.3088,0
26.43071,89.14032,28.89,1783.5,2,Degraded Forest,1,Laterite,0.3205,0
28.80039,88.01443,41.21,2099.2,2,Degraded Forest,4,Shale,0.5827,1
25.52869,89.21969,28.75,1112.8,3,Urban,1,Laterite,0.346,0
26.36745,93.85967,39.28,1366.9,4,Barren,1,Laterite,0.5419,0
26.57768,94.15496,41.56,1331.2,1,Agriculture,2,Alluvial,0.4445,0
25.58714,93.51849,32.1,887.8,3,Urban,0,Granite/Gneiss,0.3241,0
29.41458,92.01897,54.36,2119.9,1,Agriculture,1,Laterite,0.4061,0
21.61261,89.29288,12.47,396.6,1,Agriculture,2,Alluvial,0.2665,0
26.2145,93.85902,39.4,1015.3,2,Degraded Forest,3,Colluvial,0.6071,1
23.56641,89.81392,17.84,558.5,0,Dense Forest,4,Shale,0.3696,0
23.42489,88.66101,24.59,286.5,0,Dense Forest,4,Shale,0.4152,0
23.49327,91.7801,27.63,539.0,3,Urban,4,Shale,0.5505,1
26.68108,91.00777,34.88,1212.2,1,Agriculture,0,Granite/Gneiss,0.2428,0
26.2309,95.45483,25.02,1414.9,4,Barren,0,Granite/Gneiss,0.3532,0
26.30348,92.30331,19.63,1501.0,0,Dense Forest,0,Granite/Gneiss,0.2322,0
25.48251,90.13654,34.39,783.3,1,Agriculture,3,Colluvial,0.4523,0
26.25894,92.78065,30.66,1324.6,1,Agriculture,2,Alluvial,0.3918,0
26.92616,92.09644,33.72,1496.8,1,Agriculture,3,Colluvial,0.557,1
23.65884,90.44428,35.1,236.2,4,Barren,1,Laterite,0.5197,0
23.13444,88.21562,13.56,660.8,1,Agriculture,1,Laterite,0.193,0
26.56315,91.44387,39.91,943.6,1,Agriculture,2,Alluvial,0.484,0
26.82146,90.63326,29.05,1195.1,1,Agriculture,0,Granite/Gneiss,0.1971,0
26.6391,93.86228,32.85,1076.1,3,Urban,3,Colluvial,0.563,1
26.2724,97.41615,24.21,859.6,1,Agriculture,4,Shale,0.4393,0
23.4517,97.05819,16.36,759.9,2,Degraded Forest,1,Laterite,0.2712,0
22.26778,90.09305,21.19,84.3,3,Urban,3,Colluvial,0.3777,0
24.52444,92.05328,36.69,701.2,0,Dense Forest,2,Alluvial,0.3277,0
24.81871,94.24607,30.83,845.3,4,Barren,1,Laterite,0.4258,0
25.42598,96.56332,32.17,1131.9,3,Urban,0,Granite/Gneiss,0.2802,0
29.35126,92.02819,64.83,1672.8,1,Agriculture,1,Laterite,0.4432,0
25.2533,94.08443,33.56,1042.0,2,Degraded Forest,3,Colluvial,0.6037,1
25.52873,93.67203,22.64,960.3,3,Urban,0,Granite/Gneiss,0.3666,0
21.70294,93.60266,3.0,50.0,3,Urban,3,Colluvial,0.3514,0
21.73919,89.72455,18.93,357.9,0,Dense Forest,4,Shale,0.3593,0
27.62135,95.07773,26.7,1893.0,2,Degraded Forest,0,Granite/Gneiss,0.2998,0
23.84968,97.18002,15.8,669.5,0,Dense Forest,1,Laterite,0.1408,0
26.73448,95.21123,37.06,1156.0,0,Dense Forest,3,Colluvial,0.4123,0
26.91606,91.65815,43.63,1171.5,3,Urban,3,Colluvial,0.6466,1
26.65938,92.82526,32.06,1422.1,3,Urban,1,Laterite,0.4261,0
29.38097,95.83315,34.9,1875.9,2,Degraded Forest,2,Alluvial,0.5065,0
28.68916,96.16656,40.79,1505.1,2,Degraded Forest,4,Shale,0.5813,1
26.92713,88.5391,33.18,982.5,2,Degraded Forest,1,Laterite,0.3097,0
25.23725,93.17943,29.96,1017.1,4,Barren,0,Granite/Gneiss,0.4378,0
25.89043,92.44595,21.84,834.8,1,Agriculture,4,Shale,0.4876,0
24.50513,91.12208,19.57,695.6,0,Dense Forest,1,Laterite,0.2253,0
28.03535,91.02909,47.7,1896.2,3,Urban,0,Granite/Gneiss,0.4766,0
21.7201,92.78212,21.92,50.0,1,Agriculture,2,Alluvial,0.2565,0
23.82014,90.36237,33.01,832.8,0,Dense Forest,0,Granite/Gneiss,0.1628,0
24.69645,94.27347,12.18,615.0,2,Degraded Forest,4,Shale,0.416,0
23.32648,92.70046,14.76,685.9,2,Degraded Forest,1,Laterite,0.2252,0
26.70674,93.30806,42.45,1386.5,1,Agriculture,3,Colluvial,0.4724,0
26.7318,91.97187,39.36,1374.8,3,Urban,1,Laterite,0.5162,0
26.74393,90.25561,37.92,1158.2,0,Dense Forest,0,Granite/Gneiss,0.1947,0
27.24241,91.75172,33.63,1519.4,0,Dense Forest,3,Colluvial,0.4126,0
25.57221,92.33035,25.31,1091.2,1,Agriculture,4,Shale,0.5224,0
26.51541,90.85231,34.07,1606.1,0,Dense Forest,0,Granite/Gneiss,0.2458,0
27.99833,91.41585,35.78,1438.9,1,Agriculture,2,Alluvial,0.3095,0
29.01429,94.04431,47.4,2047.9,1,Agriculture,0,Granite/Gneiss,0.3687,0
24.8768,89.31358,27.96,679.7,3,Urban,3,Colluvial,0.4962,0
22.60871,89.71847,11.39,301.7,3,Urban,4,Shale,0.4909,0
29.12118,89.26189,48.66,1687.1,1,Agriculture,3,Colluvial,0.5406,0
29.27294,92.70225,54.18,1749.8,0,Dense Forest,3,Colluvial,0.5067,0
26.50027,90.56681,44.32,1193.6,1,Agriculture,0,Granite/Gneiss,0.3339,0
24.30299,89.2313,30.9,1019.0,2,Degraded Forest,0,Granite/Gneiss,0.3772,0
26.21332,95.35964,38.17,1251.8,0,Dense Forest,1,Laterite,0.2518,0
26.91855,88.72374,26.03,1566.0,3,Urban,1,Laterite,0.3953,0
22.54449,95.05969,13.55,337.9,1,Agriculture,3,Colluvial,0.3104,0
25.82161,92.00431,29.86,1328.9,4,Barren,2,Alluvial,0.5253,0
26.82362,90.85125,39.7,1343.2,1,Agriculture,0,Granite/Gneiss,0.3038,0
28.35344,97.13719,35.9,1484.2,3,Urban,4,Shale,0.5532,1
25.66887,90.62087,28.18,1249.2,2,Degraded Forest,4,Shale,0.5855,1
25.29024,96.98562,33.69,1249.6,2,Degraded Forest,2,Alluvial,0.3565,0
25.48973,96.05836,31.06,1125.4,2,Degraded Forest,2,Alluvial,0.4199,0
22.4312,91.59548,21.16,475.7,3,Urban,0,Granite/Gneiss,0.2078,0
29.29122,93.43617,37.99,2108.9,2,Degraded Forest,1,Laterite,0.4093,0
23.71947,94.89968,20.76,545.4,3,Urban,1,Laterite,0.2566,0
27.03307,96.75005,31.99,1201.4,0,Dense Forest,4,Shale,0.4552,0
24.15292,94.44849,24.94,769.4,0,Dense Forest,3,Colluvial,0.3279,0
26.55579,97.48516,30.49,1582.8,0,Dense Forest,3,Colluvial,0.3716,0
27.353,92.16408,32.4,1477.2,3,Urban,0,Granite/Gneiss,0.3646,0
25.06152,91.48358,29.36,1027.3,0,Dense Forest,2,Alluvial,0.4088,0
27.68497,95.04759,54.97,1506.6,3,Urban,1,Laterite,0.4915,0
23.80483,92.85427,28.31,677.5,1,Agriculture,4,Shale,0.4724,0
25.11185,91.71263,14.3,807.1,0,Dense Forest,1,Laterite,0.2251,0
26.54043,88.48498,36.71,1343.7,1,Agriculture,2,Alluvial,0.4454,0
26.81564,92.81252,30.81,1471.6,1,Agriculture,0,Granite/Gneiss,0.2462,0
24.49029,94.08444,18.69,472.3,2,Degraded Forest,3,Colluvial,0.3666,0
23.04464,90.71926,26.42,147.3,1,Agriculture,2,Alluvial,0.2431,0
26.03216,94.44015,32.61,769.0,0,Dense Forest,2,Alluvial,0.3006,0
25.56053,93.71738,50.12,1308.7,3,Urban,0,Granite/Gneiss,0.439,0
27.204,91.74748,35.48,1198.4,1,Agriculture,2,Alluvial,0.4094,0
29.08091,92.68997,41.62,1876.0,1,Agriculture,2,Alluvial,0.4417,0
28.08461,97.07808,49.27,1938.5,3,Urban,4,Shale,0.72,1
23.82725,95.01797,23.9,690.1,0,Dense Forest,0,Granite/Gneiss,0.0795,0
26.49958,91.43861,25.29,1327.8,1,Agriculture,4,Shale,0.395,0
29.4233,94.47127,37.67,1714.1,1,Agriculture,2,Alluvial,0.4072,0
26.84688,93.7322,32.42,1369.7,1,Agriculture,1,Laterite,0.3502,0
24.72291,90.91749,32.35,626.1,0,Dense Forest,3,Colluvial,0.4128,0
29.35369,89.17562,54.63,1486.4,0,Dense Forest,2,Alluvial,0.507,0
27.32081,89.61227,43.24,1420.2,1,Agriculture,1,Laterite,0.3625,0
25.97081,93.8378,36.31,1170.1,0,Dense Forest,3,Colluvial,0.3905,0
26.05968,90.08872,40.87,1020.3,0,Dense Forest,2,Alluvial,0.4058,0
29.11166,92.21763,48.51,1663.3,0,Dense Forest,3,Colluvial,0.5284,0
27.35867,89.54056,29.74,1375.5,1,Agriculture,3,Colluvial,0.4201,0
28.46397,92.20854,39.35,1521.5,0,Dense Forest,2,Alluvial,0.39,0
23.83497,93.91716,19.63,773.8,2,Degraded Forest,1,Laterite,0.2645,0
24.35043,91.04616,35.79,830.7,3,Urban,0,Granite/Gneiss,0.384,0
26.00602,94.31944,24.26,1439.5,2,Degraded Forest,2,Alluvial,0.4387,0
22.74027,96.24337,12.17,308.0,3,Urban,1,Laterite,0.1969,0
27.46319,91.15908,38.72,1455.7,2,Degraded Forest,0,Granite/Gneiss,0.2958,0
25.74251,91.48809,46.34,1089.3,1,Agriculture,1,Laterite,0.4805,0
24.58259,91.53856,32.44,719.0,0,Dense Forest,0,Granite/Gneiss,0.2351,0
25.45175,93.05919,38.15,592.4,0,Dense Forest,2,Alluvial,0.3959,0
26.6314,91.78298,25.39,1343.3,1,Agriculture,2,Alluvial,0.3949,0
24.66678,90.74923,32.23,1279.5,0,Dense Forest,3,Colluvial,0.39,0
27.09817,96.63815,27.1,1559.5,4,Barren,1,Laterite,0.3829,0
26.181,92.87669,38.4,1544.9,4,Barren,1,Laterite,0.5868,1
26.26112,90.71721,20.29,1350.6,0,Dense Forest,3,Colluvial,0.3533,0
23.98409,92.24493,21.6,628.5,2,Degraded Forest,4,Shale,0.476,0
24.63004,94.00875,10.31,924.6,1,Agriculture,4,Shale,0.4026,0
23.63142,90.54617,15.92,793.5,2,Degraded Forest,2,Alluvial,0.3727,0
27.43131,88.53686,25.85,1114.4,2,Degraded Forest,3,Colluvial,0.4715,0
24.35217,93.35669,30.91,830.7,0,Dense Forest,2,Alluvial,0.3436,0
27.97953,93.0702,40.05,1538.2,2,Degraded Forest,2,Alluvial,0.5114,0
26.82047,91.52806,31.21,1592.6,2,Degraded Forest,3,Colluvial,0.5345,0
28.76593,94.23962,43.18,1809.3,1,Agriculture,1,Laterite,0.3539,0
26.11223,96.28849,25.65,645.7,1,Agriculture,1,Laterite,0.2584,0
25.83807,90.23384,33.84,1164.0,4,Barren,3,Colluvial,0.6636,1
25.73122,92.21836,30.25,639.7,3,Urban,4,Shale,0.611,1
26.68576,95.76161,52.69,1521.6,2,Degraded Forest,1,Laterite,0.4424,0
28.08424,91.3335,52.76,1427.9,0,Dense Forest,3,Colluvial,0.4965,0
23.2372,93.32924,29.04,264.7,1,Agriculture,2,Alluvial,0.348,0
22.24032,91.78426,20.11,112.4,2,Degraded Forest,1,Laterite,0.2514,0
25.62341,92.16642,33.83,849.0,0,Dense Forest,3,Colluvial,0.4711,0
26.3707,94.39583,43.19,1164.8,1,Agriculture,4,Shale,0.4513,0
22.32077,96.11984,20.38,112.6,0,Dense Forest,1,Laterite,0.2168,0
29.06881,97.45205,46.18,1742.8,1,Agriculture,3,Colluvial,0.5449,0
22.8915,91.62677,15.61,104.6,0,Dense Forest,1,Laterite,0.1629,0
26.49633,89.94152,28.24,1173.8,0,Dense Forest,3,Colluvial,0.4019,0
22.21766,93.04417,16.83,546.0,1,Agriculture,3,Colluvial,0.3543,0
23.40012,95.68103,3.0,437.8,3,Urban,3,Colluvial,0.4066,0
25.3417,92.38967,29.17,1089.2,1,Agriculture,4,Shale,0.6015,1
24.29248,91.52628,23.53,477.1,1,Agriculture,0,Granite/Gneiss,0.2455,0
22.81739,92.71324,26.97,512.4,3,Urban,1,Laterite,0.3855,0
27.65291,97.27857,47.87,1711.9,0,Dense Forest,3,Colluvial,0.4826,0
26.12891,94.8366,52.93,1426.5,0,Dense Forest,2,Alluvial,0.4006,0
28.7868,96.89178,46.96,1779.7,0,Dense Forest,3,Colluvial,0.4488,0
29.18405,88.68479,45.03,1963.2,3,Urban,0,Granite/Gneiss,0.4112,0
26.06088,95.82408,27.57,870.1,2,Degraded Forest,3,Colluvial,0.4342,0
25.51248,92.27564,21.66,926.1,0,Dense Forest,3,Colluvial,0.3923,0
27.79025,90.78154,45.9,1355.3,2,Degraded Forest,0,Granite/Gneiss,0.3193,0
27.19201,90.6447,36.13,1446.4,4,Barren,2,Alluvial,0.5614,1
24.00448,94.99234,27.79,557.9,0,Dense Forest,1,Laterite,0.2379,0
22.66248,96.57276,19.51,498.9,2,Degraded Forest,3,Colluvial,0.3678,0
26.77552,94.22121,35.14,1780.7,1,Agriculture,0,Granite/Gneiss,0.2656,0
23.85486,95.86472,25.58,754.2,1,Agriculture,0,Granite/Gneiss,0.2191,0
25.51176,94.10242,33.42,1285.0,1,Agriculture,0,Granite/Gneiss,0.2768,0
25.413,90.93977,37.2,743.5,3,Urban,0,Granite/Gneiss,0.4682,0
29.21595,93.65352,34.08,1819.1,2,Degraded Forest,3,Colluvial,0.5345,0
24.48319,91.95082,30.88,814.6,2,Degraded Forest,4,Shale,0.5562,1
25.72038,97.00609,20.52,1062.6,1,Agriculture,2,Alluvial,0.3073,0
25.60088,97.08908,35.99,1391.4,0,Dense Forest,1,Laterite,0.2994,0
21.5929,93.32099,17.91,50.0,2,Degraded Forest,1,Laterite,0.2103,0
27.31086,91.82544,36.18,1472.1,0,Dense Forest,1,Laterite,0.2455,0
26.89939,91.39626,34.95,829.2,1,Agriculture,2,Alluvial,0.3899,0
26.08098,97.23869,33.27,1215.7,0,Dense Forest,2,Alluvial,0.2342,0
23.30832,95.94572,30.51,608.1,1,Agriculture,3,Colluvial,0.2633,0
28.44452,89.67936,49.06,1652.1,1,Agriculture,1,Laterite,0.4247,0
24.70322,93.82384,34.1,899.8,2,Degraded Forest,3,Colluvial,0.4707,0
24.75244,96.19917,16.43,718.9,0,Dense Forest,2,Alluvial,0.2042,0
23.47328,91.68023,27.01,299.7,2,Degraded Forest,0,Granite/Gneiss,0.2587,0
23.93135,95.04315,4.94,449.3,1,Agriculture,4,Shale,0.3241,0
24.91536,90.55126,10.76,697.9,3,Urban,1,Laterite,0.3099,0
24.81296,94.01296,36.42,586.9,1,Agriculture,2,Alluvial,0.4644,0
22.31791,94.49722,6.49,50.0,3,Urban,4,Shale,0.4147,0
21.9576,94.09448,15.28,50.0,0,Dense Forest,1,Laterite,0.2352,0
26.97729,90.79758,46.77,1261.2,2,Degraded Forest,0,Granite/Gneiss,0.3455,0
26.24631,96.75548,37.47,1194.3,0,Dense Forest,2,Alluvial,0.3237,0
25.75098,92.56996,33.9,811.7,2,Degraded Forest,1,Laterite,0.4208,0
25.07381,89.37286,27.97,717.3,0,Dense Forest,2,Alluvial,0.3024,0
26.45391,92.20378,34.58,1091.8,1,Agriculture,3,Colluvial,0.5209,0
24.72588,89.40782,22.1,913.2,1,Agriculture,2,Alluvial,0.2308,0
25.02058,92.52287,24.37,653.1,3,Urban,3,Colluvial,0.6086,1
25.6639,91.54938,31.31,933.4,0,Dense Forest,3,Colluvial,0.3791,0
26.5388,91.1495,35.75,1428.2,2,Degraded Forest,3,Colluvial,0.5123,0
27.31706,94.14135,35.55,1249.9,4,Barren,3,Colluvial,0.5983,1
26.98602,94.44011,17.68,1084.9,0,Dense Forest,4,Shale,0.3797,0
28.37467,93.64149,53.3,1629.4,4,Barren,2,Alluvial,0.626,1
26.76547,91.87726,42.24,1118.5,0,Dense Forest,0,Granite/Gneiss,0.25,0
26.73327,88.31962,32.99,725.1,3,Urban,1,Laterite,0.3899,0
29.15416,95.15755,51.45,1862.0,4,Barren,3,Colluvial,0.6788,1
26.57108,95.52881,31.15,1415.0,4,Barren,0,Granite/Gneiss,0.4335,0
26.6748,96.87472,36.95,1259.9,1,Agriculture,3,Colluvial,0.4784,0
28.04417,94.23247,24.15,1781.1,3,Urban,2,Alluvial,0.4593,0
25.60269,95.23036,32.44,1151.9,0,Dense Forest,4,Shale,0.4818,0
23.92988,94.60666,21.86,475.7,1,Agriculture,3,Colluvial,0.3663,0
25.53503,92.37422,31.88,1417.8,1,Agriculture,3,Colluvial,0.5076,0
29.4141,94.44408,58.36,1944.9,1,Agriculture,4,Shale,0.5807,1
24.87627,88.9964,27.52,945.2,2,Degraded Forest,4,Shale,0.5939,1
28.45783,94.04362,37.43,1466.8,0,Dense Forest,1,Laterite,0.3303,0
27.53499,92.74302,34.06,1148.7,4,Barren,4,Shale,0.6027,1
25.79498,92.10011,19.78,849.7,2,Degraded Forest,0,Granite/Gneiss,0.3265,0
24.73569,93.79634,30.37,1012.1,3,Urban,3,Colluvial,0.5558,1
23.99446,95.50265,28.63,1003.4,3,Urban,1,Laterite,0.3382,0
26.53295,96.65759,34.4,1290.2,3,Urban,2,Alluvial,0.5318,0
25.6381,92.01572,37.88,1049.6,0,Dense Forest,3,Colluvial,0.497,0
25.73054,92.27729,38.3,1245.3,1,Agriculture,3,Colluvial,0.495,0
21.54117,88.19996,15.71,385.5,1,Agriculture,2,Alluvial,0.2022,0
26.74126,96.05294,39.34,988.9,0,Dense Forest,1,Laterite,0.2956,0
25.66204,95.26428,47.99,1362.0,1,Agriculture,4,Shale,0.5384,0
27.36609,91.16535,30.42,1343.8,2,Degraded Forest,1,Laterite,0.3271,0
24.9728,94.84181,34.21,1098.2,0,Dense Forest,0,Granite/Gneiss,0.2189,0
23.56789,90.57737,23.45,351.7,1,Agriculture,2,Alluvial,0.2788,0
27.01595,90.6939,44.05,1547.8,1,Agriculture,2,Alluvial,0.433,0
21.74859,91.2758,9.58,50.0,0,Dense Forest,2,Alluvial,0.127,0
27.37858,93.94227,38.65,1646.9,2,Degraded Forest,1,Laterite,0.4276,0
26.35159,96.7648,27.76,1320.3,2,Degraded Forest,1,Laterite,0.3808,0
27.17113,94.41564,22.13,1061.6,4,Barren,4,Shale,0.5158,0
23.2544,90.08319,32.81,749.8,0,Dense Forest,4,Shale,0.392,0
28.06867,93.16971,36.16,1382.8,1,Agriculture,4,Shale,0.4248,0
27.41072,89.25262,30.43,1658.5,1,Agriculture,3,Colluvial,0.4386,0
25.5767,89.36133,25.67,1046.2,4,Barren,1,Laterite,0.444,0
26.7286,92.00996,49.2,1027.2,1,Agriculture,2,Alluvial,0.4397,0
29.0788,91.88798,53.9,1602.6,1,Agriculture,3,Colluvial,0.531,0
27.94169,91.92817,37.41,2329.9,0,Dense Forest,1,Laterite,0.3357,0
24.25938,91.08149,32.24,1182.3,0,Dense Forest,0,Granite/Gneiss,0.3017,0
28.50612,88.27599,32.67,1634.2,0,Dense Forest,2,Alluvial,0.2996,0
22.66731,88.28633,23.57,447.6,2,Degraded Forest,2,Alluvial,0.3473,0
24.57062,95.9042,23.07,1031.5,2,Degraded Forest,0,Granite/Gneiss,0.2578,0
26.25781,91.61553,36.33,912.1,1,Agriculture,1,Laterite,0.4458,0
26.05826,96.79217,21.1,1263.6,1,Agriculture,4,Shale,0.4492,0
21.89743,97.17942,11.73,386.9,0,Dense Forest,1,Laterite,0.1946,0
24.86659,95.60603,29.08,929.9,2,Degraded Forest,2,Alluvial,0.3315,0
28.03706,92.43572,40.88,1849.0,3,Urban,2,Alluvial,0.5467,0
27.00008,92.69134,23.92,1368.0,3,Urban,4,Shale,0.5585,1
22.66674,96.38549,11.6,583.6,0,Dense Forest,3,Colluvial,0.2482,0
25.24307,93.87913,32.42,989.5,2,Degraded Forest,1,Laterite,0.3255,0
24.44413,93.1143,28.49,455.7,4,Barren,0,Granite/Gneiss,0.434,0
25.2882,93.63113,34.45,1140.1,2,Degraded Forest,2,Alluvial,0.4841,0
26.50915,94.3901,35.31,1487.4,1,Agriculture,0,Granite/Gneiss,0.279,0
26.71632,97.3764,26.14,1243.4,2,Degraded Forest,1,Laterite,0.2518,0
23.37231,92.7435,19.19,253.5,2,Degraded Forest,1,Laterite,0.2999,0
26.57093,95.87832,38.26,1414.6,1,Agriculture,1,Laterite,0.3116,0
25.23654,95.06518,21.0,1004.0,0,Dense Forest,1,Laterite,0.1607,0
22.07308,92.16283,8.14,288.3,2,Degraded Forest,1,Laterite,0.1369,0
26.94604,96.20912,33.0,1363.2,3,Urban,0,Granite/Gneiss,0.3335,0
25.76888,92.14745,33.18,1262.0,4,Barren,3,Colluvial,0.6448,1
26.55771,95.28251,19.22,1295.6,0,Dense Forest,4,Shale,0.43,0
22.71913,93.14274,17.63,279.3,2,Degraded Forest,1,Laterite,0.2065,0
26.94752,93.25509,39.58,1002.6,0,Dense Forest,0,Granite/Gneiss,0.2031,0
23.00123,88.11896,26.35,345.5,4,Barren,4,Shale,0.5551,1
25.32969,91.88934,21.33,1143.6,0,Dense Forest,3,Colluvial,0.3839,0
25.62411,92.4049,33.44,961.0,1,Agriculture,4,Shale,0.516,0
26.25719,91.32553,40.79,1351.9,0,Dense Forest,1,Laterite,0.3854,0
27.60133,95.07703,42.73,1189.9,2,Degraded Forest,2,Alluvial,0.4587,0
26.4256,88.91962,30.18,1005.9,1,Agriculture,4,Shale,0.4564,0
28.27224,92.69688,21.31,1409.8,2,Degraded Forest,2,Alluvial,0.3389,0
26.57149,92.65497,35.69,1268.2,1,Agriculture,3,Colluvial,0.4851,0
25.2415,93.17736,41.66,1300.2,1,Agriculture,3,Colluvial,0.5081,0
23.94764,94.12014,30.77,1099.6,1,Agriculture,3,Colluvial,0.4205,0
25.81049,93.30546,37.2,1281.4,0,Dense Forest,4,Shale,0.5304,0
22.35422,95.37454,19.55,50.0,0,Dense Forest,1,Laterite,0.1603,0
24.95434,97.16277,35.13,726.8,2,Degraded Forest,1,Laterite,0.406,0
28.68273,91.17899,44.36,1108.3,1,Agriculture,0,Granite/Gneiss,0.3351,0
26.39049,94.12814,19.37,1233.4,0,Dense Forest,4,Shale,0.399,0
27.87705,92.95266,46.05,1859.8,1,Agriculture,1,Laterite,0.4099,0
22.90497,89.87009,13.38,579.2,0,Dense Forest,0,Granite/Gneiss,0.1515,0
27.17259,95.64432,36.81,1023.2,1,Agriculture,4,Shale,0.4729,0
26.64653,90.77905,40.21,1535.7,4,Barren,2,Alluvial,0.6167,1
26.348,92.15582,27.19,1431.7,1,Agriculture,3,Colluvial,0.4273,0
23.51513,88.72234,14.67,862.0,2,Degraded Forest,2,Alluvial,0.3473,0
25.91796,93.6068,35.38,1315.9,2,Degraded Forest,1,Laterite,0.4285,0
26.5986,92.6367,25.21,1142.0,1,Agriculture,0,Granite/Gneiss,0.2244,0
27.60291,91.44752,36.34,1102.2,2,Degraded Forest,2,Alluvial,0.4887,0
26.89069,90.88831,44.24,1547.1,1,Agriculture,0,Granite/Gneiss,0.3363,0
22.50536,95.78071,31.78,481.5,0,Dense Forest,3,Colluvial,0.3616,0
24.6859,91.36787,12.69,422.4,3,Urban,2,Alluvial,0.3527,0
24.00934,88.31875,22.66,471.7,2,Degraded Forest,0,Granite/Gneiss,0.3066,0
21.97445,91.6947,26.94,50.0,4,Barren,2,Alluvial,0.4055,0
22.08642,91.18886,14.01,377.4,2,Degraded Forest,3,Colluvial,0.3053,0
26.71354,92.70178,40.89,1269.9,1,Agriculture,4,Shale,0.587,1
28.51499,97.19802,48.24,1625.6,2,Degraded Forest,2,Alluvial,0.5148,0
25.1796,94.65381,23.91,844.0,2,Degraded Forest,0,Granite/Gneiss,0.1829,0
21.86904,94.41313,19.81,50.0,2,Degraded Forest,3,Colluvial,0.3385,0
24.51228,94.33906,30.21,970.8,3,Urban,3,Colluvial,0.5034,0
22.67368,90.60241,26.68,218.7,4,Barren,4,Shale,0.5485,0
26.48509,95.39203,20.69,1454.1,0,Dense Forest,2,Alluvial,0.2718,0
26.67095,95.37699,44.73,984.9,1,Agriculture,1,Laterite,0.3945,0
26.44099,90.9096,39.02,1113.3,2,Degraded Forest,4,Shale,0.7013,1
25.09971,89.4424,19.46,1302.9,2,Degraded Forest,2,Alluvial,0.3171,0
26.85654,92.53083,34.06,1352.1,2,Degraded Forest,0,Granite/Gneiss,0.3241,0
26.19344,91.487,39.3,1057.9,1,Agriculture,2,Alluvial,0.463,0
23.6347,94.82958,14.39,454.7,1,Agriculture,0,Granite/Gneiss,0.1265,0
21.74408,89.53906,8.52,50.0,0,Dense Forest,3,Colluvial,0.2235,0
25.98766,92.60349,31.98,1200.5,2,Degraded Forest,2,Alluvial,0.4787,0
28.6936,95.21078,38.49,1898.3,0,Dense Forest,0,Granite/Gneiss,0.2891,0
26.03239,92.52519,34.0,1170.0,2,Degraded Forest,3,Colluvial,0.5627,1
24.78513,88.84309,33.9,827.3,4,Barren,2,Alluvial,0.459,0
29.04685,92.91368,45.48,1918.4,0,Dense Forest,0,Granite/Gneiss,0.2262,0
26.17553,95.96384,32.45,871.1,0,Dense Forest,1,Laterite,0.2767,0
24.66034,93.22024,33.47,886.7,0,Dense Forest,3,Colluvial,0.4359,0
27.12091,89.58561,35.24,1451.6,1,Agriculture,1,Laterite,0.3187,0
25.79882,92.84584,25.15,1120.7,0,Dense Forest,3,Colluvial,0.4187,0
26.01062,94.24162,41.16,1003.8,1,Agriculture,0,Granite/Gneiss,0.3158,0
25.74335,91.35086,11.56,899.7,1,Agriculture,1,Laterite,0.3131,0
26.4626,91.83816,34.12,956.4,1,Agriculture,3,Colluvial,0.4675,0
25.06406,91.08303,25.46,1196.0,2,Degraded Forest,3,Colluvial,0.5606,1
23.53622,91.2539,15.25,547.0,4,Barren,1,Laterite,0.3565,0
21.82853,88.80416,18.62,89.2,0,Dense Forest,4,Shale,0.2716,0
24.98541,97.333,31.75,780.0,3,Urban,1,Laterite,0.3986,0
28.36158,94.75171,34.1,1452.6,0,Dense Forest,3,Colluvial,0.4435,0
26.27078,93.07881,21.72,1066.3,0,Dense Forest,3,Colluvial,0.3869,0
22.91615,90.56413,9.86,660.9,2,Degraded Forest,0,Granite/Gneiss,0.2077,0
25.71612,89.41205,45.32,1165.0,1,Agriculture,2,Alluvial,0.4593,0
24.46269,89.52598,41.5,932.3,0,Dense Forest,4,Shale,0.463,0
25.86284,96.38075,31.6,1273.5,0,Dense Forest,3,Colluvial,0.3821,0
28.82813,92.78366,31.51,2188.8,4,Barren,2,Alluvial,0.5273,0
29.30609,91.28406,43.11,1861.9,0,Dense Forest,1,Laterite,0.3405,0
24.73722,94.21518,9.53,742.8,3,Urban,3,Colluvial,0.414,0
29.27387,88.66281,46.67,1936.6,2,Degraded Forest,4,Shale,0.6766,1
23.76017,90.40718,15.52,738.3,0,Dense Forest,3,Colluvial,0.2391,0
26.27486,88.84492,23.22,1167.5,1,Agriculture,3,Colluvial,0.2926,0
23.12023,91.19897,28.9,285.8,0,Dense Forest,1,Laterite,0.2137,0
26.43718,92.16037,32.28,1248.1,0,Dense Forest,3,Colluvial,0.4121,0
22.27735,94.50758,24.84,383.8,0,Dense Forest,0,Granite/Gneiss,0.1015,0
25.6665,91.63867,40.28,1106.9,0,Dense Forest,3,Colluvial,0.4776,0
25.48362,93.08864,29.22,628.8,0,Dense Forest,1,Laterite,0.2744,0
26.70541,94.9357,34.48,953.2,0,Dense Forest,2,Alluvial,0.3345,0
24.09089,95.02984,33.18,826.3,1,Agriculture,3,Colluvial,0.4419,0
21.6301,92.93109,11.18,54.8,1,Agriculture,3,Colluvial,0.1653,0
23.47303,89.45755,31.64,988.8,4,Barren,4,Shale,0.6283,1
24.9656,92.72442,11.81,1148.0,0,Dense Forest,1,Laterite,0.1458,0
28.71079,91.65468,39.2,1468.8,2,Degraded Forest,1,Laterite,0.4301,0
25.85164,96.24766,32.82,1284.4,4,Barren,4,Shale,0.6685,1
24.95638,88.65812,18.32,1197.8,0,Dense Forest,1,Laterite,0.1458,0
23.62458,91.36084,25.92,489.0,1,Agriculture,3,Colluvial,0.3961,0
26.60986,89.40672,35.54,1232.5,1,Agriculture,4,Shale,0.4364,0
25.26016,89.49823,23.24,836.4,4,Barren,4,Shale,0.6266,1
24.65303,91.65415,20.66,584.9,2,Degraded Forest,2,Alluvial,0.4318,0
27.41557,96.64755,30.21,1746.4,1,Agriculture,3,Colluvial,0.4634,0
27.29146,95.1581,24.19,885.1,2,Degraded Forest,2,Alluvial,0.3863,0
26.92074,92.38228,48.21,1184.8,2,Degraded Forest,1,Laterite,0.4327,0
28.40547,97.07224,39.21,1569.2,1,Agriculture,0,Granite/Gneiss,0.244,0
21.55757,90.42643,4.39,144.4,3,Urban,3,Colluvial,0.32,0
26.43692,90.67195,32.53,962.9,2,Degraded Forest,0,Granite/Gneiss,0.316,0
27.10395,91.4963,37.93,1631.9,0,Dense Forest,3,Colluvial,0.3872,0
24.29235,91.3803,18.93,361.1,3,Urban,2,Alluvial,0.4112,0
22.42156,89.93619,15.54,50.0,1,Agriculture,1,Laterite,0.163,0
29.33437,93.64429,54.81,1874.3,2,Degraded Forest,0,Granite/Gneiss,0.4694,0
23.66434,91.97959,13.77,329.6,1,Agriculture,3,Colluvial,0.3462,0
24.04525,95.98486,19.89,714.2,3,Urban,2,Alluvial,0.3549,0
27.20394,93.88364,20.35,1235.4,2,Degraded Forest,3,Colluvial,0.4323,0
25.81061,88.20968,45.75,1231.4,2,Degraded Forest,0,Granite/Gneiss,0.3779,0
29.44555,92.31075,50.06,1702.2,4,Barren,0,Granite/Gneiss,0.4253,0
25.74102,93.5682,30.51,1343.1,0,Dense Forest,1,Laterite,0.3668,0
26.37439,93.43574,27.53,1322.6,0,Dense Forest,0,Granite/Gneiss,0.1867,0
24.61073,94.8735,20.52,648.3,1,Agriculture,1,Laterite,0.192,0
26.08655,92.80318,30.05,1256.8,1,Agriculture,3,Colluvial,0.4706,0
23.59393,92.23981,26.82,600.3,1,Agriculture,0,Granite/Gneiss,0.1744,0
26.64128,90.95823,25.77,1413.9,2,Degraded Forest,0,Granite/Gneiss,0.2268,0
25.55237,94.52867,26.49,1131.7,2,Degraded Forest,0,Granite/Gneiss,0.2915,0
25.38812,93.35971,36.44,1046.7,1,Agriculture,3,Colluvial,0.4926,0
26.68889,89.35007,47.33,1280.4,3,Urban,2,Alluvial,0.5616,1
23.76543,95.56967,27.84,790.6,2,Degraded Forest,1,Laterite,0.2467,0
24.70119,92.82323,21.71,1054.4,3,Urban,3,Colluvial,0.5456,0
25.22409,93.86842,27.73,965.2,4,Barren,2,Alluvial,0.5031,0
27.8637,96.52208,42.16,1653.1,0,Dense Forest,0,Granite/Gneiss,0.2029,0
25.94909,90.01493,29.35,1288.5,2,Degraded Forest,3,Colluvial,0.4666,0
23.56505,89.06923,28.44,886.0,1,Agriculture,1,Laterite,0.3367,0
21.75516,91.99843,10.12,443.8,3,Urban,1,Laterite,0.2446,0
22.46905,95.84907,31.54,524.0,2,Degraded Forest,3,Colluvial,0.5095,0
23.99698,90.16432,23.66,579.0,0,Dense Forest,1,Laterite,0.1706,0
29.4563,96.50478,39.79,1627.6,4,Barren,0,Granite/Gneiss,0.4171,0
26.0706,89.29166,36.87,1240.2,2,Degraded Forest,4,Shale,0.563,1
26.69177,93.70729,26.64,1378.5,4,Barren,2,Alluvial,0.5348,0
27.1422,92.17632,37.34,1290.1,0,Dense Forest,1,Laterite,0.306,0
25.16044,96.50471,39.94,656.7,3,Urban,3,Colluvial,0.5525,1
22.00356,92.96716,7.16,544.5,2,Degraded Forest,0,Granite/Gneiss,0.1796,0
25.87965,89.19155,40.95,1170.5,2,Degraded Forest,1,Laterite,0.4348,0
26.70666,95.06144,24.2,1029.8,3,Urban,1,Laterite,0.301,0
26.55171,91.34238,40.51,1211.2,2,Degraded Forest,3,Colluvial,0.5996,1
21.53091,94.32413,7.54,50.0,2,Degraded Forest,1,Laterite,0.1427,0
28.4984,89.66202,50.78,1811.0,0,Dense Forest,3,Colluvial,0.5292,0
23.53838,94.59744,18.04,928.7,3,Urban,0,Granite/Gneiss,0.2763,0
28.60699,94.24811,38.8,1661.9,2,Degraded Forest,3,Colluvial,0.5465,0
25.93111,95.04446,24.11,1078.5,3,Urban,1,Laterite,0.3418,0
27.58333,93.51975,18.52,1413.5,1,Agriculture,1,Laterite,0.1973,0
26.67294,88.73501,25.26,1219.0,1,Agriculture,3,Colluvial,0.3883,0
23.04254,92.3861,7.31,291.9,0,Dense Forest,2,Alluvial,0.1737,0
29.32935,88.36178,28.02,2138.0,3,Urban,2,Alluvial,0.4957,0
22.71286,91.85438,21.9,411.9,1,Agriculture,0,Granite/Gneiss,0.141,0
24.99992,90.37013,40.32,900.2,1,Agriculture,3,Colluvial,0.4901,0
27.95531,92.79677,53.59,1507.2,2,Degraded Forest,1,Laterite,0.458,0
26.66082,91.38518,25.05,1006.6,0,Dense Forest,3,Colluvial,0.4024,0
24.13081,95.17518,23.99,879.6,4,Barren,3,Colluvial,0.4524,0
26.7427,94.16328,43.98,1564.2,1,Agriculture,0,Granite/Gneiss,0.3057,0
22.62255,90.98819,8.72,50.0,4,Barren,1,Laterite,0.2662,0
26.30008,94.28084,42.63,1321.9,0,Dense Forest,3,Colluvial,0.463,0
25.39223,97.42181,39.36,1148.2,1,Agriculture,1,Laterite,0.377,0
28.49641,91.35568,25.67,1931.0,1,Agriculture,3,Colluvial,0.3516,0
22.19774,90.06181,3.0,498.1,2,Degraded Forest,1,Laterite,0.1908,0
24.26865,95.50515,22.18,1250.1,0,Dense Forest,2,Alluvial,0.2999,0
25.68154,91.39945,38.19,1120.9,1,Agriculture,0,Granite/Gneiss,0.3164,0
28.90544,92.17114,30.61,1964.8,4,Barren,0,Granite/Gneiss,0.4438,0
26.78094,91.1496,18.5,1290.7,0,Dense Forest,1,Laterite,0.1744,0
26.11664,93.3549,32.83,978.2,2,Degraded Forest,0,Granite/Gneiss,0.3426,0
24.42311,94.48963,31.02,899.4,2,Degraded Forest,1,Laterite,0.3901,0
23.44879,95.14004,16.87,737.2,0,Dense Forest,2,Alluvial,0.1892,0
24.30596,93.01284,20.73,799.7,2,Degraded Forest,1,Laterite,0.307,0
29.49237,91.60404,49.98,1566.2,2,Degraded Forest,1,Laterite,0.4968,0
24.27712,95.00933,18.45,435.1,0,Dense Forest,0,Granite/Gneiss,0.0006,0
29.20224,97.49653,37.52,1986.5,1,Agriculture,1,Laterite,0.3727,0
25.51497,90.50189,32.27,930.2,3,Urban,3,Colluvial,0.656,1
22.96399,90.11639,23.6,500.6,0,Dense Forest,2,Alluvial,0.129,0
29.47883,90.81926,43.13,1991.8,1,Agriculture,4,Shale,0.6125,1
25.80395,88.80799,43.02,1045.5,2,Degraded Forest,0,Granite/Gneiss,0.3806,0
27.11799,91.12747,42.07,1312.8,0,Dense Forest,1,Laterite,0.319,0
29.00245,92.77606,40.33,1762.0,4,Barren,1,Laterite,0.5263,0
24.90936,91.94163,17.46,985.4,0,Dense Forest,0,Granite/Gneiss,0.2062,0
23.56227,93.05584,30.66,660.0,1,Agriculture,4,Shale,0.4532,0
22.81997,91.03898,28.16,237.2,2,Degraded Forest,2,Alluvial,0.4126,0
27.7881,92.26548,37.79,1511.9,0,Dense Forest,2,Alluvial,0.3549,0
26.65971,90.95666,36.56,1048.8,2,Degraded Forest,1,Laterite,0.4169,0
26.2506,89.33078,38.42,1271.8,4,Barren,4,Shale,0.6483,1
28.40973,95.42582,53.74,1561.6,0,Dense Forest,3,Colluvial,0.4027,0
23.70914,95.8363,30.38,741.0,1,Agriculture,2,Alluvial,0.2906,0
26.2393,90.96467,36.33,1118.3,0,Dense Forest,4,Shale,0.5847,1
29.05122,96.00028,50.76,2027.8,3,Urban,4,Shale,0.735,1
27.47484,94.08015,46.61,1711.0,0,Dense Forest,0,Granite/Gneiss,0.2625,0
28.72272,91.24064,44.25,1814.0,1,Agriculture,0,Granite/Gneiss,0.3422,0
29.15355,89.08099,51.04,1748.6,2,Degraded Forest,0,Granite/Gneiss,0.4182,0
26.36568,94.27306,27.84,1007.3,1,Agriculture,2,Alluvial,0.2722,0
28.82872,91.56838,50.76,1941.3,0,Dense Forest,1,Laterite,0.4031,0
26.90746,91.85781,29.93,1303.4,4,Barren,3,Colluvial,0.5176,0
22.89347,97.38683,12.16,423.2,1,Agriculture,2,Alluvial,0.209,0
26.32906,94.031,32.08,1108.9,1,Agriculture,3,Colluvial,0.3968,0
25.00543,92.61718,17.41,612.2,0,Dense Forest,2,Alluvial,0.3028,0
29.35248,90.03296,39.67,2081.7,3,Urban,3,Colluvial,0.6009,1
29.34621,92.90289,47.45,1848.5,0,Dense Forest,1,Laterite,0.2288,0
25.12794,94.46408,30.83,543.8,0,Dense Forest,4,Shale,0.4717,0
26.10431,91.16949,37.38,1108.4,1,Agriculture,3,Colluvial,0.5177,0
26.85012,96.57873,40.3,1032.8,4,Barren,2,Alluvial,0.5861,1
23.75037,97.31844,26.43,724.4,0,Dense Forest,1,Laterite,0.2056,0
28.19623,91.46143,33.3,1697.3,0,Dense Forest,4,Shale,0.4681,0
26.09483,93.56431,39.62,1435.5,2,Degraded Forest,1,Laterite,0.3684,0
26.35407,92.36655,32.33,896.8,1,Agriculture,3,Colluvial,0.4352,0
25.79891,89.71692,33.04,1354.7,3,Urban,2,Alluvial,0.4961,0
24.96514,90.63126,28.83,983.5,2,Degraded Forest,3,Colluvial,0.5491,0
25.69598,91.55354,43.33,770.7,0,Dense Forest,4,Shale,0.5529,1
26.2871,93.59002,23.39,1542.5,2,Degraded Forest,2,Alluvial,0.3754,0
26.1516,90.54044,29.7,1121.7,0,Dense Forest,2,Alluvial,0.3103,0
26.86079,92.1899,39.35,1067.9,1,Agriculture,1,Laterite,0.3736,0
26.84605,88.85428,35.22,1510.8,2,Degraded Forest,0,Granite/Gneiss,0.3133,0
21.90325,94.0779,12.63,50.0,1,Agriculture,3,Colluvial,0.2511,0
25.96917,95.05924,16.42,1336.8,0,Dense Forest,0,Granite/Gneiss,0.1087,0
25.8757,92.51569,29.11,1046.1,0,Dense Forest,1,Laterite,0.2704,0
23.13414,91.84678,24.03,397.8,3,Urban,1,Laterite,0.3013,0
27.52781,95.04743,41.95,1195.9,3,Urban,1,Laterite,0.3855,0
25.92006,91.88752,30.23,885.8,1,Agriculture,3,Colluvial,0.4314,0
23.1258,97.37702,22.52,497.9,0,Dense Forest,1,Laterite,0.1746,0
28.0653,92.07041,30.47,1249.4,4,Barren,3,Colluvial,0.4886,0
26.22456,95.05122,35.83,1300.9,1,Agriculture,1,Laterite,0.2917,0
23.76142,93.91629,23.56,503.9,1,Agriculture,1,Laterite,0.267,0
26.03298,94.60971,33.32,1040.6,2,Degraded Forest,1,Laterite,0.3984,0
27.21508,92.73492,34.68,1502.5,0,Dense Forest,1,Laterite,0.2994,0
25.87256,89.74659,33.1,1043.0,2,Degraded Forest,2,Alluvial,0.4767,0
25.33785,88.3304,34.47,1209.6,3,Urban,0,Granite/Gneiss,0.3556,0
24.81232,91.57505,29.46,435.2,0,Dense Forest,2,Alluvial,0.3186,0
23.54425,91.70148,8.08,720.0,2,Degraded Forest,1,Laterite,0.2598,0
26.49365,95.27203,35.94,1228.4,2,Degraded Forest,1,Laterite,0.391,0
22.06968,91.14563,14.03,96.6,4,Barren,3,Colluvial,0.4239,0
26.59402,95.18526,28.44,1436.0,0,Dense Forest,3,Colluvial,0.3407,0
28.99664,91.95921,53.91,1904.1,3,Urban,1,Laterite,0.5318,0
26.75901,96.17555,27.26,1328.9,1,Agriculture,1,Laterite,0.3245,0
26.6427,90.76678,27.73,1206.5,1,Agriculture,2,Alluvial,0.3573,0
24.78394,92.09195,9.38,697.8,0,Dense Forest,3,Colluvial,0.2045,0
26.27701,93.76621,44.44,959.0,3,Urban,3,Colluvial,0.6172,1
26.05392,90.37278,39.21,1397.8,0,Dense Forest,0,Granite/Gneiss,0.2334,0
24.36804,92.51119,23.1,910.7,3,Urban,2,Alluvial,0.4789,0
23.71396,96.46449,28.2,711.9,1,Agriculture,4,Shale,0.4667,0
28.11213,90.36933,21.99,1502.3,3,Urban,1,Laterite,0.4208,0
29.4087,97.37505,48.46,2286.2,0,Dense Forest,2,Alluvial,0.4274,0
26.21466,89.13542,25.82,1021.9,0,Dense Forest,1,Laterite,0.2438,0
24.42401,91.60961,39.36,682.3,2,Degraded Forest,2,Alluvial,0.5042,0
25.94294,94.94386,34.6,1462.3,1,Agriculture,1,Laterite,0.3617,0
26.05306,91.72833,33.12,1114.0,1,Agriculture,1,Laterite,0.2346,0
26.70396,94.39169,27.95,1618.5,2,Degraded Forest,3,Colluvial,0.4462,0
28.83652,91.11076,36.0,1826.4,0,Dense Forest,0,Granite/Gneiss,0.2179,0
25.79715,90.88603,35.85,963.9,2,Degraded Forest,4,Shale,0.6244,1
27.63079,91.14722,31.35,1440.3,0,Dense Forest,1,Laterite,0.211,0
25.4753,92.98813,22.95,851.1,0,Dense Forest,2,Alluvial,0.3303,0
25.96471,92.2913,43.0,1243.2,4,Barren,1,Laterite,0.6146,1
28.41505,88.96465,43.23,1900.5,1,Agriculture,2,Alluvial,0.4142,0
23.02302,89.02853,11.94,536.1,3,Urban,4,Shale,0.4242,0
22.1575,93.36996,21.88,304.7,0,Dense Forest,0,Granite/Gneiss,0.1206,0
23.57685,95.91371,20.56,359.4,0,Dense Forest,4,Shale,0.3562,0
26.31531,88.64566,18.93,1402.1,1,Agriculture,2,Alluvial,0.3168,0
29.38351,88.94549,40.57,2041.8,1,Agriculture,3,Colluvial,0.4375,0
23.69107,88.72053,14.83,648.6,0,Dense Forest,0,Granite/Gneiss,0.1927,0
22.75172,89.80104,21.74,321.4,0,Dense Forest,3,Colluvial,0.1946,0
26.11794,95.00965,27.07,1147.8,0,Dense Forest,0,Granite/Gneiss,0.1986,0
24.58002,88.87839,27.28,611.0,0,Dense Forest,4,Shale,0.374,0
21.56878,94.4832,20.59,50.0,3,Urban,3,Colluvial,0.5476,0
29.02067,90.83408,62.09,1732.2,1,Agriculture,2,Alluvial,0.5494,0
25.04182,93.2301,44.12,724.9,2,Degraded Forest,4,Shale,0.678,1
26.24032,89.75285,34.56,1065.0,0,Dense Forest,1,Laterite,0.3018,0
25.59969,94.93396,29.95,924.8,3,Urban,4,Shale,0.4756,0
26.77108,91.26613,30.01,1270.4,0,Dense Forest,3,Colluvial,0.4027,0
24.85929,88.68565,14.45,827.1,1,Agriculture,0,Granite/Gneiss,0.1582,0
26.82024,91.71453,16.66,686.4,0,Dense Forest,2,Alluvial,0.2663,0
26.91168,90.34441,28.55,1387.2,1,Agriculture,3,Colluvial,0.477,0
26.23274,93.22726,45.85,1191.2,3,Urban,3,Colluvial,0.6387,1
27.72978,91.67752,51.19,1693.9,1,Agriculture,2,Alluvial,0.5126,0
25.5775,92.37565,30.86,974.7,4,Barren,1,Laterite,0.4906,0
25.8606,97.32949,35.07,1298.0,3,Urban,1,Laterite,0.3469,0
24.08893,93.14153,19.87,651.9,0,Dense Forest,4,Shale,0.3476,0
22.26178,94.05992,17.62,339.4,1,Agriculture,1,Laterite,0.167,0
25.80071,92.08718,24.92,884.2,4,Barren,4,Shale,0.6375,1
23.98696,92.40122,18.1,886.8,0,Dense Forest,1,Laterite,0.1559,0
25.48828,91.99251,34.86,1257.4,3,Urban,1,Laterite,0.4729,0
28.96101,92.45852,38.14,2155.4,4,Barren,0,Granite/Gneiss,0.4321,0
25.94935,91.48423,35.62,992.6,3,Urban,4,Shale,0.6367,1
26.1889,91.65382,31.41,1260.9,2,Degraded Forest,0,Granite/Gneiss,0.4552,0
24.88939,95.66275,39.05,574.7,3,Urban,1,Laterite,0.359,0
24.99615,92.27551,32.53,509.2,2,Degraded Forest,3,Colluvial,0.5583,1
29.03118,94.4428,45.2,1907.2,1,Agriculture,3,Colluvial,0.4929,0
25.35407,92.13867,18.01,944.6,0,Dense Forest,3,Colluvial,0.4106,0
26.79794,92.90195,30.94,1035.0,3,Urban,4,Shale,0.5881,1
21.75832,94.02662,15.57,193.9,4,Barren,4,Shale,0.5527,1
24.0036,94.33485,24.82,850.0,1,Agriculture,3,Colluvial,0.367,0
28.58686,96.35014,46.88,1707.2,1,Agriculture,2,Alluvial,0.4573,0
23.81721,95.04319,25.34,867.1,1,Agriculture,2,Alluvial,0.2297,0
23.8623,90.87249,15.59,499.4,3,Urban,0,Granite/Gneiss,0.2041,0
27.40665,96.19662,41.89,1645.5,0,Dense Forest,3,Colluvial,0.3767,0
26.18699,96.28869,28.89,1077.8,2,Degraded Forest,1,Laterite,0.3897,0
26.91555,93.73377,30.13,1564.5,4,Barren,3,Colluvial,0.6234,1
23.65716,89.84748,14.27,331.1,0,Dense Forest,2,Alluvial,0.2105,0
26.3658,90.91349,30.44,1241.0,4,Barren,4,Shale,0.7199,1
26.56981,88.59379,29.55,1286.4,4,Barren,1,Laterite,0.4026,0
25.60757,93.62457,39.69,1119.6,4,Barren,3,Colluvial,0.7071,1
27.01746,92.29083,33.55,1271.1,1,Agriculture,2,Alluvial,0.3962,0
26.47746,96.70219,37.92,1306.3,1,Agriculture,4,Shale,0.5103,0
26.36821,91.68219,18.83,1155.7,2,Degraded Forest,1,Laterite,0.3774,0
28.81343,92.16895,48.38,1640.2,1,Agriculture,0,Granite/Gneiss,0.3725,0
26.56802,97.32366,39.14,1523.1,0,Dense Forest,2,Alluvial,0.3015,0
26.50722,96.93936,22.13,1242.2,4,Barren,2,Alluvial,0.497,0
29.22478,97.20357,36.99,1535.3,2,Degraded Forest,1,Laterite,0.3784,0
24.82274,96.7313,22.16,713.0,0,Dense Forest,4,Shale,0.3809,0
23.09659,90.73846,19.37,749.5,0,Dense Forest,0,Granite/Gneiss,0.0973,0
26.0742,88.1608,26.51,947.5,2,Degraded Forest,2,Alluvial,0.334,0
25.69512,94.12448,28.77,1152.1,3,Urban,1,Laterite,0.3477,0
28.65757,88.92141,47.07,1571.5,1,Agriculture,0,Granite/Gneiss,0.3004,0
28.1463,94.30439,35.46,1307.8,0,Dense Forest,4,Shale,0.475,0
24.69077,93.75488,29.34,914.0,2,Degraded Forest,2,Alluvial,0.427,0
25.84331,91.42974,32.69,1011.5,0,Dense Forest,4,Shale,0.526,0
25.99235,91.99679,8.19,1428.5,0,Dense Forest,3,Colluvial,0.3694,0
25.90139,93.39791,25.04,1315.4,1,Agriculture,3,Colluvial,0.4306,0
25.76064,89.24044,38.86,1311.7,1,Agriculture,2,Alluvial,0.4953,0
26.63557,94.57399,27.1,1468.7,1,Agriculture,4,Shale,0.4906,0
28.22262,93.88993,31.64,1750.5,3,Urban,1,Laterite,0.3764,0
27.98276,91.06331,47.6,1285.5,1,Agriculture,2,Alluvial,0.392,0
24.74779,94.07737,28.41,784.0,4,Barren,1,Laterite,0.4505,0
24.55787,92.16035,38.13,922.2,3,Urban,2,Alluvial,0.5462,0
23.83603,88.71213,20.04,567.5,2,Degraded Forest,4,Shale,0.4114,0
25.02962,89.93721,37.85,888.2,0,Dense Forest,2,Alluvial,0.3682,0
26.14915,90.83309,25.32,1291.0,3,Urban,3,Colluvial,0.5286,0
25.13557,90.9543,8.09,1129.2,4,Barren,1,Laterite,0.393,0
27.85311,92.3347,44.21,1344.9,1,Agriculture,4,Shale,0.6107,1
26.70736,93.55737,39.11,1405.7,1,Agriculture,0,Granite/Gneiss,0.3235,0
21.92468,89.02675,21.98,308.5,0,Dense Forest,4,Shale,0.397,0
23.59642,93.71114,21.21,373.9,0,Dense Forest,4,Shale,0.4305,0
27.98643,94.58485,51.06,1478.2,1,Agriculture,0,Granite/Gneiss,0.3475,0
25.79849,89.20898,38.04,1097.1,0,Dense Forest,3,Colluvial,0.4296,0
24.37881,88.53684,32.39,1025.7,0,Dense Forest,3,Colluvial,0.3881,0
26.78246,92.2574,35.78,1205.6,1,Agriculture,2,Alluvial,0.4557,0
27.34997,91.89359,26.16,1499.8,3,Urban,0,Granite/Gneiss,0.3709,0
26.85921,94.02446,35.64,1539.6,3,Urban,3,Colluvial,0.5378,0
28.37665,91.52577,43.66,2018.2,4,Barren,2,Alluvial,0.5531,1
25.37446,94.12133,45.79,1017.1,1,Agriculture,1,Laterite,0.3424,0
26.25017,94.77978,34.94,744.9,2,Degraded Forest,0,Granite/Gneiss,0.2936,0
25.80667,89.73872,22.78,1253.7,3,Urban,3,Colluvial,0.463,0
22.37495,88.90975,22.02,339.1,2,Degraded Forest,0,Granite/Gneiss,0.221,0
23.96134,89.8348,34.29,484.8,0,Dense Forest,3,Colluvial,0.293,0
26.44434,96.76705,47.21,1354.7,1,Agriculture,3,Colluvial,0.5809,1
26.33796,94.69163,32.29,1561.6,4,Barren,1,Laterite,0.4137,0
24.57832,93.88855,24.95,834.4,0,Dense Forest,2,Alluvial,0.2601,0
24.57991,96.17483,15.26,468.6,0,Dense Forest,3,Colluvial,0.2413,0
27.52423,91.24907,32.76,1744.3,1,Agriculture,4,Shale,0.575,1
21.66968,93.5985,19.1,142.7,4,Barren,2,Alluvial,0.4096,0
25.53274,93.27143,17.93,1149.9,0,Dense Forest,4,Shale,0.3729,0
23.75543,91.68118,39.84,619.9,2,Degraded Forest,1,Laterite,0.3961,0
22.46228,91.35565,15.76,407.7,0,Dense Forest,2,Alluvial,0.2054,0
27.42957,92.2459,38.2,1567.3,1,Agriculture,0,Granite/Gneiss,0.3051,0
28.06872,90.68217,42.37,1739.4,1,Agriculture,2,Alluvial,0.3899,0
27.9064,97.13755,48.06,1570.8,0,Dense Forest,2,Alluvial,0.4405,0
27.14257,88.26863,38.29,1217.5,4,Barren,3,Colluvial,0.6123,1
27.49805,90.50678,28.95,1488.3,3,Urban,4,Shale,0.6453,1
26.52393,91.7928,37.21,1388.1,1,Agriculture,4,Shale,0.5592,1
24.33945,91.65666,34.66,588.2,0,Dense Forest,1,Laterite,0.3014,0
23.97509,95.31141,17.12,435.6,1,Agriculture,1,Laterite,0.1922,0
26.32875,94.15252,39.51,1453.1,3,Urban,1,Laterite,0.5084,0
28.29519,97.4086,42.52,1967.2,0,Dense Forest,1,Laterite,0.3553,0
28.62191,90.98484,42.47,1710.1,1,Agriculture,1,Laterite,0.3401,0
22.10923,97.06829,12.16,357.3,1,Agriculture,2,Alluvial,0.3389,0
27.4666,91.92479,35.6,1517.6,0,Dense Forest,4,Shale,0.4489,0
26.43395,89.29137,37.01,774.2,0,Dense Forest,2,Alluvial,0.3134,0
25.6724,93.7108,27.25,1080.1,2,Degraded Forest,4,Shale,0.5804,1
26.71235,91.46853,26.71,1566.0,1,Agriculture,4,Shale,0.5016,0
26.71,95.9432,26.38,1037.4,3,Urban,1,Laterite,0.3218,0
23.84779,93.84037,26.05,375.1,4,Barren,3,Colluvial,0.5758,1
22.79094,92.84444,23.76,244.4,1,Agriculture,0,Granite/Gneiss,0.2451,0
25.78158,93.69835,30.51,968.5,1,Agriculture,2,Alluvial,0.3375,0
21.73633,92.90341,30.41,286.6,2,Degraded Forest,1,Laterite,0.3586,0
24.53784,94.72483,12.79,1047.6,2,Degraded Forest,1,Laterite,0.2338,0
27.47299,91.30705,40.44,1703.4,0,Dense Forest,2,Alluvial,0.2967,0
26.18215,94.51051,17.83,1284.3,0,Dense Forest,2,Alluvial,0.2776,0
25.84302,90.51392,30.46,759.0,3,Urban,3,Colluvial,0.4866,0
28.61384,88.85779,43.68,1381.6,0,Dense Forest,4,Shale,0.4723,0
25.32473,89.80223,27.93,1107.4,2,Degraded Forest,3,Colluvial,0.4794,0
25.52701,91.92049,14.48,688.7,2,Degraded Forest,3,Colluvial,0.4624,0
25.72687,95.57749,30.09,1162.1,0,Dense Forest,0,Granite/Gneiss,0.221,0
21.59089,93.8123,15.36,176.0,3,Urban,2,Alluvial,0.3175,0
25.76903,90.92232,38.19,967.8,3,Urban,1,Laterite,0.555,1
24.0863,88.37387,13.28,172.6,0,Dense Forest,1,Laterite,0.1182,0
25.79286,91.54734,42.63,1106.3,3,Urban,0,Granite/Gneiss,0.4314,0
27.46115,90.84558,17.21,1543.6,0,Dense Forest,3,Colluvial,0.3421,0
26.8252,96.15882,24.6,1186.9,3,Urban,2,Alluvial,0.4953,0
26.0891,93.4066,33.62,914.2,2,Degraded Forest,1,Laterite,0.364,0
21.98494,90.98025,19.3,267.8,2,Degraded Forest,1,Laterite,0.2112,0
23.28105,96.16835,33.77,210.3,0,Dense Forest,3,Colluvial,0.3261,0
25.90621,94.29104,33.07,1214.8,1,Agriculture,3,Colluvial,0.3756,0
28.53199,90.07295,40.56,1893.4,4,Barren,2,Alluvial,0.5905,1
25.74862,90.66156,34.49,663.9,1,Agriculture,0,Granite/Gneiss,0.2375,0
27.44271,97.12146,18.56,1331.5,2,Degraded Forest,0,Granite/Gneiss,0.248,0
27.42734,93.64077,29.17,1423.9,4,Barren,1,Laterite,0.4352,0
26.56175,91.91424,24.58,1235.0,1,Agriculture,3,Colluvial,0.4595,0
26.9521,91.04372,43.06,1150.9,1,Agriculture,3,Colluvial,0.4905,0
26.82437,90.668,45.37,1030.7,3,Urban,3,Colluvial,0.6291,1
21.76803,88.60476,30.92,68.3,4,Barren,2,Alluvial,0.4278,0
21.87304,94.5123,20.96,312.8,1,Agriculture,3,Colluvial,0.3487,0
24.94414,93.28339,35.05,989.0,2,Degraded Forest,2,Alluvial,0.4433,0
26.35431,89.00448,33.96,1308.8,4,Barren,0,Granite/Gneiss,0.4334,0
24.49273,90.7559,22.23,1023.6,0,Dense Forest,0,Granite/Gneiss,0.1825,0
27.5258,90.98371,28.96,1246.3,0,Dense Forest,3,Colluvial,0.4112,0
26.69502,91.91007,25.13,1193.3,1,Agriculture,3,Colluvial,0.4158,0
25.50654,92.96594,19.05,964.5,0,Dense Forest,1,Laterite,0.2106,0
26.05761,97.25191,37.94,549.0,2,Degraded Forest,3,Colluvial,0.4871,0
27.36791,93.26315,33.73,1465.1,2,Degraded Forest,0,Granite/Gneiss,0.404,0
23.80508,93.74885,17.86,612.7,0,Dense Forest,3,Colluvial,0.3365,0
25.78112,92.72071,14.84,836.0,3,Urban,4,Shale,0.5233,0
22.14591,90.03232,10.12,419.6,0,Dense Forest,1,Laterite,0.1113,0
26.13784,90.96,30.1,1305.1,1,Agriculture,0,Granite/Gneiss,0.2648,0
22.99522,90.15984,8.32,516.4,1,Agriculture,2,Alluvial,0.1868,0
22.13795,91.42065,38.67,50.0,3,Urban,3,Colluvial,0.5197,0
22.07019,92.21097,6.42,50.0,0,Dense Forest,0,Granite/Gneiss,0.0075,0
27.33865,94.35453,46.12,1474.5,0,Dense Forest,2,Alluvial,0.3525,0
26.82254,96.56997,34.0,1190.2,4,Barren,0,Granite/Gneiss,0.3696,0
22.97014,91.55955,15.98,384.6,4,Barren,1,Laterite,0.3484,0
27.08668,93.12589,33.95,1136.8,0,Dense Forest,3,Colluvial,0.3704,0
26.3804,89.67842,33.41,1236.5,0,Dense Forest,3,Colluvial,0.4015,0
22.59906,90.96358,20.93,648.2,2,Degraded Forest,3,Colluvial,0.3731,0
27.72046,96.33392,30.47,1564.4,2,Degraded Forest,0,Granite/Gneiss,0.3094,0
25.68723,92.28257,35.18,1236.4,4,Barren,3,Colluvial,0.6487,1
23.35906,88.24916,19.74,693.8,0,Dense Forest,2,Alluvial,0.2579,0
26.56893,91.91187,23.36,1168.9,0,Dense Forest,2,Alluvial,0.2987,0
29.07656,88.62134,39.99,1767.6,2,Degraded Forest,2,Alluvial,0.385,0
26.02426,97.062,43.32,1412.1,2,Degraded Forest,4,Shale,0.5902,1
28.45161,95.12367,42.82,1810.6,2,Degraded Forest,3,Colluvial,0.5694,1
27.86395,93.43193,38.9,1724.1,3,Urban,2,Alluvial,0.4935,0
28.05943,91.4649,36.42,1609.2,2,Degraded Forest,3,Colluvial,0.5042,0
26.07063,90.70507,29.59,1050.0,0,Dense Forest,3,Colluvial,0.4393,0
26.88149,88.07971,36.94,1256.8,2,Degraded Forest,0,Granite/Gneiss,0.375,0
24.9352,91.80264,25.76,1148.4,1,Agriculture,2,Alluvial,0.4671,0
27.45703,89.4283,40.97,1440.2,1,Agriculture,0,Granite/Gneiss,0.2968,0
26.32674,90.33353,35.69,1435.5,4,Barren,1,Laterite,0.5347,0
25.12354,93.20288,19.04,1196.3,2,Degraded Forest,3,Colluvial,0.4673,0
24.87577,91.63902,31.88,1043.7,0,Dense Forest,4,Shale,0.4614,0
23.77377,94.01532,15.89,772.3,1,Agriculture,1,Laterite,0.2612,0
26.56957,89.39973,26.05,1580.0,0,Dense Forest,0,Granite/Gneiss,0.2333,0
26.01475,91.40309,31.73,946.7,0,Dense Forest,2,Alluvial,0.3098,0
26.19945,92.55001,34.69,1074.9,2,Degraded Forest,1,Laterite,0.3984,0
28.28098,92.99165,45.35,1373.8,2,Degraded Forest,3,Colluvial,0.6093,1
25.8265,92.21531,13.97,774.0,1,Agriculture,2,Alluvial,0.3454,0
26.28377,91.81499,39.25,1167.5,1,Agriculture,1,Laterite,0.3557,0
26.97148,90.59097,38.82,1384.8,1,Agriculture,1,Laterite,0.4064,0
28.88368,92.00375,36.88,1862.4,0,Dense Forest,3,Colluvial,0.4256,0
24.14917,92.45121,23.04,556.6,0,Dense Forest,1,Laterite,0.278,0
29.24491,90.96218,45.63,1760.0,3,Urban,0,Granite/Gneiss,0.4276,0
23.51866,94.39521,3.0,723.5,3,Urban,2,Alluvial,0.215,0
22.23272,92.98107,7.74,50.0,4,Barren,1,Laterite,0.3594,0
27.00278,93.02395,44.93,1340.7,2,Degraded Forest,3,Colluvial,0.5148,0
24.30153,89.71663,20.69,991.5,2,Degraded Forest,0,Granite/Gneiss,0.2269,0
25.12965,92.76516,27.92,863.6,0,Dense Forest,4,Shale,0.5263,0
25.48432,93.189,29.01,912.2,0,Dense Forest,1,Laterite,0.3714,0
25.39457,91.35488,35.32,1224.8,2,Degraded Forest,1,Laterite,0.4603,0
26.54581,88.71351,30.67,952.6,1,Agriculture,2,Alluvial,0.3652,0
28.44279,90.96546,38.46,1501.3,3,Urban,4,Shale,0.5823,1
26.19054,92.38035,34.11,1002.2,1,Agriculture,3,Colluvial,0.4764,0
28.57844,88.18686,48.32,1831.5,4,Barren,0,Granite/Gneiss,0.5342,0
26.43989,94.0799,42.83,890.7,1,Agriculture,2,Alluvial,0.4305,0
26.18098,89.88417,30.0,1399.9,1,Agriculture,2,Alluvial,0.4569,0
28.80096,95.71355,38.45,1737.4,3,Urban,3,Colluvial,0.5187,0
22.68167,92.24082,18.26,575.0,1,Agriculture,2,Alluvial,0.2157,0
25.48234,91.67824,40.61,1244.2,3,Urban,2,Alluvial,0.5772,1
27.42472,91.63091,43.44,1275.9,0,Dense Forest,3,Colluvial,0.4192,0
26.52017,93.40267,29.99,1233.2,2,Degraded Forest,1,Laterite,0.4008,0
29.49437,93.70658,32.07,1853.1,0,Dense Forest,4,Shale,0.4421,0
24.3425,93.75928,34.52,726.5,0,Dense Forest,4,Shale,0.4076,0
23.97755,92.62785,34.04,543.5,2,Degraded Forest,3,Colluvial,0.5112,0
27.29845,92.92525,27.86,1627.5,0,Dense Forest,4,Shale,0.4081,0
24.96614,89.21248,24.44,842.7,0,Dense Forest,1,Laterite,0.1745,0
25.55403,97.04377,37.21,945.3,3,Urban,2,Alluvial,0.5214,0
21.58174,90.61097,18.39,343.1,4,Barren,1,Laterite,0.4023,0
28.32824,91.33934,24.65,1803.6,0,Dense Forest,4,Shale,0.4594,0
22.19133,89.00887,8.57,313.1,1,Agriculture,2,Alluvial,0.1789,0
24.68059,92.47276,31.58,737.2,2,Degraded Forest,2,Alluvial,0.4408,0
25.6252,88.13069,32.46,1321.1,3,Urban,4,Shale,0.6182,1
23.77288,91.62001,28.85,400.0,4,Barren,3,Colluvial,0.5913,1
25.07269,95.46957,34.64,1118.3,0,Dense Forest,1,Laterite,0.2528,0
23.8543,94.21121,25.76,755.0,2,Degraded Forest,0,Granite/Gneiss,0.2948,0
23.75774,92.25241,26.83,354.7,0,Dense Forest,1,Laterite,0.1401,0
26.1275,92.36556,27.8,1156.0,1,Agriculture,1,Laterite,0.3164,0
22.99494,94.1657,21.52,172.2,0,Dense Forest,1,Laterite,0.2507,0
23.67825,92.17448,25.68,520.5,0,Dense Forest,0,Granite/Gneiss,0.1558,0
24.29519,88.71026,39.13,784.9,1,Agriculture,2,Alluvial,0.3705,0
26.92639,91.15475,28.75,1118.1,0,Dense Forest,0,Granite/Gneiss,0.2105,0
27.89802,91.70205,44.78,1070.0,3,Urban,1,Laterite,0.4242,0
26.97055,95.66165,34.59,1305.3,2,Degraded Forest,3,Colluvial,0.3975,0
29.47991,94.35435,50.88,1938.4,0,Dense Forest,2,Alluvial,0.552,1
26.47248,92.20603,32.68,1143.4,3,Urban,1,Laterite,0.413,0
27.42215,92.06147,46.63,1429.4,4,Barren,1,Laterite,0.5496,0
25.93261,90.8442,25.68,1061.4,1,Agriculture,4,Shale,0.5245,0
26.74029,95.78161,35.79,1075.5,1,Agriculture,4,Shale,0.5214,0
23.66023,95.4816,26.62,975.5,0,Dense Forest,2,Alluvial,0.2451,0
28.27927,90.76091,34.97,1688.7,0,Dense Forest,4,Shale,0.3654,0
26.19946,89.81106,35.06,1072.2,1,Agriculture,2,Alluvial,0.3734,0
28.61401,96.36977,49.73,1535.7,0,Dense Forest,0,Granite/Gneiss,0.2886,0
23.25468,90.27245,21.04,415.3,1,Agriculture,0,Granite/Gneiss,0.1654,0
27.6272,90.07167,43.98,1405.6,0,Dense Forest,0,Granite/Gneiss,0.3198,0
26.66865,89.10729,28.99,1270.6,1,Agriculture,3,Colluvial,0.4066,0
25.8444,92.05432,22.52,1306.7,1,Agriculture,1,Laterite,0.346,0
24.73003,90.47219,32.68,665.8,1,Agriculture,3,Colluvial,0.4355,0
24.30864,94.1845,21.06,767.5,1,Agriculture,2,Alluvial,0.2801,0
24.78716,94.35594,13.91,999.5,1,Agriculture,1,Laterite,0.2952,0
26.49457,94.24021,27.65,1089.0,3,Urban,1,Laterite,0.3539,0
26.6086,93.77478,44.94,1113.5,2,Degraded Forest,0,Granite/Gneiss,0.3481,0
25.69723,93.04835,39.22,742.6,1,Agriculture,3,Colluvial,0.5468,0
25.76268,91.75547,22.02,1395.3,4,Barren,3,Colluvial,0.6956,1
24.35931,94.86305,14.03,844.9,3,Urban,2,Alluvial,0.3956,0
26.66302,96.14616,31.09,1147.6,0,Dense Forest,1,Laterite,0.275,0
22.56271,95.27223,27.31,216.4,0,Dense Forest,1,Laterite,0.1415,0
23.56131,96.30413,21.16,357.5,0,Dense Forest,4,Shale,0.3733,0
27.54678,90.48201,36.18,1491.9,1,Agriculture,1,Laterite,0.3229,0
22.37827,92.37505,13.38,229.2,1,Agriculture,0,Granite/Gneiss,0.1289,0
24.21135,90.27699,23.0,526.6,1,Agriculture,2,Alluvial,0.3147,0
23.20227,93.93933,28.16,328.7,3,Urban,1,Laterite,0.3299,0
25.86284,92.97797,32.04,1226.8,0,Dense Forest,4,Shale,0.4356,0
26.69687,94.30712,32.87,1193.0,1,Agriculture,2,Alluvial,0.3688,0
24.788,97.03101,32.54,594.2,1,Agriculture,4,Shale,0.4752,0
25.61116,91.89663,30.99,1037.9,4,Barren,3,Colluvial,0.5738,1
27.87208,96.95125,46.5,1396.5,0,Dense Forest,3,Colluvial,0.4292,0
26.01058,91.98492,26.47,1244.1,0,Dense Forest,3,Colluvial,0.4126,0
26.11679,97.04855,34.49,1440.2,0,Dense Forest,3,Colluvial,0.4173,0
22.17523,91.51197,24.63,50.0,1,Agriculture,0,Granite/Gneiss,0.1369,0
28.75527,95.57769,54.63,1591.0,1,Agriculture,1,Laterite,0.4518,0
26.44264,91.39223,24.79,1239.8,3,Urban,1,Laterite,0.4254,0
25.8286,92.88786,29.84,1058.6,1,Agriculture,2,Alluvial,0.4412,0
27.81303,89.77081,28.15,1770.8,0,Dense Forest,2,Alluvial,0.2914,0
26.34102,92.00701,25.4,1185.4,1,Agriculture,0,Granite/Gneiss,0.2476,0
22.08429,91.14347,17.34,272.3,3,Urban,0,Granite/Gneiss,0.2536,0
25.63053,89.72675,14.27,1115.5,1,Agriculture,0,Granite/Gneiss,0.1383,0
21.9745,91.46277,20.13,70.6,3,Urban,4,Shale,0.4853,0
25.96683,91.44559,36.21,1208.1,1,Agriculture,3,Colluvial,0.5636,1
26.64679,90.45519,33.69,1339.1,0,Dense Forest,3,Colluvial,0.3876,0
27.67661,91.85964,31.44,1510.4,3,Urban,1,Laterite,0.4253,0
26.53241,95.78308,31.92,848.7,0,Dense Forest,1,Laterite,0.2369,0
28.56333,90.86874,58.42,1537.0,0,Dense Forest,0,Granite/Gneiss,0.3907,0
21.66828,88.47614,11.47,175.0,0,Dense Forest,2,Alluvial,0.1755,0
29.27835,92.25007,37.87,1831.1,0,Dense Forest,1,Laterite,0.3211,0
29.23891,91.2662,25.52,1991.1,1,Agriculture,3,Colluvial,0.4109,0
21.82326,89.5168,24.56,324.1,1,Agriculture,3,Colluvial,0.3355,0
23.00676,93.59641,10.73,507.9,1,Agriculture,0,Granite/Gneiss,0.1167,0
29.37245,90.82446,45.23,2022.7,1,Agriculture,4,Shale,0.5584,1
21.67699,90.64241,32.52,239.8,2,Degraded Forest,3,Colluvial,0.4851,0
28.12588,96.17255,42.8,1485.6,0,Dense Forest,3,Colluvial,0.4851,0
26.42269,92.19826,36.33,1206.4,2,Degraded Forest,1,Laterite,0.4237,0
21.64759,96.77696,12.95,50.0,1,Agriculture,4,Shale,0.3328,0
26.5611,92.0023,36.49,1537.4,2,Degraded Forest,2,Alluvial,0.4985,0
26.31815,92.72858,33.67,933.2,2,Degraded Forest,1,Laterite,0.3428,0
28.74256,91.02023,46.48,1312.8,2,Degraded Forest,3,Colluvial,0.5208,0
29.27313,88.94975,24.82,2273.1,2,Degraded Forest,1,Laterite,0.3049,0
24.49353,92.13709,29.26,755.0,1,Agriculture,4,Shale,0.4963,0
26.6308,91.35574,37.71,1433.4,1,Agriculture,4,Shale,0.5385,0
24.40074,96.13271,46.26,899.3,2,Degraded Forest,2,Alluvial,0.4223,0
22.42507,88.71545,18.43,517.2,1,Agriculture,1,Laterite,0.1962,0
23.7338,91.73819,25.15,720.8,1,Agriculture,2,Alluvial,0.3317,0
24.95196,89.19085,31.12,996.2,0,Dense Forest,0,Granite/Gneiss,0.2171,0
28.72581,91.88693,45.49,1257.8,0,Dense Forest,1,Laterite,0.3235,0
23.18975,96.43415,11.47,287.5,2,Degraded Forest,2,Alluvial,0.3325,0
26.23335,97.18413,39.3,639.4,0,Dense Forest,0,Granite/Gneiss,0.2277,0
21.75609,95.84214,8.62,50.0,0,Dense Forest,3,Colluvial,0.3097,0
21.82731,94.57397,19.48,67.0,4,Barren,1,Laterite,0.3007,0
27.8524,88.67139,31.95,1506.0,0,Dense Forest,4,Shale,0.4865,0
27.58182,91.90917,36.03,1278.9,1,Agriculture,0,Granite/Gneiss,0.2038,0
29.13486,90.28722,39.87,1747.4,3,Urban,2,Alluvial,0.562,1
29.31616,88.0109,42.32,1755.1,0,Dense Forest,3,Colluvial,0.4601,0
25.22403,88.24932,28.3,1007.0,4,Barren,1,Laterite,0.4193,0
29.41326,88.82698,47.65,2032.3,0,Dense Forest,3,Colluvial,0.4896,0
26.78969,92.74001,34.07,1333.0,0,Dense Forest,3,Colluvial,0.3941,0
26.25191,90.84112,39.82,1295.2,0,Dense Forest,3,Colluvial,0.4459,0
26.01091,92.72685,27.65,1153.1,1,Agriculture,1,Laterite,0.3521,0
29.24249,95.91375,47.47,2079.5,4,Barren,3,Colluvial,0.6171,1
26.89295,93.67854,28.56,1686.2,3,Urban,3,Colluvial,0.5464,0
26.42929,91.25367,47.75,719.8,2,Degraded Forest,2,Alluvial,0.5199,0
21.80083,91.20781,19.6,394.3,0,Dense Forest,3,Colluvial,0.2705,0
27.15057,93.97638,30.61,1113.5,3,Urban,1,Laterite,0.3739,0
23.40121,90.79379,36.01,564.9,3,Urban,1,Laterite,0.4203,0
24.76312,93.36343,31.38,886.5,0,Dense Forest,1,Laterite,0.3195,0
23.29041,93.87171,16.17,624.5,3,Urban,0,Granite/Gneiss,0.3295,0
24.51494,92.05029,25.26,768.2,3,Urban,1,Laterite,0.4658,0
24.07448,88.86934,15.55,678.3,2,Degraded Forest,2,Alluvial,0.3496,0
29.34892,94.5553,35.33,1934.7,0,Dense Forest,2,Alluvial,0.3214,0
22.2862,97.10928,27.62,207.7,4,Barren,1,Laterite,0.3688,0
25.39992,92.68855,22.44,597.6,0,Dense Forest,4,Shale,0.4449,0
26.09186,91.91124,21.52,1132.8,2,Degraded Forest,1,Laterite,0.3832,0
25.93145,94.45884,36.7,947.3,0,Dense Forest,4,Shale,0.4455,0
28.06776,93.77911,52.91,1410.9,4,Barren,2,Alluvial,0.6724,1
21.80572,89.15258,25.4,50.0,1,Agriculture,3,Colluvial,0.3243,0
26.14909,89.12634,50.76,751.8,1,Agriculture,0,Granite/Gneiss,0.279,0
24.71581,94.47678,46.43,743.6,0,Dense Forest,2,Alluvial,0.4225,0
24.19562,92.13846,17.91,706.7,1,Agriculture,4,Shale,0.4591,0
23.16124,96.18081,18.74,627.4,4,Barren,3,Colluvial,0.4755,0
23.76505,92.02729,10.93,491.5,4,Barren,3,Colluvial,0.4178,0
23.47242,94.82078,13.09,859.3,0,Dense Forest,1,Laterite,0.1822,0
25.15783,96.38425,37.3,1039.8,1,Agriculture,3,Colluvial,0.5406,0
24.59906,92.07237,28.84,573.1,0,Dense Forest,1,Laterite,0.3066,0
24.51672,88.22032,37.96,681.1,1,Agriculture,2,Alluvial,0.3519,0
27.63834,94.84963,31.1,1885.4,3,Urban,1,Laterite,0.4273,0
23.23213,96.99853,17.11,641.7,2,Degraded Forest,2,Alluvial,0.3391,0
24.9323,90.58467,32.62,766.9,1,Agriculture,2,Alluvial,0.438,0
26.7597,94.51285,43.18,1462.0,1,Agriculture,3,Colluvial,0.4614,0
26.65524,89.95381,21.25,1007.7,2,Degraded Forest,4,Shale,0.4735,0
25.10571,96.24537,26.6,800.7,0,Dense Forest,1,Laterite,0.1783,0
26.74133,94.59665,37.85,813.3,0,Dense Forest,4,Shale,0.4718,0
23.71319,92.32446,29.56,718.7,0,Dense Forest,3,Colluvial,0.3681,0
25.58647,88.79073,38.17,786.3,0,Dense Forest,2,Alluvial,0.386,0
22.5554,93.77005,18.36,321.3,1,Agriculture,1,Laterite,0.2103,0
24.8933,90.04276,17.84,554.2,4,Barren,0,Granite/Gneiss,0.3672,0
25.58002,90.71278,14.9,1058.1,0,Dense Forest,1,Laterite,0.2216,0
25.98454,95.36206,30.36,1094.2,3,Urban,4,Shale,0.5047,0
26.17538,93.02225,30.22,857.2,1,Agriculture,1,Laterite,0.3758,0
21.69567,88.72571,9.37,50.0,2,Degraded Forest,0,Granite/Gneiss,0.1373,0
26.60808,92.81118,41.3,1276.0,0,Dense Forest,0,Granite/Gneiss,0.2836,0
27.91206,88.17876,29.86,1631.7,0,Dense Forest,1,Laterite,0.2852,0
22.7588,90.44018,14.42,699.9,0,Dense Forest,1,Laterite,0.1555,0
27.26469,89.41389,45.95,1640.6,2,Degraded Forest,0,Granite/Gneiss,0.3015,0
27.82206,97.17032,32.51,1383.5,2,Degraded Forest,4,Shale,0.5308,0
26.40524,91.22882,35.98,1062.2,4,Barren,1,Laterite,0.4962,0
26.83532,95.73559,34.93,1014.3,1,Agriculture,0,Granite/Gneiss,0.2272,0
23.30084,96.14783,23.7,303.2,1,Agriculture,4,Shale,0.4054,0
29.27005,94.02844,51.19,2020.3,1,Agriculture,2,Alluvial,0.4885,0
29.38408,88.61438,47.17,1556.1,0,Dense Forest,0,Granite/Gneiss,0.3523,0
26.62497,89.52427,23.13,1222.1,1,Agriculture,0,Granite/Gneiss,0.2255,0
26.03568,96.32994,22.27,1060.2,3,Urban,0,Granite/Gneiss,0.3112,0
24.57166,90.77546,28.88,639.6,1,Agriculture,2,Alluvial,0.3695,0
24.04832,96.76543,17.2,412.9,3,Urban,0,Granite/Gneiss,0.2939,0
27.02679,91.15396,43.37,964.7,1,Agriculture,2,Alluvial,0.437,0
23.58022,95.96568,25.27,309.4,1,Agriculture,3,Colluvial,0.3589,0
28.95053,88.05994,29.21,1759.7,2,Degraded Forest,0,Granite/Gneiss,0.2194,0
28.04597,88.12516,54.66,1692.4,0,Dense Forest,2,Alluvial,0.4711,0
29.44589,95.96472,41.87,2210.2,4,Barren,4,Shale,0.7576,1
23.38046,92.47263,20.38,590.0,3,Urban,3,Colluvial,0.4937,0
29.48934,93.57015,48.34,2016.2,2,Degraded Forest,3,Colluvial,0.528,0
28.07114,93.16381,38.95,1900.2,4,Barren,2,Alluvial,0.6089,1
23.63523,94.03022,30.7,648.1,0,Dense Forest,1,Laterite,0.2173,0
27.09739,91.99784,27.85,1556.0,1,Agriculture,2,Alluvial,0.3213,0
26.44638,88.67727,42.73,1137.0,3,Urban,3,Colluvial,0.6674,1
25.98794,91.36922,37.28,1254.0,1,Agriculture,2,Alluvial,0.527,0
26.94504,89.5144,29.22,1367.1,0,Dense Forest,3,Colluvial,0.3991,0
24.39441,91.72818,27.87,702.9,0,Dense Forest,4,Shale,0.4856,0
25.78739,93.4101,40.78,1374.1,1,Agriculture,3,Colluvial,0.5794,1
24.88525,92.08833,31.87,621.1,2,Degraded Forest,3,Colluvial,0.5222,0
26.35689,94.34923,34.39,1020.8,0,Dense Forest,2,Alluvial,0.4263,0
24.89484,93.62694,32.71,1099.4,1,Agriculture,1,Laterite,0.3369,0
23.47992,88.95987,28.08,739.7,0,Dense Forest,1,Laterite,0.2558,0
27.31736,91.37667,32.77,1411.4,1,Agriculture,2,Alluvial,0.4065,0
23.58635,95.5685,24.08,637.4,3,Urban,0,Granite/Gneiss,0.2371,0
27.75846,93.18764,45.26,1611.6,2,Degraded Forest,2,Alluvial,0.4959,0
25.89695,95.58444,32.55,1162.3,1,Agriculture,4,Shale,0.5489,0
26.83628,88.82251,29.27,1348.9,0,Dense Forest,4,Shale,0.4002,0
26.95069,92.07465,37.68,1158.3,0,Dense Forest,4,Shale,0.5426,0
25.83904,90.85647,28.15,1323.9,0,Dense Forest,1,Laterite,0.3322,0
25.43882,95.62765,34.43,945.4,2,Degraded Forest,1,Laterite,0.302,0
23.50644,94.41703,33.94,353.3,0,Dense Forest,1,Laterite,0.2329,0
25.17403,89.04596,34.19,953.5,1,Agriculture,1,Laterite,0.3164,0
25.09563,95.31217,21.89,977.7,2,Degraded Forest,3,Colluvial,0.3777,0
26.75568,92.93533,37.12,1361.6,2,Degraded Forest,0,Granite/Gneiss,0.3532,0
25.36775,94.01325,8.87,1164.8,2,Degraded Forest,2,Alluvial,0.2645,0
26.23664,96.99857,31.97,1089.8,2,Degraded Forest,1,Laterite,0.3798,0
25.8745,90.03795,38.93,1071.2,0,Dense Forest,2,Alluvial,0.3488,0
28.1726,92.89243,43.24,1432.5,0,Dense Forest,3,Colluvial,0.4271,0
25.89024,96.24636,32.34,1134.5,1,Agriculture,4,Shale,0.486,0
23.29358,91.48825,38.76,331.8,1,Agriculture,4,Shale,0.5648,1
25.17972,89.83073,15.16,810.0,0,Dense Forest,1,Laterite,0.1408,0
27.40424,94.49661,25.29,1625.1,3,Urban,4,Shale,0.5479,0
28.03861,91.41147,43.38,1598.5,2,Degraded Forest,2,Alluvial,0.4908,0
24.47648,97.16492,33.35,1054.6,1,Agriculture,3,Colluvial,0.4229,0
28.57865,97.38275,49.06,1928.0,0,Dense Forest,4,Shale,0.5517,1
23.43126,92.57878,17.66,577.7,2,Degraded Forest,0,Granite/Gneiss,0.1984,0
26.47646,91.3657,26.91,1290.4,1,Agriculture,4,Shale,0.5232,0
28.36424,88.50414,32.81,1596.8,0,Dense Forest,2,Alluvial,0.2503,0
26.85913,88.30866,37.67,1514.6,2,Degraded Forest,1,Laterite,0.4464,0
27.05641,90.76905,27.97,1422.8,1,Agriculture,1,Laterite,0.3001,0
28.01841,91.90038,48.36,1748.6,0,Dense Forest,3,Colluvial,0.5854,1
26.31119,92.75484,32.87,1053.1,1,Agriculture,3,Colluvial,0.4549,0
27.5531,91.03331,32.07,1189.7,3,Urban,3,Colluvial,0.5721,1
23.92621,92.19125,18.5,746.3,3,Urban,1,Laterite,0.3215,0
26.64977,94.47236,22.06,1399.3,3,Urban,1,Laterite,0.3625,0
26.54196,88.46683,27.55,1249.5,1,Agriculture,3,Colluvial,0.366,0
24.6764,92.70315,22.49,930.4,3,Urban,1,Laterite,0.3925,0
23.19929,97.13108,24.64,311.9,3,Urban,1,Laterite,0.3019,0
22.37794,96.78502,17.5,485.4,1,Agriculture,1,Laterite,0.2207,0
23.38953,97.3207,15.21,759.5,1,Agriculture,0,Granite/Gneiss,0.2021,0
24.10626,95.7576,14.97,890.5,2,Degraded Forest,2,Alluvial,0.3331,0
23.1452,96.62008,19.27,495.0,4,Barren,1,Laterite,0.4749,0
26.98988,92.82334,19.16,1572.5,4,Barren,4,Shale,0.6294,1
29.02419,91.45059,40.67,1564.4,0,Dense Forest,3,Colluvial,0.3927,0
26.84114,92.12621,43.95,1416.5,4,Barren,3,Colluvial,0.7677,1
27.46781,91.82253,35.78,1586.0,1,Agriculture,2,Alluvial,0.4393,0
28.90923,96.63675,44.06,1867.3,1,Agriculture,3,Colluvial,0.4517,0
25.28417,88.17718,29.5,763.4,4,Barren,2,Alluvial,0.4872,0
28.99789,96.36168,32.04,1832.9,3,Urban,1,Laterite,0.4524,0
27.92558,96.91126,53.16,1494.5,2,Degraded Forest,0,Granite/Gneiss,0.4259,0
23.74377,90.55269,20.15,213.4,3,Urban,3,Colluvial,0.4835,0
23.66326,89.00488,23.09,351.2,2,Degraded Forest,0,Granite/Gneiss,0.2571,0
26.62117,92.19402,28.96,1484.5,1,Agriculture,0,Granite/Gneiss,0.2456,0
27.30097,92.00761,45.86,1325.6,4,Barren,2,Alluvial,0.6191,1
27.73983,88.925,26.73,1715.2,4,Barren,3,Colluvial,0.5736,1
24.31882,92.09116,35.99,963.0,1,Agriculture,3,Colluvial,0.4851,0
27.24342,91.99216,34.1,1501.5,1,Agriculture,4,Shale,0.5552,1
24.19139,94.69925,20.82,582.7,1,Agriculture,1,Laterite,0.2346,0
29.36437,97.22608,39.47,2058.3,3,Urban,4,Shale,0.6978,1
26.45414,92.39907,48.05,1257.4,3,Urban,3,Colluvial,0.6648,1
22.1618,91.82106,4.64,257.8,4,Barren,1,Laterite,0.2657,0
25.61647,90.5789,26.16,843.9,1,Agriculture,3,Colluvial,0.4578,0
25.94586,92.49032,21.35,1000.2,2,Degraded Forest,2,Alluvial,0.447,0
25.65805,92.09737,16.09,856.1,3,Urban,0,Granite/Gneiss,0.3355,0
22.82039,91.00358,30.39,588.9,0,Dense Forest,0,Granite/Gneiss,0.1436,0
26.99934,90.57511,35.41,1644.2,2,Degraded Forest,2,Alluvial,0.467,0
27.97978,90.70073,30.01,1742.7,1,Agriculture,2,Alluvial,0.4286,0
29.4414,91.52538,51.41,1926.6,2,Degraded Forest,4,Shale,0.686,1
28.10458,90.70608,36.56,1524.7,2,Degraded Forest,1,Laterite,0.3989,0
26.83369,95.48046,29.83,1395.4,3,Urban,2,Alluvial,0.45,0
21.55302,97.35726,19.8,50.0,1,Agriculture,1,Laterite,0.2064,0
23.68316,88.10849,19.81,584.9,0,Dense Forest,2,Alluvial,0.1914,0
28.00685,92.85035,31.7,1399.7,3,Urban,4,Shale,0.586,1
26.55322,92.65192,39.51,1367.1,1,Agriculture,2,Alluvial,0.4624,0
23.40082,88.88905,21.0,667.9,0,Dense Forest,2,Alluvial,0.244,0
24.22479,92.05063,31.19,894.8,1,Agriculture,3,Colluvial,0.4487,0
26.77264,93.51023,31.55,1397.9,0,Dense Forest,0,Granite/Gneiss,0.1565,0
27.53674,91.14002,45.79,1555.9,3,Urban,4,Shale,0.6707,1
27.14641,93.59205,36.29,1161.7,2,Degraded Forest,2,Alluvial,0.4095,0
26.17461,92.34345,41.0,934.7,2,Degraded Forest,3,Colluvial,0.5707,1
26.58751,91.2791,42.29,1310.9,2,Degraded Forest,3,Colluvial,0.5826,1
29.26325,88.52006,54.0,2066.9,1,Agriculture,3,Colluvial,0.6224,1
25.51861,94.50425,30.62,950.7,0,Dense Forest,3,Colluvial,0.409,0
25.94256,94.6679,34.72,1100.7,3,Urban,3,Colluvial,0.5526,1
28.62116,92.9736,39.86,1705.5,1,Agriculture,0,Granite/Gneiss,0.377,0
28.65578,92.64536,34.65,1341.4,0,Dense Forest,1,Laterite,0.2834,0
25.80565,92.17319,47.17,1116.9,2,Degraded Forest,4,Shale,0.6648,1
26.25054,91.44222,26.8,1058.9,1,Agriculture,1,Laterite,0.3214,0
25.55636,92.57849,37.45,1134.9,0,Dense Forest,2,Alluvial,0.5195,0
23.69836,93.65023,29.05,588.4,0,Dense Forest,1,Laterite,0.1949,0
24.19269,91.93529,26.55,670.0,4,Barren,1,Laterite,0.4444,0
23.02324,94.30277,19.47,411.2,1,Agriculture,3,Colluvial,0.3747,0
25.62685,97.03032,29.32,963.1,0,Dense Forest,3,Colluvial,0.3167,0
23.22146,91.87635,16.2,215.0,3,Urban,2,Alluvial,0.4002,0
23.72095,92.50032,24.08,790.4,3,Urban,4,Shale,0.6031,1
23.6878,89.26105,13.75,465.5,1,Agriculture,3,Colluvial,0.3238,0
23.91702,91.60766,30.04,550.3,0,Dense Forest,1,Laterite,0.3215,0
26.71669,92.44259,32.73,1289.6,1,Agriculture,2,Alluvial,0.3932,0
26.91968,91.50426,27.63,1096.3,0,Dense Forest,4,Shale,0.4747,0
26.63513,88.18087,24.05,1155.6,2,Degraded Forest,0,Granite/Gneiss,0.1516,0
25.56561,90.69839,29.19,1398.1,1,Agriculture,2,Alluvial,0.4556,0
26.47672,88.10196,32.89,1287.1,1,Agriculture,1,Laterite,0.362,0
23.98634,93.83572,20.18,487.9,2,Degraded Forest,0,Granite/Gneiss,0.2477,0
24.93809,94.7966,31.91,457.3,2,Degraded Forest,4,Shale,0.504,0
25.79415,93.93135,33.89,1266.5,4,Barren,3,Colluvial,0.5512,1
27.267,91.64792,37.08,1195.2,2,Degraded Forest,1,Laterite,0.435,0
24.26767,91.26473,17.97,614.2,1,Agriculture,3,Colluvial,0.3554,0
25.83017,89.82118,25.32,991.0,3,Urban,0,Granite/Gneiss,0.3032,0
28.54276,92.64672,30.24,1502.0,0,Dense Forest,2,Alluvial,0.3023,0
28.64876,95.9389,40.28,1693.2,0,Dense Forest,3,Colluvial,0.4592,0
23.79778,91.85755,28.1,506.7,3,Urban,2,Alluvial,0.4986,0
22.76461,91.32356,10.05,506.8,1,Agriculture,4,Shale,0.4367,0
26.66287,94.28908,29.87,1289.8,1,Agriculture,3,Colluvial,0.4299,0
28.42999,91.71752,40.56,1945.7,3,Urban,2,Alluvial,0.5438,0
22.86847,91.86305,24.61,698.4,2,Degraded Forest,4,Shale,0.5064,0
28.14781,92.13748,28.11,1404.8,3,Urban,0,Granite/Gneiss,0.3075,0
28.15225,89.27884,57.71,1531.4,3,Urban,2,Alluvial,0.6329,1
26.0968,91.2284,38.26,1565.1,0,Dense Forest,3,Colluvial,0.4649,0
24.01313,92.23549,19.63,433.8,2,Degraded Forest,3,Colluvial,0.472,0
23.54189,94.14606,14.09,719.0,4,Barren,2,Alluvial,0.3717,0
24.02453,95.80935,26.74,777.6,1,Agriculture,4,Shale,0.4831,0
25.85615,92.75411,35.11,910.3,2,Degraded Forest,2,Alluvial,0.52,0
26.51631,90.52816,25.89,1068.5,2,Degraded Forest,1,Laterite,0.2872,0
27.67873,90.11177,29.26,1859.2,0,Dense Forest,4,Shale,0.4635,0
28.00803,91.90885,32.26,1929.3,0,Dense Forest,3,Colluvial,0.4671,0
26.21088,92.61128,33.18,1245.9,1,Agriculture,2,Alluvial,0.4341,0
27.22855,89.36782,37.1,1111.7,1,Agriculture,4,Shale,0.5185,0
23.46007,92.91417,39.66,792.4,1,Agriculture,3,Colluvial,0.4443,0
21.67741,94.18107,3.0,50.0,4,Barren,3,Colluvial,0.4108,0
29.36689,92.2485,39.13,2013.1,0,Dense Forest,3,Colluvial,0.4263,0
27.87484,91.78873,34.67,1210.5,1,Agriculture,3,Colluvial,0.4632,0
25.7112,92.20591,34.68,1049.0,1,Agriculture,2,Alluvial,0.489,0
23.05283,93.3575,25.04,626.4,4,Barren,2,Alluvial,0.4746,0
26.59623,93.29322,32.51,681.6,1,Agriculture,4,Shale,0.5418,0
26.31638,90.92911,45.15,1078.0,3,Urban,2,Alluvial,0.5943,1
26.3039,95.80504,24.09,1211.5,2,Degraded Forest,1,Laterite,0.2983,0
28.23239,91.44274,34.68,1546.0,2,Degraded Forest,2,Alluvial,0.3685,0
25.24665,93.99555,18.53,808.8,0,Dense Forest,0,Granite/Gneiss,0.1158,0
24.29437,95.00522,24.31,702.0,0,Dense Forest,3,Colluvial,0.3182,0
25.97153,88.34558,29.11,1313.6,0,Dense Forest,0,Granite/Gneiss,0.2058,0
26.81448,91.63828,41.22,1569.5,0,Dense Forest,0,Granite/Gneiss,0.2055,0
29.1097,89.8334,58.36,1953.2,1,Agriculture,4,Shale,0.577,1
24.42525,92.31638,37.89,1068.9,2,Degraded Forest,3,Colluvial,0.4881,0
21.72695,91.80176,6.07,50.0,0,Dense Forest,2,Alluvial,0.1405,0
26.2594,89.74273,33.27,1290.2,0,Dense Forest,1,Laterite,0.2326,0
27.68,89.83622,44.37,1286.7,2,Degraded Forest,3,Colluvial,0.5627,1
23.24292,91.21087,26.88,1078.4,0,Dense Forest,4,Shale,0.4049,0
28.11046,96.24228,58.3,1607.4,0,Dense Forest,2,Alluvial,0.3988,0
26.76016,93.63941,32.97,1444.4,4,Barren,2,Alluvial,0.5821,1
23.12111,90.7614,21.7,112.3,0,Dense Forest,1,Laterite,0.1693,0
27.20026,90.55161,54.3,1538.8,1,Agriculture,2,Alluvial,0.5435,0
26.34927,92.28811,36.54,1213.8,0,Dense Forest,2,Alluvial,0.3921,0
23.30511,97.04337,16.99,599.0,3,Urban,3,Colluvial,0.4921,0
25.88807,91.56382,23.66,1090.0,2,Degraded Forest,1,Laterite,0.4149,0
24.19514,95.61979,26.78,682.4,0,Dense Forest,3,Colluvial,0.2791,0
26.90442,96.71596,43.8,1254.4,2,Degraded Forest,1,Laterite,0.3924,0
28.35318,88.15376,49.13,1624.0,0,Dense Forest,0,Granite/Gneiss,0.2645,0
25.98677,93.77208,24.85,1403.2,1,Agriculture,0,Granite/Gneiss,0.1466,0
22.7668,88.20974,20.58,311.6,2,Degraded Forest,2,Alluvial,0.3622,0
26.45201,89.34582,29.96,1666.0,0,Dense Forest,1,Laterite,0.2879,0
24.7483,89.0469,26.0,843.1,1,Agriculture,4,Shale,0.5197,0
22.11906,95.7941,24.57,519.3,1,Agriculture,3,Colluvial,0.3013,0
25.59359,92.29502,29.95,1249.8,4,Barren,3,Colluvial,0.6105,1
26.48603,93.72809,38.92,909.2,4,Barren,3,Colluvial,0.5808,1
27.13458,88.96368,41.59,1097.4,2,Degraded Forest,1,Laterite,0.4598,0
29.07737,89.33507,38.53,1669.3,3,Urban,4,Shale,0.6955,1
25.22559,93.05215,38.8,629.5,2,Degraded Forest,4,Shale,0.5656,1
23.1706,94.77964,12.5,393.3,3,Urban,1,Laterite,0.2918,0
26.0572,96.74016,21.98,1131.0,1,Agriculture,4,Shale,0.4619,0
23.95991,88.12834,20.4,783.2,2,Degraded Forest,1,Laterite,0.2755,0
27.4207,95.62844,29.4,1468.3,3,Urban,0,Granite/Gneiss,0.4153,0
26.46071,91.11968,38.45,1217.2,4,Barren,1,Laterite,0.4332,0
25.88793,89.64873,51.96,1292.0,0,Dense Forest,4,Shale,0.4949,0
28.84867,94.43723,51.58,1931.4,0,Dense Forest,3,Colluvial,0.5053,0
27.17634,94.92266,29.75,1758.7,4,Barren,3,Colluvial,0.5371,0
25.28838,92.48038,21.22,989.7,2,Degraded Forest,1,Laterite,0.4119,0
28.27778,92.61905,48.24,1142.8,4,Barren,0,Granite/Gneiss,0.4063,0
24.15038,89.06648,15.47,781.8,3,Urban,4,Shale,0.5254,0
24.72067,91.19221,19.2,1278.5,3,Urban,2,Alluvial,0.4803,0
26.41163,93.03469,36.37,1410.3,1,Agriculture,0,Granite/Gneiss,0.3758,0
25.78516,90.52436,26.73,1315.2,0,Dense Forest,1,Laterite,0.2587,0
24.44926,91.41183,27.01,782.5,2,Degraded Forest,1,Laterite,0.4446,0
23.72648,91.3197,20.71,783.6,3,Urban,3,Colluvial,0.514,0
25.9783,89.81218,31.57,1369.2,2,Degraded Forest,3,Colluvial,0.4734,0
26.48126,89.58321,40.68,1153.9,1,Agriculture,2,Alluvial,0.3849,0
24.59518,92.21933,31.58,696.3,3,Urban,1,Laterite,0.4986,0
25.81332,88.93875,38.51,1161.4,2,Degraded Forest,0,Granite/Gneiss,0.3388,0
28.01648,93.03502,44.55,1760.1,4,Barren,1,Laterite,0.5292,0
25.58488,89.13568,35.99,468.0,0,Dense Forest,3,Colluvial,0.4599,0
22.32524,91.72433,18.08,246.7,0,Dense Forest,2,Alluvial,0.2431,0
21.84464,94.66323,4.66,50.0,1,Agriculture,1,Laterite,0.089,0
27.9828,88.72806,38.45,1534.1,1,Agriculture,0,Granite/Gneiss,0.26,0
24.12363,96.65065,27.37,1028.2,4,Barren,2,Alluvial,0.5005,0
28.45679,93.74725,41.68,1540.5,0,Dense Forest,3,Colluvial,0.4452,0
22.0427,92.08491,20.39,164.9,4,Barren,1,Laterite,0.3855,0
26.39528,93.81946,49.85,1333.8,4,Barren,2,Alluvial,0.6585,1
29.04717,95.49796,39.29,1996.9,0,Dense Forest,2,Alluvial,0.4384,0
27.74568,91.80267,35.18,1696.5,3,Urban,3,Colluvial,0.5462,0
25.93071,97.38429,41.28,1104.4,1,Agriculture,4,Shale,0.6264,1
28.04349,92.80531,40.53,1686.4,3,Urban,1,Laterite,0.4981,0
24.17401,89.93124,28.66,807.0,0,Dense Forest,4,Shale,0.4418,0
24.87777,92.40615,22.93,719.2,4,Barren,3,Colluvial,0.5865,1
26.70217,88.56222,28.65,920.3,2,Degraded Forest,0,Granite/Gneiss,0.2788,0
27.71986,92.40498,28.67,1320.1,3,Urban,3,Colluvial,0.4445,0
29.2826,92.23086,45.56,2138.8,2,Degraded Forest,2,Alluvial,0.508,0
22.41651,90.39979,10.61,748.9,1,Agriculture,4,Shale,0.4165,0
24.23662,93.93758,16.45,697.5,0,Dense Forest,1,Laterite,0.153,0
25.99702,91.20853,37.15,1391.9,0,Dense Forest,2,Alluvial,0.3416,0
23.8001,90.22749,18.55,558.0,1,Agriculture,4,Shale,0.3624,0
25.49587,91.95519,20.38,1068.9,3,Urban,1,Laterite,0.4195,0
26.6079,94.68231,23.73,1126.4,0,Dense Forest,2,Alluvial,0.2847,0
29.37633,92.60043,51.83,2075.1,4,Barren,3,Colluvial,0.6705,1
24.91115,93.61102,26.94,739.8,3,Urban,3,Colluvial,0.4651,0
26.88115,93.85247,31.98,1132.2,1,Agriculture,3,Colluvial,0.4012,0
21.70356,96.1202,17.14,155.2,0,Dense Forest,2,Alluvial,0.2776,0
26.95962,93.78586,36.08,1491.8,4,Barren,1,Laterite,0.5932,1
23.96592,93.70684,20.01,687.6,0,Dense Forest,2,Alluvial,0.2691,0
24.39957,93.16743,23.2,658.6,1,Agriculture,1,Laterite,0.2854,0
26.51568,97.42531,39.65,1048.6,0,Dense Forest,1,Laterite,0.3274,0
24.98702,92.3607,34.67,547.2,4,Barren,2,Alluvial,0.5333,0
23.71133,91.87593,16.59,506.3,2,Degraded Forest,0,Granite/Gneiss,0.1904,0
24.74772,94.24406,37.42,800.2,1,Agriculture,0,Granite/Gneiss,0.1833,0
22.99209,88.99307,36.67,546.5,0,Dense Forest,0,Granite/Gneiss,0.2074,0
22.50544,91.46287,16.44,92.8,1,Agriculture,3,Colluvial,0.3074,0
21.68735,89.03947,13.18,275.8,0,Dense Forest,2,Alluvial,0.1528,0
23.84705,90.91037,16.62,509.3,3,Urban,2,Alluvial,0.4672,0
25.18387,93.93021,23.47,826.1,1,Agriculture,1,Laterite,0.3209,0
26.0588,89.75984,34.68,1375.5,2,Degraded Forest,1,Laterite,0.3961,0
22.23783,94.53027,36.3,50.0,0,Dense Forest,1,Laterite,0.1997,0
26.16588,96.75861,38.32,904.5,1,Agriculture,1,Laterite,0.3332,0
26.43511,89.52737,30.85,1219.5,0,Dense Forest,3,Colluvial,0.3887,0
26.68267,92.66736,31.04,1265.1,3,Urban,0,Granite/Gneiss,0.3434,0
26.46432,97.16743,28.31,876.6,3,Urban,2,Alluvial,0.3923,0
22.06755,90.4041,25.61,128.9,0,Dense Forest,2,Alluvial,0.2524,0
26.27694,91.36445,30.97,1366.4,0,Dense Forest,1,Laterite,0.3183,0
22.29701,94.06349,21.62,50.0,3,Urban,0,Granite/Gneiss,0.2016,0
24.73429,94.95238,25.23,1043.9,0,Dense Forest,3,Colluvial,0.2615,0
22.91248,92.18433,37.24,274.6,1,Agriculture,2,Alluvial,0.3481,0
29.18215,94.38143,39.53,1453.9,1,Agriculture,3,Colluvial,0.4131,0
25.11312,90.84522,22.92,1076.8,0,Dense Forest,1,Laterite,0.2484,0
21.82587,89.17265,12.37,223.5,2,Degraded Forest,3,Colluvial,0.3189,0
28.95824,93.17385,46.36,1484.9,1,Agriculture,1,Laterite,0.3993,0
21.52271,90.83703,26.56,50.0,1,Agriculture,0,Granite/Gneiss,0.1471,0
28.20319,91.06252,43.55,1953.2,1,Agriculture,0,Granite/Gneiss,0.3325,0
22.44443,89.27553,24.19,444.2,3,Urban,1,Laterite,0.2976,0
21.85422,91.45141,20.87,402.8,0,Dense Forest,3,Colluvial,0.3035,0
26.83781,93.98546,21.7,1073.3,1,Agriculture,1,Laterite,0.2374,0
27.56745,95.43005,37.62,1710.2,0,Dense Forest,3,Colluvial,0.4313,0
29.34579,90.37648,41.88,1580.5,3,Urban,1,Laterite,0.5136,0
22.28449,92.62954,16.81,50.0,0,Dense Forest,1,Laterite,0.1259,0
26.73711,94.46643,28.06,1445.4,3,Urban,4,Shale,0.5735,1
26.12046,92.70088,39.27,873.4,2,Degraded Forest,2,Alluvial,0.5103,0
25.82807,92.38469,31.62,1377.3,3,Urban,3,Colluvial,0.626,1
26.57265,95.04808,34.36,990.9,2,Degraded Forest,1,Laterite,0.2609,0
28.46391,94.27861,39.94,1472.5,2,Degraded Forest,0,Granite/Gneiss,0.2899,0
25.33098,89.04812,24.33,1192.6,3,Urban,2,Alluvial,0.4487,0
23.29443,92.34863,7.47,379.6,2,Degraded Forest,4,Shale,0.4616,0
23.68297,91.03341,25.36,750.2,3,Urban,1,Laterite,0.3146,0
24.40875,88.78342,26.82,531.8,0,Dense Forest,3,Colluvial,0.3098,0
26.19751,94.83682,36.89,1101.6,1,Agriculture,4,Shale,0.523,0
24.53816,95.02092,26.97,931.8,3,Urban,4,Shale,0.5174,0
21.77899,89.92704,7.41,50.0,3,Urban,4,Shale,0.4441,0
25.3555,91.19655,23.1,1172.0,3,Urban,3,Colluvial,0.5999,1
23.11975,92.85969,31.79,392.4,2,Degraded Forest,0,Granite/Gneiss,0.2818,0
25.50002,91.63433,32.55,1024.0,4,Barren,4,Shale,0.7389,1
25.84803,91.00303,37.73,877.8,0,Dense Forest,4,Shale,0.4898,0
26.90323,90.78738,42.61,1161.7,0,Dense Forest,2,Alluvial,0.3743,0
28.60241,91.44456,33.76,1529.2,0,Dense Forest,0,Granite/Gneiss,0.2574,0
26.73857,93.84417,31.92,1156.9,4,Barren,2,Alluvial,0.535,0
26.43547,95.00227,38.96,1519.7,1,Agriculture,1,Laterite,0.2546,0
28.90001,90.79877,36.23,1989.2,3,Urban,2,Alluvial,0.5422,0
28.47088,92.62607,37.87,1758.8,0,Dense Forest,3,Colluvial,0.4392,0
26.26334,91.57311,28.71,1040.0,0,Dense Forest,3,Colluvial,0.4004,0
21.87314,95.96782,10.49,50.0,2,Degraded Forest,3,Colluvial,0.3172,0
23.34375,95.20598,20.87,320.9,1,Agriculture,2,Alluvial,0.251,0
26.97602,94.75403,31.65,1271.3,0,Dense Forest,2,Alluvial,0.317,0
24.29634,88.20951,22.3,785.2,1,Agriculture,4,Shale,0.4259,0
27.19297,93.04606,38.5,1503.8,0,Dense Forest,3,Colluvial,0.4176,0
26.44696,90.17818,41.54,1215.9,1,Agriculture,3,Colluvial,0.5121,0
25.90792,93.17466,37.65,1204.9,0,Dense Forest,3,Colluvial,0.4456,0
22.57155,91.90525,20.43,528.3,2,Degraded Forest,3,Colluvial,0.4346,0
22.00487,91.0787,30.01,139.2,0,Dense Forest,4,Shale,0.4238,0
28.38498,89.09757,46.09,1868.8,1,Agriculture,1,Laterite,0.3389,0
23.65391,89.23377,29.51,387.9,0,Dense Forest,2,Alluvial,0.2915,0
26.41063,93.45575,32.11,1322.2,1,Agriculture,1,Laterite,0.3171,0
29.03596,90.06024,40.17,1802.0,1,Agriculture,3,Colluvial,0.4467,0
29.33984,92.0546,47.41,1899.0,3,Urban,4,Shale,0.7012,1
26.806,91.47618,42.15,1220.3,2,Degraded Forest,1,Laterite,0.4487,0
26.47426,91.32814,35.05,1468.7,4,Barren,0,Granite/Gneiss,0.5696,1
25.13489,92.0368,23.57,797.0,4,Barren,2,Alluvial,0.4617,0
26.37421,88.79913,23.01,1474.2,2,Degraded Forest,4,Shale,0.4879,0
22.65381,89.31906,6.67,638.4,3,Urban,1,Laterite,0.3522,0
21.89158,90.75474,16.81,278.3,2,Degraded Forest,2,Alluvial,0.2729,0
24.63281,92.32044,33.28,742.3,2,Degraded Forest,1,Laterite,0.4268,0
25.37321,91.093,11.1,803.9,2,Degraded Forest,4,Shale,0.5157,0
27.25816,93.61528,31.73,996.7,1,Agriculture,2,Alluvial,0.3622,0
26.9573,95.43374,29.3,1435.9,1,Agriculture,2,Alluvial,0.3336,0
26.49287,95.73588,36.76,1001.1,2,Degraded Forest,0,Granite/Gneiss,0.2849,0
24.91295,89.37271,22.46,673.6,2,Degraded Forest,3,Colluvial,0.444,0
22.06187,92.03694,7.26,336.6,1,Agriculture,1,Laterite,0.1368,0
23.66184,91.9803,18.24,500.4,0,Dense Forest,2,Alluvial,0.2554,0
26.92922,96.28999,29.23,1365.1,1,Agriculture,2,Alluvial,0.3719,0
22.76681,95.84845,19.85,477.1,4,Barren,2,Alluvial,0.4644,0
28.18775,92.19751,38.36,1925.7,0,Dense Forest,3,Colluvial,0.4745,0
28.34599,90.9866,44.21,1680.1,2,Degraded Forest,1,Laterite,0.4345,0
25.6918,91.72416,30.67,933.2,4,Barren,1,Laterite,0.4807,0
23.74277,90.00354,31.53,589.6,1,Agriculture,3,Colluvial,0.4659,0
22.1401,92.96188,13.82,128.4,3,Urban,3,Colluvial,0.4095,0
26.39282,88.81078,38.31,1576.8,3,Urban,1,Laterite,0.4841,0
26.27251,90.64594,35.44,1248.3,1,Agriculture,0,Granite/Gneiss,0.3217,0
26.73208,96.11295,32.26,1394.2,0,Dense Forest,3,Colluvial,0.3738,0
24.78781,91.48371,32.83,1110.3,0,Dense Forest,1,Laterite,0.3241,0
26.6048,89.30021,27.73,1079.1,1,Agriculture,4,Shale,0.5354,0
25.57497,93.91428,40.2,731.6,4,Barren,3,Colluvial,0.6326,1
25.99868,88.42796,25.66,1107.7,0,Dense Forest,3,Colluvial,0.3432,0
29.10541,93.5664,32.8,1526.5,4,Barren,3,Colluvial,0.5579,1
25.68084,92.82848,19.33,958.5,0,Dense Forest,2,Alluvial,0.2967,0
23.51046,89.00653,23.27,116.6,4,Barren,2,Alluvial,0.4737,0
26.50082,91.70923,29.24,954.8,0,Dense Forest,2,Alluvial,0.3414,0
24.28305,92.45297,26.89,970.8,2,Degraded Forest,3,Colluvial,0.5457,0
26.39034,92.46275,24.52,1281.3,0,Dense Forest,3,Colluvial,0.4017,0
26.44537,92.86533,37.44,1572.2,0,Dense Forest,1,Laterite,0.332,0
24.40354,92.93298,27.36,747.1,0,Dense Forest,3,Colluvial,0.3645,0
24.70376,96.74272,23.35,806.9,0,Dense Forest,2,Alluvial,0.2583,0
21.59061,89.15142,20.34,163.5,0,Dense Forest,0,Granite/Gneiss,0.0598,0
25.04184,90.87349,32.88,1614.7,2,Degraded Forest,1,Laterite,0.4758,0
23.08316,95.82161,21.67,666.7,1,Agriculture,1,Laterite,0.2281,0
28.00078,94.15122,46.48,1394.6,2,Degraded Forest,3,Colluvial,0.5465,0
23.55849,91.67577,31.6,644.6,2,Degraded Forest,0,Granite/Gneiss,0.2787,0
27.47652,92.76386,31.1,1475.2,3,Urban,1,Laterite,0.4398,0
26.14342,94.18015,41.47,1288.9,3,Urban,3,Colluvial,0.5665,1
22.90816,91.72036,13.09,791.5,3,Urban,4,Shale,0.5247,0
28.37036,93.99905,46.94,1763.4,1,Agriculture,1,Laterite,0.3783,0
21.89049,95.56827,24.04,113.7,1,Agriculture,3,Colluvial,0.3733,0
25.36873,96.05923,28.11,1343.3,1,Agriculture,1,Laterite,0.2675,0
24.69254,91.29822,26.55,557.1,1,Agriculture,1,Laterite,0.3074,0
28.77347,94.09028,39.88,1682.3,1,Agriculture,1,Laterite,0.4158,0
27.04061,90.54002,29.18,1526.9,1,Agriculture,3,Colluvial,0.4643,0
24.17379,90.82934,19.92,543.5,0,Dense Forest,3,Colluvial,0.339,0
28.43898,89.80081,44.99,1650.9,0,Dense Forest,1,Laterite,0.2725,0
26.79396,88.64208,41.7,1150.9,2,Degraded Forest,1,Laterite,0.4168,0
28.69924,93.43716,41.88,1712.2,0,Dense Forest,0,Granite/Gneiss,0.2951,0
24.98789,88.59314,20.0,744.9,0,Dense Forest,3,Colluvial,0.3139,0
24.91812,92.79886,18.65,884.9,0,Dense Forest,3,Colluvial,0.3653,0
25.67309,92.6553,29.8,973.0,1,Agriculture,3,Colluvial,0.4872,0
25.49267,88.61568,25.75,1263.8,1,Agriculture,2,Alluvial,0.3586,0
26.19401,89.69637,42.09,1233.3,1,Agriculture,2,Alluvial,0.4153,0
24.36467,91.13602,20.12,892.2,0,Dense Forest,1,Laterite,0.2373,0
29.4345,91.83587,49.53,1914.1,0,Dense Forest,1,Laterite,0.3673,0
26.57903,88.76039,29.08,1155.9,0,Dense Forest,1,Laterite,0.2759,0
26.18778,91.71282,30.31,1221.7,1,Agriculture,4,Shale,0.4605,0
26.70571,95.14778,35.9,1311.8,1,Agriculture,3,Colluvial,0.4886,0
26.50286,91.41526,37.92,741.4,3,Urban,3,Colluvial,0.5246,0
27.99078,89.60943,42.72,1567.1,1,Agriculture,1,Laterite,0.3404,0
26.40233,89.26291,28.9,1337.4,2,Degraded Forest,1,Laterite,0.35,0
23.8632,95.41818,24.66,488.5,2,Degraded Forest,1,Laterite,0.3175,0
26.20498,96.19455,29.65,1332.1,1,Agriculture,2,Alluvial,0.3985,0
28.2499,91.22626,28.86,1689.8,4,Barren,2,Alluvial,0.4865,0
23.69143,90.39005,25.05,513.7,0,Dense Forest,4,Shale,0.4198,0
22.95144,91.10006,30.54,535.0,0,Dense Forest,3,Colluvial,0.3156,0
26.18435,91.12904,44.92,1080.3,0,Dense Forest,0,Granite/Gneiss,0.2648,0
26.11131,90.54962,34.83,1192.9,3,Urban,1,Laterite,0.5272,0
26.20874,90.18116,34.67,1107.5,4,Barren,0,Granite/Gneiss,0.4947,0
26.89763,89.22969,14.29,1424.3,3,Urban,1,Laterite,0.3102,0
28.4892,95.40177,63.03,1941.9,1,Agriculture,4,Shale,0.6124,1
23.31294,92.37717,33.25,420.7,4,Barren,3,Colluvial,0.5213,0
25.89157,95.34788,37.54,1268.5,0,Dense Forest,0,Granite/Gneiss,0.264,0
24.91673,88.25944,28.39,809.0,2,Degraded Forest,1,Laterite,0.3386,0
24.66394,93.27532,9.02,753.7,4,Barren,2,Alluvial,0.3807,0
25.65886,92.05354,32.05,956.7,3,Urban,3,Colluvial,0.6138,1
22.24094,90.53714,18.03,50.0,0,Dense Forest,2,Alluvial,0.171,0
28.7736,92.67976,31.0,1836.6,2,Degraded Forest,0,Granite/Gneiss,0.2408,0
25.80483,94.39899,34.73,1125.4,0,Dense Forest,2,Alluvial,0.2945,0
25.59985,92.64866,40.27,1055.1,0,Dense Forest,0,Granite/Gneiss,0.3426,0
22.69128,97.35976,22.19,678.9,2,Degraded Forest,2,Alluvial,0.2767,0
23.34939,94.42171,24.63,849.0,0,Dense Forest,1,Laterite,0.1963,0
22.9449,91.79069,23.63,686.7,0,Dense Forest,0,Granite/Gneiss,0.0884,0
26.39295,95.35473,30.77,1153.8,2,Degraded Forest,1,Laterite,0.3901,0
26.48857,93.94371,39.77,1165.2,2,Degraded Forest,0,Granite/Gneiss,0.3308,0
22.0304,93.99823,29.18,50.0,0,Dense Forest,1,Laterite,0.2364,0
25.20877,94.05821,29.24,946.8,0,Dense Forest,4,Shale,0.4093,0
22.44315,92.54233,12.49,313.9,3,Urban,1,Laterite,0.2795,0
27.8688,90.31975,27.8,1640.7,0,Dense Forest,2,Alluvial,0.2805,0
26.75723,97.03532,38.72,1069.1,2,Degraded Forest,2,Alluvial,0.3864,0
29.05313,91.54799,48.24,1724.6,4,Barren,1,Laterite,0.5149,0
28.43765,89.24439,43.93,1322.0,1,Agriculture,2,Alluvial,0.4088,0
28.94879,91.80766,41.05,1632.8,0,Dense Forest,4,Shale,0.4448,0
25.81745,91.36615,33.41,1250.0,1,Agriculture,0,Granite/Gneiss,0.3617,0
25.3619,93.21752,25.2,748.6,2,Degraded Forest,4,Shale,0.5084,0
24.58898,91.52259,20.9,1143.8,3,Urban,4,Shale,0.6466,1
24.39739,96.22869,17.89,953.7,2,Degraded Forest,4,Shale,0.4262,0
23.31513,97.45154,13.92,608.7,0,Dense Forest,1,Laterite,0.1225,0
25.10014,93.09251,32.74,1176.7,0,Dense Forest,2,Alluvial,0.3416,0
23.58335,92.58911,20.66,544.5,1,Agriculture,3,Colluvial,0.362,0
24.73173,91.52731,21.67,679.6,2,Degraded Forest,0,Granite/Gneiss,0.2683,0
23.74277,88.30728,12.52,585.4,2,Degraded Forest,2,Alluvial,0.2572,0
26.05676,88.81473,37.46,781.5,0,Dense Forest,3,Colluvial,0.456,0
28.00053,94.77854,47.93,1800.8,3,Urban,4,Shale,0.7349,1
27.12401,89.2852,27.9,1295.6,2,Degraded Forest,1,Laterite,0.4141,0
29.11722,91.54475,42.57,1662.8,3,Urban,1,Laterite,0.4631,0
24.96723,93.75428,20.54,752.2,1,Agriculture,1,Laterite,0.183,0
24.29396,88.62324,24.34,732.0,1,Agriculture,1,Laterite,0.2467,0
22.80392,88.02313,24.75,417.3,1,Agriculture,2,Alluvial,0.2677,0
21.68796,88.53568,28.65,113.1,2,Degraded Forest,3,Colluvial,0.401,0
28.4856,89.44992,37.62,1641.7,3,Urban,3,Colluvial,0.5656,1
26.57811,89.16259,39.64,1352.5,2,Degraded Forest,4,Shale,0.6576,1
25.61338,92.59984,36.22,805.8,0,Dense Forest,1,Laterite,0.3384,0
22.05987,90.82283,15.89,271.0,2,Degraded Forest,2,Alluvial,0.3809,0
24.88736,89.16962,36.98,798.6,1,Agriculture,3,Colluvial,0.4268,0
23.87288,96.85353,21.28,234.3,3,Urban,4,Shale,0.5582,1
25.354,91.03036,32.94,750.5,0,Dense Forest,4,Shale,0.5216,0
24.6847,91.60982,22.35,658.2,0,Dense Forest,2,Alluvial,0.2434,0
21.59201,95.20223,19.6,454.8,0,Dense Forest,4,Shale,0.355,0
28.78781,88.28919,45.78,1830.3,0,Dense Forest,2,Alluvial,0.4305,0
26.45653,95.61701,43.09,1269.4,0,Dense Forest,4,Shale,0.431,0
27.96153,91.67483,53.92,1456.4,0,Dense Forest,3,Colluvial,0.4852,0
24.14867,88.66594,32.26,593.5,1,Agriculture,1,Laterite,0.2639,0
24.23588,95.33548,30.62,479.0,0,Dense Forest,4,Shale,0.4455,0
24.51178,91.02079,23.17,712.4,3,Urban,1,Laterite,0.3851,0
22.48504,92.50786,3.0,596.8,0,Dense Forest,4,Shale,0.2548,0
26.55553,91.43931,44.34,973.9,4,Barren,3,Colluvial,0.6383,1
29.24349,92.56635,58.89,1725.0,3,Urban,3,Colluvial,0.6397,1
24.34271,94.37191,28.16,924.8,0,Dense Forest,0,Granite/Gneiss,0.1287,0
21.82162,91.67617,8.16,357.1,0,Dense Forest,0,Granite/Gneiss,0.0,0
24.46117,90.83977,37.13,622.2,0,Dense Forest,4,Shale,0.451,0
25.0794,91.12481,37.26,1138.1,2,Degraded Forest,1,Laterite,0.5228,0
26.70522,91.14292,18.22,1184.2,2,Degraded Forest,3,Colluvial,0.4934,0
25.97514,90.70715,32.91,877.1,1,Agriculture,3,Colluvial,0.5254,0
29.35515,90.80795,46.4,2167.1,0,Dense Forest,3,Colluvial,0.4824,0
27.23605,95.70179,23.67,1409.0,1,Agriculture,3,Colluvial,0.3717,0
27.44288,90.91778,28.65,1403.6,1,Agriculture,0,Granite/Gneiss,0.2555,0
25.54131,91.01717,38.89,1044.3,4,Barren,2,Alluvial,0.6861,1
27.71135,95.16904,38.85,1303.6,1,Agriculture,3,Colluvial,0.4712,0
24.88432,91.99632,20.09,749.1,0,Dense Forest,4,Shale,0.4344,0
27.00057,93.33491,30.27,1625.0,0,Dense Forest,3,Colluvial,0.4149,0
26.45155,93.6574,23.96,1585.9,2,Degraded Forest,1,Laterite,0.4748,0
25.86225,97.0916,31.96,858.9,1,Agriculture,4,Shale,0.4428,0
24.04149,91.60706,30.55,594.0,0,Dense Forest,3,Colluvial,0.3492,0
26.99834,96.14901,45.03,1338.0,0,Dense Forest,2,Alluvial,0.431,0
24.41044,91.124,20.57,795.0,1,Agriculture,3,Colluvial,0.4553,0
24.61557,92.31861,23.85,610.9,2,Degraded Forest,3,Colluvial,0.4425,0
23.65412,93.82875,27.09,714.8,0,Dense Forest,3,Colluvial,0.3529,0
23.20602,96.61002,29.02,629.1,2,Degraded Forest,3,Colluvial,0.4255,0
24.5838,89.9703,29.53,963.9,1,Agriculture,1,Laterite,0.2649,0
26.25818,95.34613,42.98,1321.1,1,Agriculture,2,Alluvial,0.3755,0
23.81231,92.31607,38.21,636.5,2,Degraded Forest,1,Laterite,0.3681,0
29.04595,92.40622,30.26,1996.0,1,Agriculture,2,Alluvial,0.3857,0
25.40173,92.4205,41.78,1086.7,2,Degraded Forest,0,Granite/Gneiss,0.4474,0
26.62228,91.18888,44.6,955.7,1,Agriculture,1,Laterite,0.3774,0
24.14935,96.54461,15.53,400.7,4,Barren,3,Colluvial,0.4523,0
26.6966,94.21929,38.2,1330.9,1,Agriculture,2,Alluvial,0.4278,0
26.16607,96.7316,37.59,1407.0,1,Agriculture,3,Colluvial,0.4469,0
25.87494,89.02299,22.69,1173.6,0,Dense Forest,2,Alluvial,0.2666,0
23.76175,96.41622,22.99,726.6,0,Dense Forest,1,Laterite,0.2337,0
25.87047,94.77491,32.64,871.5,2,Degraded Forest,2,Alluvial,0.3961,0
23.53647,93.85637,14.0,571.7,0,Dense Forest,3,Colluvial,0.243,0
28.41463,95.04292,38.22,1884.2,4,Barren,1,Laterite,0.4793,0
26.86185,92.64342,46.32,1395.6,0,Dense Forest,2,Alluvial,0.4072,0
27.61714,92.17913,51.41,1497.3,1,Agriculture,1,Laterite,0.4644,0
24.23292,92.9395,16.42,833.7,2,Degraded Forest,1,Laterite,0.313,0
26.03807,88.23322,10.7,1166.4,3,Urban,4,Shale,0.4757,0
27.50382,90.05115,47.41,1685.8,0,Dense Forest,3,Colluvial,0.4684,0
26.26171,89.41268,47.44,1216.5,4,Barren,1,Laterite,0.5753,1
24.77235,90.28146,34.29,830.1,4,Barren,0,Granite/Gneiss,0.4332,0
26.25395,93.85807,30.53,960.2,4,Barren,2,Alluvial,0.5102,0
26.72569,95.99174,25.93,1518.7,3,Urban,3,Colluvial,0.5173,0
27.12587,89.39203,41.03,1177.7,3,Urban,0,Granite/Gneiss,0.3575,0
25.73224,93.07777,39.31,1099.8,2,Degraded Forest,3,Colluvial,0.6422,1
27.13935,89.71738,30.87,1529.0,3,Urban,3,Colluvial,0.6114,1
27.38286,92.46283,39.26,1781.5,1,Agriculture,0,Granite/Gneiss,0.306,0
25.49883,91.74056,26.52,1045.1,1,Agriculture,3,Colluvial,0.4838,0
27.5608,89.48403,43.76,1741.9,2,Degraded Forest,1,Laterite,0.3935,0
22.64323,89.669,3.0,362.7,4,Barren,1,Laterite,0.2772,0
25.71107,92.49901,33.96,935.4,0,Dense Forest,1,Laterite,0.2883,0
25.60574,91.04827,27.47,1577.1,3,Urban,1,Laterite,0.4681,0
25.91307,90.74504,46.21,849.3,0,Dense Forest,3,Colluvial,0.5295,0
21.57188,89.67878,17.77,700.4,1,Agriculture,3,Colluvial,0.376,0
29.12644,93.95764,49.26,2141.6,0,Dense Forest,4,Shale,0.6139,1
25.76024,90.35839,23.43,943.6,1,Agriculture,2,Alluvial,0.3848,0
27.40364,92.46974,35.37,1558.3,4,Barren,0,Granite/Gneiss,0.3896,0
26.95211,91.11986,38.6,1047.2,1,Agriculture,1,Laterite,0.4093,0
25.98938,88.41343,28.96,1228.7,2,Degraded Forest,3,Colluvial,0.5029,0
26.85368,90.18929,33.14,1369.0,0,Dense Forest,1,Laterite,0.2608,0
26.05436,96.79369,34.18,1298.0,4,Barren,2,Alluvial,0.4858,0
25.81685,90.03457,17.48,990.5,3,Urban,2,Alluvial,0.4319,0
22.05376,94.30245,12.88,256.4,1,Agriculture,1,Laterite,0.222,0
25.52157,93.57846,36.39,1100.1,1,Agriculture,0,Granite/Gneiss,0.2784,0
28.18869,92.2225,36.93,1507.3,1,Agriculture,1,Laterite,0.3417,0
26.22764,88.2684,51.42,1444.9,1,Agriculture,1,Laterite,0.4327,0
25.67421,91.42041,31.38,1065.2,0,Dense Forest,1,Laterite,0.2745,0
28.00176,92.24998,24.57,1631.8,4,Barren,2,Alluvial,0.4658,0
26.05472,97.43155,35.63,958.3,3,Urban,3,Colluvial,0.5988,1
26.76217,94.65847,26.29,953.7,0,Dense Forest,2,Alluvial,0.2004,0
22.32079,94.79717,20.8,50.0,4,Barren,0,Granite/Gneiss,0.3386,0
23.29915,95.7021,17.22,624.1,0,Dense Forest,3,Colluvial,0.327,0
24.65997,94.06344,22.85,652.9,1,Agriculture,1,Laterite,0.2709,0
25.90792,92.86579,39.81,1237.6,2,Degraded Forest,4,Shale,0.642,1
25.06979,91.34058,15.72,1234.2,0,Dense Forest,2,Alluvial,0.2583,0
28.02697,91.81248,35.59,1722.8,0,Dense Forest,0,Granite/Gneiss,0.244,0
26.93388,88.26981,30.6,1407.9,0,Dense Forest,0,Granite/Gneiss,0.1702,0
26.01979,95.88199,42.65,1248.1,2,Degraded Forest,3,Colluvial,0.5787,1
21.82136,88.55738,13.41,393.1,4,Barren,2,Alluvial,0.403,0
25.04695,90.7898,20.77,960.4,2,Degraded Forest,1,Laterite,0.3003,0
23.89908,91.82226,25.85,772.5,2,Degraded Forest,2,Alluvial,0.372,0
25.42214,92.56291,22.55,869.4,1,Agriculture,0,Granite/Gneiss,0.197,0
28.53493,93.36405,35.39,1487.6,1,Agriculture,1,Laterite,0.2725,0
26.57105,94.26021,39.54,1139.8,3,Urban,1,Laterite,0.478,0
22.59845,91.16462,3.0,281.9,1,Agriculture,3,Colluvial,0.238,0
28.6454,94.2615,34.08,1634.3,0,Dense Forest,1,Laterite,0.245,0
27.51704,92.28982,32.15,1683.2,0,Dense Forest,3,Colluvial,0.3975,0
25.61355,94.19431,42.79,482.4,4,Barren,2,Alluvial,0.5463,0
24.23552,91.0763,28.82,672.7,0,Dense Forest,0,Granite/Gneiss,0.2098,0
23.56237,90.5715,22.48,712.7,4,Barren,4,Shale,0.6724,1
29.21543,88.26093,43.11,1977.3,0,Dense Forest,3,Colluvial,0.4555,0
25.1346,97.08714,29.62,754.0,2,Degraded Forest,1,Laterite,0.3663,0
28.56413,88.52929,43.46,2037.2,1,Agriculture,2,Alluvial,0.3712,0
25.50235,90.69249,31.01,723.8,3,Urban,4,Shale,0.6259,1
29.006,92.9396,58.72,1718.9,1,Agriculture,4,Shale,0.5893,1
26.12485,88.55281,28.83,1078.6,0,Dense Forest,3,Colluvial,0.3689,0
27.98763,92.60739,40.72,1495.7,0,Dense Forest,3,Colluvial,0.4609,0
25.78188,94.20964,31.36,1335.4,1,Agriculture,1,Laterite,0.3534,0
25.79246,91.86805,38.61,1069.0,3,Urban,4,Shale,0.6978,1
25.31807,89.88767,23.77,1023.0,3,Urban,1,Laterite,0.4434,0
27.40305,92.39262,34.2,1604.0,3,Urban,0,Granite/Gneiss,0.3834,0
29.33682,92.70013,32.29,1735.4,0,Dense Forest,4,Shale,0.4786,0
25.93119,95.24144,39.51,1066.1,2,Degraded Forest,1,Laterite,0.3668,0
24.84686,94.06298,15.37,1188.3,4,Barren,2,Alluvial,0.4274,0
24.69016,92.2175,31.28,893.4,3,Urban,2,Alluvial,0.5125,0
24.18374,93.12238,38.51,484.8,0,Dense Forest,3,Colluvial,0.4662,0
27.03466,93.87994,51.16,1174.0,2,Degraded Forest,1,Laterite,0.4327,0
22.99088,92.22606,18.14,613.8,2,Degraded Forest,2,Alluvial,0.2661,0
24.58253,91.39588,23.79,567.7,1,Agriculture,0,Granite/Gneiss,0.2404,0
26.26855,90.98958,32.29,1078.3,0,Dense Forest,1,Laterite,0.2773,0
27.1711,93.82692,43.47,1416.7,0,Dense Forest,3,Colluvial,0.4866,0
24.1825,91.88594,24.0,706.3,4,Barren,2,Alluvial,0.5133,0
27.33804,92.46833,34.7,1710.2,0,Dense Forest,1,Laterite,0.3088,0
26.67931,93.42702,43.0,775.2,1,Agriculture,1,Laterite,0.4017,0
22.2784,96.33985,18.27,371.5,3,Urban,1,Laterite,0.3133,0
23.58315,91.6136,21.59,512.2,2,Degraded Forest,2,Alluvial,0.3189,0
28.64102,91.5238,34.77,1970.1,4,Barren,0,Granite/Gneiss,0.4422,0
24.42108,95.61569,34.17,710.1,0,Dense Forest,1,Laterite,0.2929,0
24.03799,96.82278,26.49,629.7,2,Degraded Forest,1,Laterite,0.3014,0
28.55803,93.35062,41.37,1687.2,0,Dense Forest,4,Shale,0.5036,0
23.09882,91.90557,6.1,327.5,0,Dense Forest,3,Colluvial,0.2009,0
26.95164,94.31018,43.08,1208.4,0,Dense Forest,2,Alluvial,0.3805,0
26.48144,95.99947,24.61,1191.0,2,Degraded Forest,1,Laterite,0.3298,0
27.45196,93.2986,40.94,1768.2,2,Degraded Forest,2,Alluvial,0.5276,0
27.65333,91.00582,31.85,1386.2,1,Agriculture,4,Shale,0.5672,1
23.71375,92.60668,14.72,460.6,0,Dense Forest,2,Alluvial,0.242,0
26.04211,93.21543,39.46,1041.9,2,Degraded Forest,1,Laterite,0.4845,0
26.89067,93.09216,36.03,1313.6,0,Dense Forest,4,Shale,0.4915,0
26.62297,88.49707,34.54,1611.2,0,Dense Forest,2,Alluvial,0.3659,0
26.30864,91.41189,48.64,1029.2,1,Agriculture,1,Laterite,0.5393,0
22.33649,89.07961,33.62,788.0,1,Agriculture,2,Alluvial,0.3521,0
26.68889,96.35762,32.48,1358.0,1,Agriculture,1,Laterite,0.262,0
23.32973,91.22158,11.4,311.6,2,Degraded Forest,0,Granite/Gneiss,0.2537,0
26.00107,95.87876,43.19,1003.3,0,Dense Forest,4,Shale,0.5144,0
28.39145,92.28422,30.09,1263.3,3,Urban,2,Alluvial,0.408,0
22.21219,96.25481,21.47,281.6,2,Degraded Forest,3,Colluvial,0.3833,0
29.01358,95.1534,41.03,2000.9,0,Dense Forest,4,Shale,0.5277,0
24.8452,88.74087,28.15,858.9,2,Degraded Forest,3,Colluvial,0.4232,0
21.70156,91.9578,25.57,305.9,1,Agriculture,3,Colluvial,0.3117,0
22.68826,91.42466,13.16,453.1,2,Degraded Forest,4,Shale,0.4514,0
23.81782,93.03246,18.83,863.5,3,Urban,2,Alluvial,0.3306,0
27.39684,91.93226,43.18,1230.8,4,Barren,1,Laterite,0.4966,0
25.59398,93.0696,44.66,1197.7,4,Barren,4,Shale,0.7385,1
23.51954,91.00734,42.37,931.8,1,Agriculture,0,Granite/Gneiss,0.2581,0
29.45142,90.73926,33.21,2402.1,2,Degraded Forest,1,Laterite,0.3815,0
27.43662,91.05567,33.91,1719.8,0,Dense Forest,1,Laterite,0.2771,0
24.76801,90.13487,19.0,869.6,3,Urban,3,Colluvial,0.3723,0
24.29801,91.13343,32.26,536.5,0,Dense Forest,4,Shale,0.4819,0
26.97195,89.23829,36.01,1167.9,2,Degraded Forest,2,Alluvial,0.4687,0
21.53644,89.10946,22.16,73.6,0,Dense Forest,1,Laterite,0.2193,0
29.27301,95.49107,40.99,2220.9,0,Dense Forest,1,Laterite,0.3268,0
23.80779,88.14574,29.25,513.2,0,Dense Forest,3,Colluvial,0.2516,0
22.74062,92.29408,18.22,415.1,0,Dense Forest,1,Laterite,0.189,0
24.80333,91.93781,28.53,1031.4,0,Dense Forest,2,Alluvial,0.3778,0
23.63071,88.55027,18.38,50.0,1,Agriculture,2,Alluvial,0.2852,0
28.31262,91.02899,51.43,1420.2,1,Agriculture,3,Colluvial,0.5349,0
22.72371,95.8379,9.49,766.0,1,Agriculture,3,Colluvial,0.3169,0
21.75412,96.40336,15.04,365.8,1,Agriculture,0,Granite/Gneiss,0.0855,0
27.67989,96.15548,52.42,1700.4,1,Agriculture,3,Colluvial,0.4981,0
23.55995,94.52176,32.93,375.6,3,Urban,0,Granite/Gneiss,0.3107,0
26.80712,96.49928,28.16,1584.4,2,Degraded Forest,1,Laterite,0.3408,0
28.28427,92.72263,34.1,1463.1,0,Dense Forest,2,Alluvial,0.2994,0
23.84336,90.54047,27.9,645.6,0,Dense Forest,0,Granite/Gneiss,0.1397,0
28.82029,96.97139,47.65,1886.0,1,Agriculture,0,Granite/Gneiss,0.3057,0
25.77242,92.3483,40.54,1227.9,4,Barren,0,Granite/Gneiss,0.5575,1
26.86265,94.48385,23.84,1405.3,0,Dense Forest,2,Alluvial,0.2425,0
22.18161,91.92783,28.08,213.2,2,Degraded Forest,1,Laterite,0.3165,0
24.34285,88.08544,18.45,370.1,0,Dense Forest,0,Granite/Gneiss,0.0599,0
23.88925,92.16994,34.64,654.1,1,Agriculture,1,Laterite,0.3467,0
26.96866,91.71239,22.58,896.7,3,Urban,2,Alluvial,0.4825,0
21.92593,90.718,7.69,309.3,1,Agriculture,3,Colluvial,0.3148,0
26.51404,91.92606,47.57,1032.4,1,Agriculture,2,Alluvial,0.4699,0
28.4459,93.28346,55.26,1630.9,4,Barren,3,Colluvial,0.7174,1
26.5746,92.70775,34.83,1139.5,0,Dense Forest,2,Alluvial,0.3401,0
26.15021,96.12309,29.8,1259.5,1,Agriculture,4,Shale,0.5151,0
24.17024,94.47815,24.88,542.8,1,Agriculture,1,Laterite,0.2449,0
24.11586,88.68636,28.13,739.8,4,Barren,2,Alluvial,0.5354,0
29.3522,90.51763,48.48,1903.7,3,Urban,3,Colluvial,0.5928,1
24.73044,94.07156,24.76,840.0,0,Dense Forest,2,Alluvial,0.251,0
24.11458,88.66149,9.32,766.8,4,Barren,2,Alluvial,0.4117,0
27.71046,91.11953,33.94,1256.9,0,Dense Forest,4,Shale,0.4703,0
23.85607,91.75475,11.4,396.9,0,Dense Forest,4,Shale,0.4126,0
26.38596,91.60755,39.45,1486.0,1,Agriculture,3,Colluvial,0.5161,0
24.88001,89.69035,30.63,552.5,2,Degraded Forest,2,Alluvial,0.3934,0
21.59045,91.73222,14.45,553.6,2,Degraded Forest,3,Colluvial,0.3398,0
26.93979,93.16815,33.39,1296.4,1,Agriculture,2,Alluvial,0.3752,0
26.37013,92.22725,48.99,1025.7,1,Agriculture,4,Shale,0.6335,1
28.25015,94.694,49.48,1791.0,4,Barren,3,Colluvial,0.6166,1
21.85488,89.83929,17.97,67.4,3,Urban,0,Granite/Gneiss,0.1773,0
25.92102,89.79868,27.27,1162.4,2,Degraded Forest,2,Alluvial,0.4283,0
23.11872,92.14225,31.39,712.8,0,Dense Forest,3,Colluvial,0.3777,0
21.62712,90.58794,16.36,271.3,3,Urban,3,Colluvial,0.3999,0
26.2547,88.10976,27.64,1255.1,2,Degraded Forest,3,Colluvial,0.4741,0
26.08385,89.4006,27.46,1262.3,4,Barren,4,Shale,0.574,1
24.53454,92.91767,31.67,790.8,0,Dense Forest,2,Alluvial,0.3173,0
24.91749,90.14859,35.43,1031.2,2,Degraded Forest,0,Granite/Gneiss,0.318,0
27.95404,93.76084,44.29,1337.6,4,Barren,3,Colluvial,0.6065,1
28.49865,89.03712,46.51,1966.5,1,Agriculture,0,Granite/Gneiss,0.369,0
26.09701,91.23675,29.8,1103.1,2,Degraded Forest,4,Shale,0.6287,1
24.29863,89.10734,21.14,765.1,4,Barren,3,Colluvial,0.4251,0
23.7355,91.79335,24.57,540.3,1,Agriculture,4,Shale,0.3763,0
22.76367,94.33015,19.08,505.5,2,Degraded Forest,1,Laterite,0.2653,0
23.36151,88.76361,13.97,729.7,0,Dense Forest,0,Granite/Gneiss,0.0566,0
25.90537,96.3634,31.26,892.8,1,Agriculture,2,Alluvial,0.3419,0
21.88458,91.70582,21.96,172.7,0,Dense Forest,0,Granite/Gneiss,0.1135,0
27.30962,91.44784,33.66,1441.1,0,Dense Forest,3,Colluvial,0.4743,0
28.67753,91.88908,54.61,1802.2,2,Degraded Forest,2,Alluvial,0.5436,0
25.40047,92.05038,19.61,919.3,0,Dense Forest,3,Colluvial,0.432,0
26.26478,97.01887,26.27,1085.7,4,Barren,1,Laterite,0.3984,0
28.3507,90.32986,36.11,1818.6,1,Agriculture,3,Colluvial,0.4843,0
23.62842,91.52614,29.56,680.6,2,Degraded Forest,3,Colluvial,0.4965,0
25.83644,93.8188,32.96,1118.8,0,Dense Forest,4,Shale,0.4458,0
25.83919,93.81345,24.18,1326.2,0,Dense Forest,1,Laterite,0.2144,0
26.87264,90.67786,20.17,1041.3,0,Dense Forest,0,Granite/Gneiss,0.124,0
23.54494,88.49845,13.17,719.8,0,Dense Forest,4,Shale,0.3608,0
26.51099,94.22186,19.76,1302.2,3,Urban,1,Laterite,0.3788,0
26.2911,91.04914,39.95,887.0,3,Urban,2,Alluvial,0.4462,0
23.87605,92.13506,15.44,867.9,3,Urban,4,Shale,0.5086,0
25.04081,92.7385,33.72,1014.7,2,Degraded Forest,2,Alluvial,0.5046,0
24.37225,93.09416,30.12,890.9,2,Degraded Forest,1,Laterite,0.4309,0
24.59005,91.18957,36.12,734.5,1,Agriculture,0,Granite/Gneiss,0.31,0
29.36481,90.68379,38.78,2022.1,0,Dense Forest,2,Alluvial,0.3883,0
26.9258,93.22649,38.58,1174.6,2,Degraded Forest,3,Colluvial,0.5251,0
26.93267,88.76914,36.35,1053.3,0,Dense Forest,1,Laterite,0.2478,0
22.53758,97.30549,19.89,330.8,1,Agriculture,3,Colluvial,0.2789,0
25.03845,90.95374,28.12,1031.2,0,Dense Forest,2,Alluvial,0.3197,0
26.38418,93.0042,40.05,1401.9,1,Agriculture,4,Shale,0.6016,1
25.1501,89.20459,34.55,951.4,0,Dense Forest,1,Laterite,0.2787,0
22.90732,90.50428,20.26,431.4,0,Dense Forest,3,Colluvial,0.2625,0
26.07576,94.37692,28.48,1332.4,1,Agriculture,4,Shale,0.428,0
27.96677,91.51557,34.66,1488.2,0,Dense Forest,3,Colluvial,0.4306,0
25.80732,88.1122,31.44,956.7,0,Dense Forest,2,Alluvial,0.2637,0
25.59901,97.12906,32.15,1345.9,1,Agriculture,1,Laterite,0.3314,0
24.51884,92.91229,25.59,723.7,1,Agriculture,0,Granite/Gneiss,0.2332,0
25.66565,93.69228,20.29,1220.6,3,Urban,3,Colluvial,0.4978,0
23.5488,92.39731,20.25,832.9,2,Degraded Forest,0,Granite/Gneiss,0.3031,0
22.2067,90.10339,13.43,301.0,3,Urban,3,Colluvial,0.3154,0
26.72546,96.54018,34.72,1328.5,0,Dense Forest,4,Shale,0.4192,0
26.65744,94.86626,54.63,1620.0,1,Agriculture,0,Granite/Gneiss,0.4323,0
27.18341,90.90897,39.75,1117.2,2,Degraded Forest,1,Laterite,0.437,0
25.6064,90.61044,40.5,759.0,0,Dense Forest,4,Shale,0.5255,0
26.86142,95.01961,29.63,1469.4,0,Dense Forest,2,Alluvial,0.3848,0
24.59592,92.46409,26.78,714.8,2,Degraded Forest,2,Alluvial,0.4758,0
27.58392,92.16225,47.64,1641.2,2,Degraded Forest,3,Colluvial,0.554,1
27.64162,94.20983,25.39,1470.6,0,Dense Forest,1,Laterite,0.1826,0
25.8651,88.67741,29.5,1248.7,0,Dense Forest,4,Shale,0.4897,0
26.75322,92.77412,39.66,1105.7,2,Degraded Forest,3,Colluvial,0.5028,0
25.02492,89.74519,27.64,1015.7,0,Dense Forest,1,Laterite,0.2672,0
25.92372,95.86765,27.05,995.1,4,Barren,0,Granite/Gneiss,0.415,0
28.90879,93.09761,38.69,1911.0,4,Barren,4,Shale,0.7014,1
29.42431,93.69162,47.24,2355.9,3,Urban,3,Colluvial,0.6405,1
24.03406,89.55943,11.94,509.3,0,Dense Forest,0,Granite/Gneiss,0.0084,0
25.65284,93.42853,31.57,963.6,0,Dense Forest,0,Granite/Gneiss,0.2603,0
22.06154,94.33561,22.91,200.8,4,Barren,0,Granite/Gneiss,0.2335,0
25.59369,97.35914,27.45,1085.6,1,Agriculture,4,Shale,0.5133,0
28.86304,90.82513,30.13,1298.4,1,Agriculture,2,Alluvial,0.2878,0
26.47834,91.67512,29.57,1226.8,0,Dense Forest,2,Alluvial,0.3165,0
26.80016,94.306,33.89,1248.8,0,Dense Forest,4,Shale,0.5,0
27.73517,94.32933,29.77,1460.6,2,Degraded Forest,2,Alluvial,0.4674,0
24.81048,89.33029,27.66,903.8,4,Barren,2,Alluvial,0.5046,0
24.18416,95.53462,26.44,774.8,3,Urban,4,Shale,0.5304,0
24.04429,92.19594,34.16,740.2,2,Degraded Forest,0,Granite/Gneiss,0.3303,0
22.12871,96.41191,16.04,50.0,0,Dense Forest,4,Shale,0.2376,0
24.95902,88.9401,28.87,828.2,1,Agriculture,1,Laterite,0.3278,0
29.39408,92.31271,40.2,1817.7,0,Dense Forest,2,Alluvial,0.3488,0
29.07163,94.77375,39.58,1909.1,0,Dense Forest,1,Laterite,0.3009,0
25.85246,91.30578,36.96,886.1,0,Dense Forest,4,Shale,0.5366,0
24.975,91.40077,26.16,920.5,2,Degraded Forest,2,Alluvial,0.4758,0
21.64553,89.5225,22.16,454.5,0,Dense Forest,0,Granite/Gneiss,0.1288,0
25.23611,92.08767,28.64,408.5,4,Barren,1,Laterite,0.5498,0
23.96334,96.03805,15.09,620.3,4,Barren,2,Alluvial,0.4568,0
28.91632,93.35152,37.27,1371.7,0,Dense Forest,3,Colluvial,0.405,0
24.92817,88.01331,47.2,871.4,1,Agriculture,2,Alluvial,0.4596,0
26.75686,93.02715,33.91,1449.9,3,Urban,3,Colluvial,0.5988,1
25.83128,93.46843,18.32,972.4,4,Barren,3,Colluvial,0.4667,0
28.49013,90.71625,32.11,1858.0,3,Urban,2,Alluvial,0.4669,0
27.98287,96.11852,33.61,1830.8,0,Dense Forest,2,Alluvial,0.3044,0
28.68063,92.65054,34.78,1796.0,0,Dense Forest,1,Laterite,0.2842,0
26.40098,88.86487,24.59,1099.7,0,Dense Forest,4,Shale,0.4526,0
28.51272,91.51978,53.0,1785.1,1,Agriculture,0,Granite/Gneiss,0.3941,0
26.48495,97.01269,39.01,1557.8,1,Agriculture,1,Laterite,0.3791,0
27.01047,93.4405,34.07,1073.6,3,Urban,3,Colluvial,0.5248,0
26.58422,95.62456,29.37,1465.6,0,Dense Forest,4,Shale,0.417,0
25.17623,96.52597,27.49,669.4,3,Urban,2,Alluvial,0.3964,0
26.57407,91.4827,48.27,938.2,0,Dense Forest,4,Shale,0.5178,0
28.5109,94.60876,34.37,1430.7,1,Agriculture,0,Granite/Gneiss,0.2791,0
23.9003,93.72678,11.38,632.2,1,Agriculture,2,Alluvial,0.2288,0
23.57402,96.68173,28.12,819.3,0,Dense Forest,1,Laterite,0.164,0
22.78175,96.42841,27.87,50.0,3,Urban,3,Colluvial,0.4752,0
28.92145,97.12373,54.44,1967.7,1,Agriculture,2,Alluvial,0.5036,0
22.63662,92.52982,16.44,325.1,3,Urban,2,Alluvial,0.3668,0
23.6333,93.39936,20.26,359.4,4,Barren,0,Granite/Gneiss,0.368,0
23.1256,89.81228,37.19,584.1,3,Urban,2,Alluvial,0.4714,0
25.80521,90.87233,35.91,973.7,1,Agriculture,0,Granite/Gneiss,0.2967,0
23.79669,91.59122,22.93,1068.5,1,Agriculture,1,Laterite,0.2544,0
24.62968,93.26583,30.76,903.9,0,Dense Forest,0,Granite/Gneiss,0.1746,0
29.32889,90.96193,40.87,1872.7,2,Degraded Forest,1,Laterite,0.3858,0
29.33699,92.72957,46.8,1993.0,4,Barren,1,Laterite,0.5005,0
27.85732,89.49546,41.12,1799.1,0,Dense Forest,1,Laterite,0.321,0
24.77705,90.89085,33.96,1125.5,3,Urban,0,Granite/Gneiss,0.3905,0
24.82707,96.55119,19.6,1034.2,3,Urban,2,Alluvial,0.3979,0
27.07163,93.24867,38.74,1629.0,4,Barren,2,Alluvial,0.5567,1
29.06585,97.19161,34.04,2043.0,1,Agriculture,3,Colluvial,0.4583,0
26.28025,92.40869,47.93,1357.4,1,Agriculture,2,Alluvial,0.5719,1
22.7558,92.53541,16.36,303.7,0,Dense Forest,1,Laterite,0.1879,0
24.22195,96.74427,11.97,963.9,3,Urban,3,Colluvial,0.3525,0
22.97579,92.39495,42.75,346.3,0,Dense Forest,1,Laterite,0.2558,0
26.16831,89.26693,28.34,1203.1,0,Dense Forest,3,Colluvial,0.2948,0
23.95616,90.66447,24.97,577.4,0,Dense Forest,1,Laterite,0.2067,0
27.42203,88.9479,23.64,1567.3,1,Agriculture,2,Alluvial,0.346,0
24.53616,91.91119,25.96,1039.0,1,Agriculture,2,Alluvial,0.4418,0
23.94122,94.46988,37.54,567.9,2,Degraded Forest,4,Shale,0.5895,1
24.76696,93.00146,32.89,552.7,4,Barren,1,Laterite,0.5007,0
23.94097,88.97864,10.55,851.3,0,Dense Forest,4,Shale,0.2844,0
25.26841,95.34118,23.03,1155.0,3,Urban,2,Alluvial,0.4515,0
28.96266,88.97414,50.33,2092.0,2,Degraded Forest,4,Shale,0.6613,1
26.34611,89.80378,38.27,1369.2,0,Dense Forest,2,Alluvial,0.3797,0
25.41067,94.4974,25.78,1163.3,3,Urban,3,Colluvial,0.5829,1
26.07981,96.63773,35.35,987.0,0,Dense Forest,3,Colluvial,0.3458,0
26.26565,88.49729,23.29,1319.7,2,Degraded Forest,3,Colluvial,0.5212,0
29.21867,89.59501,33.49,2266.1,2,Degraded Forest,2,Alluvial,0.5267,0
24.81569,92.71945,7.49,735.4,2,Degraded Forest,3,Colluvial,0.4048,0
26.37143,96.62586,40.67,952.5,0,Dense Forest,3,Colluvial,0.417,0
24.82061,97.33252,26.61,875.2,2,Degraded Forest,2,Alluvial,0.3445,0
28.38783,92.76848,40.86,1837.3,3,Urban,3,Colluvial,0.5984,1
26.8793,91.51858,10.61,1353.6,2,Degraded Forest,1,Laterite,0.2775,0
27.21533,94.27939,36.04,1742.7,3,Urban,1,Laterite,0.4129,0
25.9535,89.26095,36.11,930.0,2,Degraded Forest,3,Colluvial,0.4749,0
26.7784,91.26755,18.08,984.5,0,Dense Forest,3,Colluvial,0.3181,0
25.808,88.31795,31.51,1355.1,0,Dense Forest,1,Laterite,0.256,0
26.68989,94.11673,33.93,986.1,2,Degraded Forest,3,Colluvial,0.4165,0
28.87465,91.4752,38.93,1822.7,3,Urban,3,Colluvial,0.6251,1
21.70625,91.40025,26.23,426.8,0,Dense Forest,1,Laterite,0.1734,0
29.02207,90.67795,51.75,1835.7,0,Dense Forest,2,Alluvial,0.4209,0
27.51061,91.72954,64.08,1312.8,0,Dense Forest,3,Colluvial,0.5559,1
25.26757,88.61154,19.42,1202.2,1,Agriculture,2,Alluvial,0.2959,0
25.54375,92.02361,33.59,1044.0,1,Agriculture,2,Alluvial,0.504,0
26.28219,94.04727,44.93,1131.8,1,Agriculture,0,Granite/Gneiss,0.3036,0
27.29661,93.00536,31.2,1732.9,1,Agriculture,3,Colluvial,0.4232,0
27.14904,88.13483,49.71,1295.8,1,Agriculture,3,Colluvial,0.5422,0
25.44212,94.63906,32.7,867.1,3,Urban,2,Alluvial,0.4952,0
26.0632,92.63406,18.14,946.2,0,Dense Forest,0,Granite/Gneiss,0.2674,0
28.10527,88.22456,29.48,1829.4,0,Dense Forest,3,Colluvial,0.3064,0
28.46656,88.47218,36.48,1753.0,2,Degraded Forest,2,Alluvial,0.4557,0
22.15066,89.16068,16.73,148.9,3,Urban,4,Shale,0.5004,0
27.2635,92.71115,46.52,1109.0,1,Agriculture,1,Laterite,0.344,0
27.37861,90.52231,36.33,1704.4,4,Barren,0,Granite/Gneiss,0.4895,0
21.55273,91.09608,24.79,50.0,0,Dense Forest,1,Laterite,0.1457,0
27.72242,93.08567,39.2,1136.2,0,Dense Forest,2,Alluvial,0.3535,0
21.57377,90.98991,15.38,134.1,1,Agriculture,1,Laterite,0.2217,0
24.81742,91.08458,25.1,1053.0,2,Degraded Forest,4,Shale,0.5334,0
27.11249,90.61368,43.9,1506.8,1,Agriculture,1,Laterite,0.3784,0
26.13728,93.09163,33.43,1159.6,2,Degraded Forest,3,Colluvial,0.5536,1
27.3997,92.83945,31.26,1339.1,0,Dense Forest,2,Alluvial,0.3261,0
27.33045,93.70814,39.52,1299.7,1,Agriculture,2,Alluvial,0.434,0
26.68734,88.85566,30.79,1522.3,0,Dense Forest,4,Shale,0.4779,0
21.94854,94.81482,12.58,50.0,1,Agriculture,2,Alluvial,0.2025,0
28.00676,90.56684,48.86,1374.2,1,Agriculture,1,Laterite,0.4566,0
26.3867,89.72474,32.05,1180.3,3,Urban,1,Laterite,0.3854,0
24.71343,91.51012,44.13,424.2,1,Agriculture,4,Shale,0.659,1
25.40281,90.86808,35.52,934.5,2,Degraded Forest,4,Shale,0.6427,1
24.47885,93.82753,20.04,524.8,1,Agriculture,1,Laterite,0.2134,0
25.97632,94.43964,25.11,1202.1,4,Barren,3,Colluvial,0.5164,0
25.60847,95.19342,20.48,909.8,3,Urban,2,Alluvial,0.4086,0
25.72044,92.72711,35.67,969.7,3,Urban,3,Colluvial,0.5959,1
24.56592,93.76983,19.64,661.2,2,Degraded Forest,4,Shale,0.5009,0
26.31672,96.17415,14.94,1319.0,1,Agriculture,1,Laterite,0.2074,0
25.75104,91.74433,17.73,1042.7,1,Agriculture,3,Colluvial,0.4391,0
26.53158,97.16187,25.04,1421.3,3,Urban,2,Alluvial,0.4538,0
25.51543,93.64832,32.75,1245.1,0,Dense Forest,3,Colluvial,0.4142,0
24.39201,88.96623,25.18,693.3,0,Dense Forest,2,Alluvial,0.2593,0
23.07834,89.61768,28.46,315.7,2,Degraded Forest,3,Colluvial,0.4428,0
26.54464,92.45884,26.66,1151.3,0,Dense Forest,1,Laterite,0.2451,0
26.92569,92.96519,32.75,1853.1,4,Barren,2,Alluvial,0.5818,1
23.94394,95.6824,38.14,526.4,3,Urban,3,Colluvial,0.5509,1
27.45223,88.68745,34.59,1404.3,2,Degraded Forest,0,Granite/Gneiss,0.3351,0
27.90746,90.30625,40.82,1584.6,1,Agriculture,1,Laterite,0.3861,0
25.94023,91.53367,26.4,1208.4,2,Degraded Forest,2,Alluvial,0.4539,0
24.60836,91.98361,24.85,820.1,1,Agriculture,0,Granite/Gneiss,0.1841,0
23.85061,91.6139,27.62,983.7,0,Dense Forest,3,Colluvial,0.3725,0
22.54033,92.96394,24.16,381.3,4,Barren,3,Colluvial,0.517,0
25.70141,88.71833,31.7,1015.5,0,Dense Forest,1,Laterite,0.246,0
23.01569,93.21068,18.61,632.2,3,Urban,3,Colluvial,0.4118,0
26.49152,97.37671,34.76,1045.8,3,Urban,3,Colluvial,0.582,1
28.48807,95.54896,35.32,1780.2,4,Barren,2,Alluvial,0.5155,0
27.63078,90.19105,36.27,1405.3,1,Agriculture,1,Laterite,0.3036,0
23.14507,95.92695,23.83,727.3,1,Agriculture,4,Shale,0.4108,0
22.88379,90.66854,28.09,683.9,4,Barren,2,Alluvial,0.4661,0
23.55239,90.24813,15.4,527.0,3,Urban,1,Laterite,0.2811,0
26.16507,88.18562,31.08,975.6,3,Urban,3,Colluvial,0.5137,0
26.74706,92.68117,26.64,908.1,3,Urban,3,Colluvial,0.5182,0
25.86803,96.06427,27.82,1127.8,1,Agriculture,3,Colluvial,0.3622,0
25.30352,92.31965,37.27,529.3,0,Dense Forest,4,Shale,0.4865,0
25.77847,91.85425,26.75,1045.6,0,Dense Forest,0,Granite/Gneiss,0.2717,0
26.01397,91.64138,31.16,1003.5,2,Degraded Forest,3,Colluvial,0.5382,0
21.6491,90.98465,5.66,245.2,1,Agriculture,4,Shale,0.3603,0
23.90371,91.65104,19.52,638.1,2,Degraded Forest,2,Alluvial,0.3921,0
26.88957,94.38845,22.82,1199.4,2,Degraded Forest,3,Colluvial,0.4199,0
25.92374,94.48675,33.82,1265.2,1,Agriculture,2,Alluvial,0.4018,0
26.9417,93.17915,38.35,1106.1,0,Dense Forest,1,Laterite,0.3224,0
24.69483,91.6442,29.68,931.5,2,Degraded Forest,3,Colluvial,0.5038,0
26.91409,92.11895,38.51,1730.6,4,Barren,4,Shale,0.6518,1
22.07726,93.21359,19.87,423.0,3,Urban,0,Granite/Gneiss,0.2105,0
25.46796,93.05741,17.67,911.7,0,Dense Forest,2,Alluvial,0.3137,0
26.84975,91.2071,28.76,1100.0,1,Agriculture,4,Shale,0.5635,1
25.67076,89.2941,12.69,1225.4,3,Urban,0,Granite/Gneiss,0.2595,0
27.81699,94.55336,34.98,1276.5,2,Degraded Forest,3,Colluvial,0.5428,0
28.83756,92.01311,35.55,1752.2,1,Agriculture,2,Alluvial,0.4345,0
24.40464,91.00925,25.58,898.4,0,Dense Forest,1,Laterite,0.2373,0
25.54643,91.29728,49.85,808.7,1,Agriculture,1,Laterite,0.4664,0
27.39079,90.89621,43.35,1212.6,0,Dense Forest,1,Laterite,0.3418,0
25.23694,93.63887,41.25,677.2,0,Dense Forest,2,Alluvial,0.3323,0
25.72807,91.18912,37.43,1370.2,2,Degraded Forest,1,Laterite,0.5013,0
28.56358,90.31447,40.69,2029.0,1,Agriculture,2,Alluvial,0.4764,0
23.16489,94.75185,21.17,811.3,2,Degraded Forest,1,Laterite,0.3139,0
27.57498,88.45584,44.7,1830.4,1,Agriculture,1,Laterite,0.3801,0
23.60952,93.27146,24.9,448.0,1,Agriculture,4,Shale,0.4569,0
26.11021,97.15889,29.98,774.8,2,Degraded Forest,1,Laterite,0.3633,0
26.78068,93.36528,46.21,1628.8,4,Barren,2,Alluvial,0.5556,1
24.19187,94.16445,28.65,891.5,1,Agriculture,0,Granite/Gneiss,0.1246,0
24.37902,90.35652,14.39,917.5,0,Dense Forest,1,Laterite,0.212,0
23.31271,91.84152,20.35,299.9,1,Agriculture,3,Colluvial,0.3239,0
23.54254,94.7727,23.06,579.0,2,Degraded Forest,2,Alluvial,0.3539,0
25.53779,93.32068,26.91,1040.4,4,Barren,3,Colluvial,0.6008,1
24.6076,96.96256,23.57,786.6,1,Agriculture,2,Alluvial,0.3534,0
26.53633,93.15769,30.55,1063.1,3,Urban,0,Granite/Gneiss,0.3583,0
28.65956,89.4628,27.57,1330.7,1,Agriculture,1,Laterite,0.3019,0
26.95801,94.13583,19.77,1177.5,0,Dense Forest,3,Colluvial,0.3351,0
22.64156,91.13319,14.05,50.0,3,Urban,2,Alluvial,0.3655,0
21.69534,90.94699,12.53,61.4,0,Dense Forest,3,Colluvial,0.2137,0
25.55847,89.67045,19.5,890.2,0,Dense Forest,1,Laterite,0.2214,0
27.88082,95.89241,30.73,1302.1,4,Barren,1,Laterite,0.3524,0
24.75178,92.67663,25.17,911.8,1,Agriculture,3,Colluvial,0.4217,0
25.9563,96.43272,39.96,1034.0,0,Dense Forest,1,Laterite,0.3245,0
22.48323,91.69185,26.41,267.0,1,Agriculture,3,Colluvial,0.3124,0
24.04811,88.84041,32.55,951.5,1,Agriculture,1,Laterite,0.2502,0
28.32968,93.97765,32.53,1572.5,0,Dense Forest,4,Shale,0.4777,0
24.0395,93.63237,22.74,762.1,1,Agriculture,4,Shale,0.4175,0
29.12275,92.71431,53.47,1598.5,2,Degraded Forest,3,Colluvial,0.6462,1
25.82806,91.96141,17.11,1124.9,4,Barren,3,Colluvial,0.584,1
29.22665,94.83225,40.3,1818.0,1,Agriculture,3,Colluvial,0.5475,0
27.89246,91.01435,40.75,1556.8,2,Degraded Forest,2,Alluvial,0.5387,0
25.90664,88.52473,17.88,846.5,2,Degraded Forest,4,Shale,0.5102,0
26.94094,92.0891,38.83,1098.3,0,Dense Forest,2,Alluvial,0.3469,0
22.40109,93.59831,30.76,233.5,1,Agriculture,0,Granite/Gneiss,0.1528,0
21.62216,92.14125,25.25,393.6,2,Degraded Forest,4,Shale,0.5255,0
29.06826,92.45654,41.96,1514.8,2,Degraded Forest,3,Colluvial,0.5342,0
23.83408,92.74788,30.27,961.3,1,Agriculture,2,Alluvial,0.3782,0
24.93165,89.55208,14.14,730.8,0,Dense Forest,4,Shale,0.405,0
26.23444,90.52796,34.98,1181.9,0,Dense Forest,4,Shale,0.4516,0
27.82993,95.51709,36.3,1724.8,1,Agriculture,0,Granite/Gneiss,0.2993,0
26.55395,91.62542,32.76,1166.0,2,Degraded Forest,3,Colluvial,0.502,0
26.02856,91.19741,32.81,1070.2,2,Degraded Forest,2,Alluvial,0.5145,0
25.43164,90.29548,32.84,1273.9,2,Degraded Forest,3,Colluvial,0.5564,1
27.74081,96.76405,26.79,1723.5,4,Barren,1,Laterite,0.4752,0
26.06963,95.88498,24.29,1268.3,4,Barren,0,Granite/Gneiss,0.3332,0
25.84162,94.26936,29.23,1047.7,2,Degraded Forest,1,Laterite,0.3176,0
21.66047,93.95853,3.0,120.8,1,Agriculture,1,Laterite,0.115,0
28.72914,90.34141,43.21,1512.1,0,Dense Forest,1,Laterite,0.293,0
27.81735,89.20724,45.35,1464.6,1,Agriculture,1,Laterite,0.351,0
29.38862,92.38395,55.72,1888.4,2,Degraded Forest,3,Colluvial,0.5892,1
25.44279,93.87968,30.56,980.4,4,Barren,0,Granite/Gneiss,0.4268,0
21.57862,91.61017,30.39,176.9,0,Dense Forest,2,Alluvial,0.3464,0
24.71547,91.15629,26.78,1045.8,3,Urban,2,Alluvial,0.5394,0
22.89403,95.42526,10.17,111.4,4,Barren,3,Colluvial,0.4542,0
24.89204,91.58752,27.27,736.6,3,Urban,1,Laterite,0.4777,0
22.24404,92.1809,16.14,496.3,3,Urban,1,Laterite,0.2587,0
26.16049,92.13833,36.61,1641.9,0,Dense Forest,2,Alluvial,0.443,0
25.83354,90.67841,33.42,860.3,0,Dense Forest,3,Colluvial,0.364,0
29.30173,93.58707,45.85,1730.3,0,Dense Forest,0,Granite/Gneiss,0.2893,0
26.1895,88.79674,40.32,893.4,3,Urban,1,Laterite,0.4679,0
25.5152,93.86303,26.62,596.1,0,Dense Forest,3,Colluvial,0.3887,0
26.65921,94.22932,38.66,1315.7,0,Dense Forest,2,Alluvial,0.3828,0
24.7063,91.39004,29.27,940.3,2,Degraded Forest,4,Shale,0.5455,0
24.32826,89.59361,26.52,676.4,2,Degraded Forest,4,Shale,0.4854,0
23.08962,96.16503,20.44,399.6,1,Agriculture,1,Laterite,0.2599,0
22.95801,92.39024,10.3,405.8,4,Barren,3,Colluvial,0.4571,0
23.526,93.46869,20.57,442.1,0,Dense Forest,1,Laterite,0.187,0
25.18174,92.98962,27.29,919.7,1,Agriculture,1,Laterite,0.3095,0
26.92153,93.2761,29.55,1597.2,1,Agriculture,4,Shale,0.4575,0
23.23101,89.3134,10.63,324.0,0,Dense Forest,1,Laterite,0.0841,0
29.05888,93.05475,38.89,1744.1,1,Agriculture,1,Laterite,0.2965,0
25.68655,91.00804,26.91,1016.4,2,Degraded Forest,4,Shale,0.6084,1
28.01331,89.99486,28.7,1452.0,2,Degraded Forest,0,Granite/Gneiss,0.1618,0
25.92978,97.41978,20.88,1110.3,0,Dense Forest,1,Laterite,0.1601,0
24.04961,95.77917,7.83,173.7,3,Urban,0,Granite/Gneiss,0.2583,0
28.58428,91.0893,43.93,1808.5,4,Barren,2,Alluvial,0.5841,1
29.16525,93.38729,51.57,1630.2,0,Dense Forest,2,Alluvial,0.394,0
26.41501,90.58603,33.56,1037.7,1,Agriculture,3,Colluvial,0.5548,1
26.39857,90.22576,30.14,1168.7,1,Agriculture,4,Shale,0.4912,0
23.29422,92.57557,10.61,225.8,0,Dense Forest,2,Alluvial,0.2601,0
23.12894,88.51747,3.47,732.8,1,Agriculture,1,Laterite,0.1277,0
26.16344,89.44884,32.22,984.5,0,Dense Forest,4,Shale,0.4858,0
27.88682,89.18986,43.88,2063.6,4,Barren,3,Colluvial,0.7555,1
24.77824,90.9034,20.63,963.6,1,Agriculture,2,Alluvial,0.3759,0
23.78171,96.66647,32.0,499.7,4,Barren,1,Laterite,0.4112,0
23.80335,96.43529,18.13,557.0,0,Dense Forest,0,Granite/Gneiss,0.1226,0
29.44321,96.90097,53.47,1916.9,0,Dense Forest,2,Alluvial,0.4047,0
27.98984,89.71975,33.09,1900.0,1,Agriculture,2,Alluvial,0.4418,0
26.87736,94.57788,13.86,1500.0,3,Urban,0,Granite/Gneiss,0.2322,0
27.06963,96.51645,40.9,1528.2,2,Degraded Forest,0,Granite/Gneiss,0.2807,0
25.58195,88.49593,22.92,957.3,2,Degraded Forest,1,Laterite,0.2978,0
26.98418,90.78412,23.23,1220.6,1,Agriculture,0,Granite/Gneiss,0.1945,0
29.18872,97.40599,47.69,1957.4,0,Dense Forest,0,Granite/Gneiss,0.1931,0
24.28773,91.13635,18.34,994.0,2,Degraded Forest,2,Alluvial,0.3908,0
27.48004,94.48634,26.12,1417.9,2,Degraded Forest,3,Colluvial,0.409,0
26.66704,93.90593,44.87,1125.6,0,Dense Forest,3,Colluvial,0.4301,0
26.08869,93.19079,30.57,925.8,0,Dense Forest,3,Colluvial,0.3555,0
24.34344,94.80099,14.18,405.1,1,Agriculture,1,Laterite,0.2135,0
28.82235,92.01912,38.75,1658.2,1,Agriculture,0,Granite/Gneiss,0.2856,0
24.80902,92.37229,44.47,793.7,3,Urban,2,Alluvial,0.5316,0
29.03431,93.59406,44.15,1791.2,1,Agriculture,1,Laterite,0.4369,0
25.98174,88.05865,26.67,1216.7,2,Degraded Forest,4,Shale,0.5251,0
25.41615,97.44575,33.7,887.4,2,Degraded Forest,0,Granite/Gneiss,0.2644,0
26.05109,92.47641,28.43,1483.1,2,Degraded Forest,3,Colluvial,0.4997,0
26.94422,97.42295,31.34,1097.2,2,Degraded Forest,1,Laterite,0.3394,0
23.85277,93.24693,18.57,765.9,3,Urban,3,Colluvial,0.4096,0
25.43639,92.25384,36.59,741.8,2,Degraded Forest,2,Alluvial,0.5635,1
26.20644,90.17886,34.21,988.9,3,Urban,3,Colluvial,0.6104,1
25.14251,93.80073,40.04,975.8,2,Degraded Forest,2,Alluvial,0.4641,0
28.35075,93.14467,43.15,1850.2,0,Dense Forest,2,Alluvial,0.3747,0
25.80302,95.76904,43.36,1012.3,1,Agriculture,4,Shale,0.5034,0
23.63634,93.56668,28.21,597.6,1,Agriculture,1,Laterite,0.2803,0
23.94154,92.52206,22.08,901.9,0,Dense Forest,3,Colluvial,0.3579,0
25.37478,92.06189,28.45,727.4,2,Degraded Forest,0,Granite/Gneiss,0.3772,0
23.52206,91.35381,37.21,708.9,2,Degraded Forest,0,Granite/Gneiss,0.3275,0
22.74578,94.20913,30.1,242.5,2,Degraded Forest,2,Alluvial,0.3342,0
29.49132,95.4148,57.34,1946.7,1,Agriculture,2,Alluvial,0.486,0
25.5815,90.53632,22.25,1126.3,1,Agriculture,3,Colluvial,0.446,0
28.6663,90.13586,26.87,1477.3,0,Dense Forest,0,Granite/Gneiss,0.142,0
24.19391,90.58401,18.36,556.8,0,Dense Forest,3,Colluvial,0.3775,0
25.68833,90.72928,32.03,1175.5,2,Degraded Forest,0,Granite/Gneiss,0.358,0
27.02478,95.95197,30.55,1291.1,0,Dense Forest,4,Shale,0.3745,0
26.42041,89.29734,33.67,1064.4,0,Dense Forest,1,Laterite,0.2614,0
23.77871,95.47821,19.94,651.7,1,Agriculture,1,Laterite,0.2119,0
22.68483,95.47099,5.33,150.7,0,Dense Forest,1,Laterite,0.132,0
25.43776,90.88408,33.2,749.5,0,Dense Forest,4,Shale,0.5126,0
24.06975,91.71914,24.88,200.5,1,Agriculture,2,Alluvial,0.3619,0
28.49117,94.45848,51.85,1745.0,0,Dense Forest,2,Alluvial,0.4244,0
22.78484,92.49935,21.1,395.5,0,Dense Forest,2,Alluvial,0.2731,0
25.23584,95.82741,35.27,1048.7,3,Urban,4,Shale,0.6518,1
26.48276,95.58113,27.13,1465.5,1,Agriculture,1,Laterite,0.2476,0
26.50869,91.16582,36.56,1178.7,2,Degraded Forest,1,Laterite,0.3924,0
26.70001,96.13711,40.97,1256.1,0,Dense Forest,2,Alluvial,0.3503,0
27.16809,94.085,40.71,1444.0,4,Barren,2,Alluvial,0.6046,1
25.44698,96.43183,27.99,874.1,2,Degraded Forest,0,Granite/Gneiss,0.2293,0
24.55281,94.17668,29.25,495.3,1,Agriculture,2,Alluvial,0.2507,0
24.86028,93.90346,32.58,625.7,0,Dense Forest,2,Alluvial,0.3539,0
27.03224,88.65528,45.36,1336.8,0,Dense Forest,3,Colluvial,0.4172,0
21.52879,97.28353,10.62,306.4,3,Urban,4,Shale,0.434,0
24.60045,88.63103,17.69,1111.1,1,Agriculture,2,Alluvial,0.2774,0
26.51943,94.34629,27.17,1172.4,0,Dense Forest,2,Alluvial,0.2107,0
25.85819,91.23777,32.51,1114.2,4,Barren,0,Granite/Gneiss,0.4198,0
23.67132,90.82015,23.18,962.7,1,Agriculture,3,Colluvial,0.4269,0
25.92157,92.39457,36.6,1198.2,1,Agriculture,0,Granite/Gneiss,0.331,0
25.95157,91.20781,38.34,1129.0,3,Urban,4,Shale,0.7302,1
21.5139,89.77329,3.0,145.2,3,Urban,1,Laterite,0.2805,0
24.07739,91.61627,20.82,796.3,2,Degraded Forest,1,Laterite,0.2601,0
24.83519,90.80623,29.2,606.4,3,Urban,1,Laterite,0.4245,0
25.57853,90.1158,39.22,1169.8,4,Barren,4,Shale,0.7186,1
23.11488,94.69148,20.63,551.2,4,Barren,4,Shale,0.6179,1
26.66099,91.36814,45.28,1478.9,1,Agriculture,4,Shale,0.5582,1
28.05003,96.74324,43.97,1672.6,1,Agriculture,3,Colluvial,0.5135,0
29.01412,96.97152,46.22,1994.9,0,Dense Forest,0,Granite/Gneiss,0.3366,0
23.51152,94.09398,21.66,368.0,3,Urban,1,Laterite,0.3584,0
25.15777,95.59622,28.52,803.7,0,Dense Forest,1,Laterite,0.2402,0
28.9911,88.46579,45.74,1816.0,1,Agriculture,3,Colluvial,0.4855,0
23.24716,95.73233,19.99,342.9,0,Dense Forest,2,Alluvial,0.2648,0
25.77516,91.55821,39.93,1233.0,2,Degraded Forest,3,Colluvial,0.5396,0
26.47844,95.38613,40.71,937.0,2,Degraded Forest,0,Granite/Gneiss,0.3431,0
23.50988,93.30862,32.12,520.3,0,Dense Forest,3,Colluvial,0.2924,0
25.63291,96.21423,22.18,916.6,2,Degraded Forest,4,Shale,0.5487,0
21.76883,95.74093,7.43,50.0,1,Agriculture,3,Colluvial,0.214,0
25.54504,88.83252,34.07,735.9,1,Agriculture,4,Shale,0.4748,0
26.63597,92.576,33.61,1264.0,4,Barren,2,Alluvial,0.6219,1
26.91118,92.87803,37.36,1300.9,2,Degraded Forest,0,Granite/Gneiss,0.354,0
26.77882,91.80924,25.86,1668.6,0,Dense Forest,4,Shale,0.4252,0
26.27379,91.34791,21.24,1671.7,4,Barren,0,Granite/Gneiss,0.4126,0
26.55994,90.2466,35.84,1024.9,1,Agriculture,1,Laterite,0.3505,0
26.54123,88.68139,27.83,853.7,2,Degraded Forest,0,Granite/Gneiss,0.2748,0
22.10276,94.13642,22.97,50.0,2,Degraded Forest,3,Colluvial,0.3805,0
24.65258,88.2596,21.9,797.0,1,Agriculture,2,Alluvial,0.2875,0
24.30386,90.75571,18.41,955.9,1,Agriculture,1,Laterite,0.2976,0
25.49425,91.38789,11.85,902.4,0,Dense Forest,4,Shale,0.4094,0
28.10644,96.74031,49.75,1702.1,1,Agriculture,4,Shale,0.5502,1
27.08898,92.36085,41.54,1197.7,1,Agriculture,1,Laterite,0.3524,0
24.8879,89.24288,15.74,764.9,1,Agriculture,3,Colluvial,0.3459,0
26.92064,90.69946,19.35,1353.0,2,Degraded Forest,4,Shale,0.5119,0
28.08816,91.21528,34.93,1580.1,2,Degraded Forest,1,Laterite,0.3861,0
26.18841,92.44579,40.16,1147.7,3,Urban,1,Laterite,0.444,0
22.21693,96.00981,13.47,50.0,0,Dense Forest,1,Laterite,0.1356,0
25.42585,91.43856,28.07,1228.5,0,Dense Forest,3,Colluvial,0.4438,0
28.85573,93.11492,50.51,1998.7,0,Dense Forest,2,Alluvial,0.4097,0
28.4902,94.05228,33.31,1919.8,4,Barren,3,Colluvial,0.6422,1
24.47174,94.45448,20.69,633.2,3,Urban,3,Colluvial,0.4287,0
28.83591,91.52043,44.27,1774.5,4,Barren,1,Laterite,0.6019,1
25.88159,91.1776,29.19,980.9,0,Dense Forest,1,Laterite,0.3733,0
22.64895,91.76851,12.29,163.6,2,Degraded Forest,0,Granite/Gneiss,0.1943,0
26.28194,91.56718,38.59,1232.9,2,Degraded Forest,0,Granite/Gneiss,0.3552,0
21.83787,90.9947,20.41,50.0,2,Degraded Forest,0,Granite/Gneiss,0.2115,0
23.52199,93.376,29.24,724.3,2,Degraded Forest,1,Laterite,0.3394,0
24.31691,88.3474,24.34,501.3,1,Agriculture,3,Colluvial,0.3359,0
27.27466,94.15779,22.57,1336.7,2,Degraded Forest,1,Laterite,0.3513,0
25.15948,91.22436,28.81,469.6,3,Urban,2,Alluvial,0.5137,0
25.34551,90.96806,20.05,1326.8,0,Dense Forest,1,Laterite,0.1816,0
24.89029,91.52518,11.5,994.5,4,Barren,2,Alluvial,0.5505,1
25.37242,96.8428,27.32,988.5,1,Agriculture,3,Colluvial,0.4532,0
25.22426,88.40663,29.78,800.3,2,Degraded Forest,1,Laterite,0.3278,0
24.10936,97.16615,37.57,474.0,2,Degraded Forest,1,Laterite,0.3771,0
23.97374,93.61444,14.63,616.5,2,Degraded Forest,3,Colluvial,0.3961,0
27.90814,94.51839,44.45,1602.3,1,Agriculture,2,Alluvial,0.4193,0
27.86023,88.64064,26.06,1485.1,2,Degraded Forest,0,Granite/Gneiss,0.3728,0
26.79685,88.49121,45.02,1398.0,0,Dense Forest,3,Colluvial,0.4242,0
28.7968,94.26265,36.76,2112.9,4,Barren,1,Laterite,0.5058,0
26.42295,95.47856,30.78,993.0,0,Dense Forest,1,Laterite,0.1922,0
27.88989,93.25364,36.39,1585.0,0,Dense Forest,1,Laterite,0.3201,0
24.15639,90.8315,31.03,1045.9,4,Barren,2,Alluvial,0.5717,1
28.85494,95.86503,30.98,1692.7,0,Dense Forest,3,Colluvial,0.4196,0
24.42295,96.24816,24.54,729.9,0,Dense Forest,3,Colluvial,0.2714,0
23.84822,89.77451,18.68,720.6,3,Urban,4,Shale,0.5271,0
26.75374,89.48289,52.29,1417.3,0,Dense Forest,1,Laterite,0.3848,0
27.40842,91.13011,28.48,1639.3,0,Dense Forest,4,Shale,0.3904,0
29.17672,91.51338,23.13,1849.1,0,Dense Forest,3,Colluvial,0.3663,0
25.38923,92.8342,43.14,816.1,3,Urban,1,Laterite,0.4884,0
24.3804,90.84917,29.73,860.2,0,Dense Forest,4,Shale,0.4558,0
22.22616,92.00856,11.42,70.0,2,Degraded Forest,2,Alluvial,0.2924,0
26.70531,92.20367,34.26,1337.6,1,Agriculture,2,Alluvial,0.4201,0
21.99858,91.69876,10.46,227.6,0,Dense Forest,0,Granite/Gneiss,0.0146,0
22.29571,89.63425,3.0,289.6,0,Dense Forest,3,Colluvial,0.1506,0
26.45187,95.19915,32.26,1197.7,4,Barren,0,Granite/Gneiss,0.3831,0
26.26669,93.8567,31.5,1372.9,1,Agriculture,1,Laterite,0.3305,0
26.19614,92.66471,35.33,1280.2,0,Dense Forest,4,Shale,0.5093,0
23.83952,91.1612,15.99,765.3,0,Dense Forest,1,Laterite,0.1796,0
26.31454,88.02425,26.86,1090.5,1,Agriculture,1,Laterite,0.2616,0
24.75542,90.35857,24.2,504.1,1,Agriculture,4,Shale,0.5353,0
23.6227,93.01046,15.11,498.2,0,Dense Forest,1,Laterite,0.1626,0
26.62677,96.64828,43.32,1340.7,0,Dense Forest,1,Laterite,0.319,0
26.7585,96.03685,41.51,1289.6,3,Urban,3,Colluvial,0.5664,1
25.92641,89.02762,27.47,1009.4,1,Agriculture,0,Granite/Gneiss,0.2034,0
27.29677,91.82268,41.01,1448.6,0,Dense Forest,4,Shale,0.5791,1
25.67633,93.15509,20.75,986.2,0,Dense Forest,1,Laterite,0.2617,0
27.96702,90.58879,35.56,1564.8,1,Agriculture,3,Colluvial,0.4872,0
24.63027,89.91446,38.45,406.5,0,Dense Forest,1,Laterite,0.2584,0
23.10734,91.06043,26.19,615.1,0,Dense Forest,1,Laterite,0.247,0
24.37521,95.40427,28.09,869.5,2,Degraded Forest,0,Granite/Gneiss,0.2171,0
22.54951,96.09636,16.07,758.6,1,Agriculture,0,Granite/Gneiss,0.1537,0
24.41889,91.0936,25.61,614.4,1,Agriculture,2,Alluvial,0.3751,0
24.95292,94.66357,16.2,776.3,2,Degraded Forest,2,Alluvial,0.38,0
28.52453,91.70665,38.75,1715.4,3,Urban,3,Colluvial,0.556,1
24.54192,89.94237,29.42,777.6,0,Dense Forest,0,Granite/Gneiss,0.2157,0
26.84784,94.25372,34.84,1619.2,0,Dense Forest,1,Laterite,0.2988,0
27.88276,91.95347,38.72,1454.5,0,Dense Forest,1,Laterite,0.2641,0
25.9121,97.37953,26.31,1062.0,4,Barren,1,Laterite,0.4365,0
26.52817,97.42663,26.59,1118.9,2,Degraded Forest,1,Laterite,0.3124,0
29.16606,92.04227,35.75,2129.6,0,Dense Forest,1,Laterite,0.2975,0
21.73973,91.00262,13.88,251.4,0,Dense Forest,1,Laterite,0.11,0
25.24194,90.23953,34.91,1256.1,2,Degraded Forest,3,Colluvial,0.5512,1
27.29973,96.98304,29.88,1988.0,0,Dense Forest,3,Colluvial,0.3912,0
25.96016,92.70604,32.05,951.0,2,Degraded Forest,1,Laterite,0.424,0
24.15386,88.90783,25.08,912.8,4,Barren,0,Granite/Gneiss,0.3615,0
28.20965,91.21397,47.6,1558.3,0,Dense Forest,2,Alluvial,0.4389,0
26.73897,92.29997,34.75,1141.2,0,Dense Forest,4,Shale,0.5135,0
23.73273,93.24372,11.47,309.1,0,Dense Forest,0,Granite/Gneiss,0.1279,0
23.85306,95.48919,40.82,1055.1,0,Dense Forest,3,Colluvial,0.4418,0
23.18424,89.27078,29.09,679.4,2,Degraded Forest,2,Alluvial,0.3869,0
28.36615,90.99749,44.61,1599.8,0,Dense Forest,2,Alluvial,0.4347,0
28.39116,94.26293,36.24,1774.9,1,Agriculture,4,Shale,0.5323,0
27.28787,88.51126,34.15,1040.5,1,Agriculture,4,Shale,0.5043,0
23.8067,90.71629,12.27,600.1,4,Barren,1,Laterite,0.2531,0
22.04681,95.05771,14.38,70.6,1,Agriculture,3,Colluvial,0.26,0
23.42238,90.32315,23.61,821.6,0,Dense Forest,3,Colluvial,0.3569,0
26.62615,91.92078,34.02,1555.9,0,Dense Forest,2,Alluvial,0.4281,0
26.85938,93.1427,49.12,1484.0,2,Degraded Forest,3,Colluvial,0.6092,1
23.28409,90.64832,27.06,690.9,0,Dense Forest,4,Shale,0.428,0
27.39203,92.22481,44.88,1295.7,0,Dense Forest,2,Alluvial,0.4171,0
21.58155,91.83449,19.63,261.7,4,Barren,4,Shale,0.5431,0
29.25603,93.47912,45.39,1569.2,0,Dense Forest,3,Colluvial,0.4165,0
22.14156,88.66494,21.04,50.0,0,Dense Forest,2,Alluvial,0.2422,0
26.99077,90.62967,19.72,1314.3,3,Urban,3,Colluvial,0.4336,0
27.29785,88.85069,34.66,1510.6,0,Dense Forest,3,Colluvial,0.4191,0
24.32524,88.04921,14.41,855.3,0,Dense Forest,2,Alluvial,0.2692,0
26.16382,89.01027,23.05,898.0,0,Dense Forest,2,Alluvial,0.2783,0
21.60365,92.55772,24.94,50.0,2,Degraded Forest,3,Colluvial,0.4199,0
26.81937,96.1281,26.34,1206.5,4,Barren,3,Colluvial,0.5889,1
29.05017,91.46808,32.72,1623.5,2,Degraded Forest,1,Laterite,0.3608,0
27.75617,89.80578,41.58,1630.0,0,Dense Forest,0,Granite/Gneiss,0.311,0
28.20824,93.08893,39.61,1406.8,0,Dense Forest,2,Alluvial,0.3985,0
26.31987,97.12199,36.64,1573.3,1,Agriculture,2,Alluvial,0.4028,0
27.6362,93.58419,52.06,1553.1,2,Degraded Forest,0,Granite/Gneiss,0.3146,0
22.72344,91.90479,24.17,345.9,2,Degraded Forest,3,Colluvial,0.4044,0
27.10065,91.19273,23.6,1130.7,2,Degraded Forest,4,Shale,0.5051,0
26.29449,90.38281,40.44,914.5,4,Barren,2,Alluvial,0.5967,1
25.99829,90.77838,30.11,1047.9,0,Dense Forest,4,Shale,0.5431,0
23.75498,88.66217,24.8,491.6,0,Dense Forest,3,Colluvial,0.3569,0
24.77286,92.93014,14.05,490.0,3,Urban,1,Laterite,0.3521,0
23.28001,91.007,25.7,774.8,0,Dense Forest,3,Colluvial,0.3286,0
26.18938,94.21599,22.17,934.1,1,Agriculture,2,Alluvial,0.2428,0
25.80338,94.733,35.41,1138.8,1,Agriculture,4,Shale,0.5409,0
26.03533,91.06908,26.22,1208.9,1,Agriculture,1,Laterite,0.3533,0
24.37723,88.52415,31.57,423.6,0,Dense Forest,0,Granite/Gneiss,0.2037,0
26.71004,93.17274,24.18,1195.3,4,Barren,1,Laterite,0.4454,0
24.57479,91.89731,14.04,509.9,0,Dense Forest,0,Granite/Gneiss,0.1253,0
25.0909,96.30323,24.13,989.5,1,Agriculture,1,Laterite,0.2723,0
24.20125,92.93654,27.26,720.3,0,Dense Forest,1,Laterite,0.2596,0
28.2507,95.15245,31.15,1603.5,3,Urban,2,Alluvial,0.511,0
25.21139,93.04811,30.55,771.0,0,Dense Forest,2,Alluvial,0.3423,0
25.97095,96.89703,38.76,1342.2,3,Urban,0,Granite/Gneiss,0.3515,0
27.30624,93.67759,26.18,1330.8,0,Dense Forest,3,Colluvial,0.3613,0
22.41131,91.50755,20.06,50.0,1,Agriculture,1,Laterite,0.1998,0
26.5018,90.7758,38.08,1036.5,2,Degraded Forest,0,Granite/Gneiss,0.3303,0
25.70887,89.01791,29.24,645.6,0,Dense Forest,3,Colluvial,0.3351,0
28.36674,96.78591,40.09,1514.1,1,Agriculture,0,Granite/Gneiss,0.3393,0
28.23205,93.82353,28.97,1432.9,2,Degraded Forest,1,Laterite,0.3405,0
22.79993,90.75763,23.37,531.4,0,Dense Forest,0,Granite/Gneiss,0.1706,0
22.30697,92.81988,18.52,396.0,4,Barren,4,Shale,0.6287,1
24.28181,95.58328,26.64,768.4,0,Dense Forest,3,Colluvial,0.3271,0
27.9446,94.48434,55.68,1739.5,2,Degraded Forest,0,Granite/Gneiss,0.3996,0
23.34174,92.99738,20.25,278.7,3,Urban,2,Alluvial,0.3423,0
26.0367,88.7411,34.59,1184.4,1,Agriculture,1,Laterite,0.3662,0
22.83512,88.26489,30.31,112.8,0,Dense Forest,1,Laterite,0.2014,0
26.71073,96.17989,34.15,1177.0,0,Dense Forest,1,Laterite,0.2665,0
25.65206,93.14716,24.84,1102.5,4,Barren,3,Colluvial,0.579,1
24.52963,92.09116,29.55,675.3,2,Degraded Forest,0,Granite/Gneiss,0.3269,0
24.61017,92.48335,21.18,1126.4,1,Agriculture,3,Colluvial,0.5424,0
26.10765,96.27746,41.87,1067.1,0,Dense Forest,4,Shale,0.4604,0
21.667,90.85462,19.74,297.7,0,Dense Forest,2,Alluvial,0.1407,0
29.25601,92.45197,37.2,1792.2,2,Degraded Forest,4,Shale,0.5836,1
26.1959,89.337,22.63,1182.9,4,Barren,4,Shale,0.5868,1
26.17151,95.09275,33.77,1078.1,0,Dense Forest,3,Colluvial,0.4133,0
28.26114,89.79119,42.4,1656.7,3,Urban,2,Alluvial,0.5333,0
28.57455,92.92136,31.57,2037.1,0,Dense Forest,3,Colluvial,0.4493,0
26.67198,91.36467,40.68,1572.3,3,Urban,4,Shale,0.6027,1
26.38983,94.19522,38.66,1102.8,1,Agriculture,3,Colluvial,0.492,0
25.46968,91.31376,32.62,947.4,2,Degraded Forest,1,Laterite,0.4964,0
23.80212,90.63168,29.7,628.1,4,Barren,3,Colluvial,0.5546,1
24.3564,94.17824,17.79,871.1,2,Degraded Forest,4,Shale,0.4537,0
26.10283,89.39211,24.81,1506.5,4,Barren,2,Alluvial,0.4897,0
26.78361,91.93487,32.74,1546.0,0,Dense Forest,3,Colluvial,0.4034,0
21.5507,90.56371,10.11,58.1,4,Barren,2,Alluvial,0.4087,0
26.81675,92.64536,38.96,1376.9,3,Urban,0,Granite/Gneiss,0.3688,0
23.86288,89.55938,30.3,676.8,0,Dense Forest,1,Laterite,0.2612,0
23.21683,96.54539,15.81,365.1,1,Agriculture,1,Laterite,0.1304,0
28.28524,88.33485,33.5,1829.4,4,Barren,3,Colluvial,0.5554,1
25.93719,88.41098,38.48,595.6,0,Dense Forest,2,Alluvial,0.3361,0
23.85709,94.44214,15.98,831.6,1,Agriculture,0,Granite/Gneiss,0.1075,0
25.02457,91.86367,25.93,975.4,2,Degraded Forest,0,Granite/Gneiss,0.3014,0
23.80034,89.65243,15.55,256.3,0,Dense Forest,1,Laterite,0.1947,0
26.37667,93.59624,28.55,988.9,3,Urban,3,Colluvial,0.5433,0
26.52988,94.5329,21.81,818.5,1,Agriculture,0,Granite/Gneiss,0.1817,0
27.41892,91.22678,47.45,1771.1,0,Dense Forest,1,Laterite,0.3839,0
25.5866,93.66268,38.42,821.2,2,Degraded Forest,4,Shale,0.5384,0
25.59805,94.27993,23.91,1204.1,1,Agriculture,2,Alluvial,0.3024,0
26.91254,91.85776,39.0,1507.0,3,Urban,3,Colluvial,0.6077,1
21.84178,93.79361,4.8,152.8,2,Degraded Forest,2,Alluvial,0.1809,0
29.06118,91.55726,48.33,1668.4,1,Agriculture,1,Laterite,0.342,0
29.48034,93.4634,37.85,1998.1,2,Degraded Forest,1,Laterite,0.3934,0
24.95052,90.49248,37.68,919.5,3,Urban,2,Alluvial,0.5544,1
25.76283,91.19895,35.07,1246.4,4,Barren,2,Alluvial,0.6049,1
28.00507,90.59316,36.47,1329.0,2,Degraded Forest,2,Alluvial,0.4048,0
21.89197,88.7765,13.2,392.7,1,Agriculture,3,Colluvial,0.2677,0
23.63885,93.98007,24.18,850.8,1,Agriculture,2,Alluvial,0.3078,0
25.01054,91.54808,20.77,838.5,3,Urban,0,Granite/Gneiss,0.3932,0
28.82093,91.85162,51.45,1556.0,3,Urban,3,Colluvial,0.6963,1
23.60285,92.04618,25.33,476.5,0,Dense Forest,1,Laterite,0.2171,0
26.45535,90.63359,41.3,1086.9,2,Degraded Forest,4,Shale,0.5418,0
22.52149,88.94097,3.0,293.7,1,Agriculture,4,Shale,0.3446,0
22.12342,88.24983,17.47,92.6,0,Dense Forest,1,Laterite,0.1648,0
28.4384,95.8618,43.0,1752.4,2,Degraded Forest,4,Shale,0.5893,1
22.71509,93.67738,19.53,500.7,0,Dense Forest,4,Shale,0.3429,0
29.20921,89.6227,44.09,1762.8,2,Degraded Forest,4,Shale,0.6748,1
21.53318,88.57965,12.56,50.0,0,Dense Forest,3,Colluvial,0.3002,0
24.40168,89.85833,43.94,841.5,0,Dense Forest,4,Shale,0.4821,0
25.24151,93.09205,30.98,646.8,0,Dense Forest,3,Colluvial,0.5006,0
23.57869,97.00911,23.77,617.6,1,Agriculture,4,Shale,0.444,0
21.52431,90.59889,22.58,119.8,0,Dense Forest,3,Colluvial,0.3908,0
26.30095,96.34522,28.53,1114.4,3,Urban,4,Shale,0.5129,0
26.67056,91.45196,24.09,1392.3,0,Dense Forest,2,Alluvial,0.2956,0
27.33252,91.24304,44.13,1485.0,3,Urban,3,Colluvial,0.5209,0
28.32864,90.89133,37.94,1714.0,1,Agriculture,4,Shale,0.5273,0
24.20684,92.5167,36.04,873.2,4,Barren,2,Alluvial,0.6008,1
27.17527,92.91884,46.67,1294.4,0,Dense Forest,0,Granite/Gneiss,0.3498,0
26.43362,93.03871,14.92,1124.7,0,Dense Forest,0,Granite/Gneiss,0.1024,0
28.66264,93.80986,42.44,1927.0,2,Degraded Forest,4,Shale,0.6285,1
27.82838,91.23532,47.34,1652.3,2,Degraded Forest,4,Shale,0.6215,1
26.43139,93.84329,19.45,1115.6,1,Agriculture,2,Alluvial,0.3403,0
22.71235,95.14038,22.47,50.0,0,Dense Forest,4,Shale,0.3441,0
24.20142,91.84447,30.39,786.2,1,Agriculture,1,Laterite,0.3204,0
26.04278,88.58852,31.6,1219.3,0,Dense Forest,0,Granite/Gneiss,0.122,0
28.04742,95.02307,39.17,1330.7,1,Agriculture,3,Colluvial,0.4764,0
25.08839,92.09699,38.04,737.7,1,Agriculture,1,Laterite,0.4666,0
27.42051,92.0926,25.25,1350.5,2,Degraded Forest,1,Laterite,0.2793,0
24.35555,93.84935,32.36,833.0,4,Barren,3,Colluvial,0.6201,1
24.66017,95.41255,30.52,1307.8,0,Dense Forest,1,Laterite,0.251,0
28.04298,92.03403,49.95,1795.7,2,Degraded Forest,3,Colluvial,0.5045,0
25.94908,91.04982,24.1,799.4,0,Dense Forest,1,Laterite,0.2544,0
24.80549,94.67414,39.21,756.5,0,Dense Forest,4,Shale,0.4567,0
21.73505,96.93436,4.77,134.0,2,Degraded Forest,3,Colluvial,0.3172,0
26.62641,91.38258,31.58,1353.9,3,Urban,3,Colluvial,0.5894,1
23.92409,90.68849,14.78,482.9,4,Barren,1,Laterite,0.3726,0
25.23781,92.74216,34.81,1057.9,3,Urban,4,Shale,0.6995,1
26.74237,95.90704,28.56,1176.9,0,Dense Forest,0,Granite/Gneiss,0.1323,0
22.00049,88.36407,25.95,329.2,0,Dense Forest,1,Laterite,0.1812,0
24.73918,89.86012,13.64,844.0,3,Urban,0,Granite/Gneiss,0.2617,0
24.87893,90.96839,24.11,1269.3,1,Agriculture,4,Shale,0.5753,1
22.91371,93.30181,34.59,613.9,0,Dense Forest,4,Shale,0.3589,0
22.96173,90.55074,14.4,691.7,1,Agriculture,4,Shale,0.4083,0
26.33859,91.18461,41.62,977.2,4,Barren,3,Colluvial,0.7296,1
27.32922,93.56394,42.43,1305.2,3,Urban,0,Granite/Gneiss,0.403,0
26.14123,95.63446,21.94,1209.7,1,Agriculture,4,Shale,0.5696,1
27.89535,94.39991,40.67,1292.3,4,Barren,2,Alluvial,0.5393,0
22.01581,91.84742,29.16,425.1,3,Urban,1,Laterite,0.3529,0
26.83964,90.36566,31.74,1327.5,0,Dense Forest,1,Laterite,0.249,0
25.37814,93.86235,24.02,1192.6,0,Dense Forest,1,Laterite,0.23,0
25.45122,89.52299,32.44,1085.5,2,Degraded Forest,3,Colluvial,0.5272,0
29.44788,88.47015,43.09,1897.2,1,Agriculture,1,Laterite,0.3638,0
24.87905,89.19142,15.7,835.8,3,Urban,1,Laterite,0.2897,0
26.01508,89.65787,30.16,962.1,3,Urban,3,Colluvial,0.4698,0
22.78658,90.75123,15.94,223.8,0,Dense Forest,1,Laterite,0.1312,0
26.31136,92.487,31.97,1360.3,3,Urban,0,Granite/Gneiss,0.3919,0
26.05267,92.16798,12.85,1258.0,1,Agriculture,4,Shale,0.4501,0
26.65802,96.48567,37.26,1507.4,1,Agriculture,1,Laterite,0.4248,0
24.01951,88.63751,11.38,557.8,3,Urban,3,Colluvial,0.4274,0
21.82523,93.62323,22.19,397.7,2,Degraded Forest,2,Alluvial,0.3128,0
25.86224,91.55761,39.94,1046.2,2,Degraded Forest,0,Granite/Gneiss,0.4345,0
29.20818,96.53562,28.02,1950.3,0,Dense Forest,3,Colluvial,0.4117,0
22.08718,92.51661,27.56,490.4,2,Degraded Forest,1,Laterite,0.3023,0
23.4081,92.16891,21.22,943.5,1,Agriculture,1,Laterite,0.2346,0
26.15727,91.0743,41.08,1362.4,1,Agriculture,0,Granite/Gneiss,0.3114,0
25.97542,89.65926,39.23,1147.5,0,Dense Forest,0,Granite/Gneiss,0.304,0
25.78639,92.35815,19.51,1176.6,2,Degraded Forest,2,Alluvial,0.4202,0
23.77854,88.43393,16.72,862.5,0,Dense Forest,0,Granite/Gneiss,0.0917,0
24.86224,92.27313,40.52,998.5,0,Dense Forest,1,Laterite,0.4132,0
25.87432,91.12957,21.48,1004.4,0,Dense Forest,4,Shale,0.4556,0
26.76888,94.90067,37.65,1408.5,3,Urban,0,Granite/Gneiss,0.4728,0
26.13394,93.68895,26.33,1403.4,0,Dense Forest,1,Laterite,0.232,0
28.87956,95.31445,35.44,2122.9,2,Degraded Forest,3,Colluvial,0.5075,0
21.54863,96.46068,15.03,123.4,0,Dense Forest,4,Shale,0.2854,0
21.56286,88.03189,32.77,50.0,2,Degraded Forest,0,Granite/Gneiss,0.2178,0
24.43041,95.85631,32.13,403.4,3,Urban,1,Laterite,0.3894,0
22.05718,95.27667,8.66,384.5,0,Dense Forest,1,Laterite,0.1309,0
24.1789,94.2537,26.61,396.1,0,Dense Forest,1,Laterite,0.1892,0
27.99448,88.93985,24.48,1625.3,0,Dense Forest,1,Laterite,0.2269,0
26.74006,89.10214,16.61,1494.5,2,Degraded Forest,1,Laterite,0.2955,0
25.27196,91.20487,30.5,916.1,0,Dense Forest,1,Laterite,0.3771,0
26.84098,95.1598,40.75,1002.5,1,Agriculture,0,Granite/Gneiss,0.2511,0
24.32206,91.95019,38.07,483.0,0,Dense Forest,1,Laterite,0.3232,0
24.89093,94.29645,30.7,679.0,1,Agriculture,3,Colluvial,0.4337,0
25.61341,90.13852,30.48,1000.7,2,Degraded Forest,1,Laterite,0.4022,0
26.12842,89.64361,29.65,1382.2,0,Dense Forest,1,Laterite,0.2705,0
25.72816,88.02027,35.08,1053.7,3,Urban,2,Alluvial,0.5157,0
23.66209,90.79455,13.38,1017.1,4,Barren,0,Granite/Gneiss,0.279,0
23.1124,88.74373,15.62,671.0,0,Dense Forest,3,Colluvial,0.2667,0
28.05548,88.39345,30.13,1634.1,3,Urban,4,Shale,0.5678,1
25.77426,94.84275,26.84,1047.4,1,Agriculture,1,Laterite,0.2484,0
26.73812,88.26121,28.84,1179.0,2,Degraded Forest,1,Laterite,0.3384,0
23.88373,94.0786,17.6,666.2,1,Agriculture,3,Colluvial,0.3811,0
26.67274,90.92406,29.28,1372.3,3,Urban,0,Granite/Gneiss,0.3304,0
24.79162,93.74376,29.03,904.9,1,Agriculture,4,Shale,0.5287,0
24.83897,90.35825,37.67,751.5,3,Urban,0,Granite/Gneiss,0.3937,0
23.52424,88.11188,24.9,349.1,3,Urban,3,Colluvial,0.4212,0
26.77592,94.56417,30.2,1659.6,0,Dense Forest,1,Laterite,0.2329,0
26.86383,92.32247,38.62,1433.7,0,Dense Forest,1,Laterite,0.3551,0
28.7682,96.06187,43.14,1806.4,3,Urban,0,Granite/Gneiss,0.3716,0
26.84351,92.93066,36.39,1403.6,1,Agriculture,3,Colluvial,0.5538,1
25.96936,91.31697,31.57,1325.9,4,Barren,3,Colluvial,0.6583,1
25.3014,93.27431,43.06,861.7,4,Barren,4,Shale,0.6666,1
25.04927,91.72463,29.1,872.7,2,Degraded Forest,1,Laterite,0.3782,0
23.46476,92.40687,17.88,391.6,1,Agriculture,3,Colluvial,0.3739,0
26.23144,93.48228,26.53,1163.1,0,Dense Forest,2,Alluvial,0.253,0
25.36119,93.17393,36.69,833.6,3,Urban,2,Alluvial,0.5569,1
27.40342,95.05803,27.65,1227.0,0,Dense Forest,1,Laterite,0.1813,0
26.36029,95.72381,44.08,869.6,1,Agriculture,2,Alluvial,0.4268,0
21.84873,92.62839,3.0,510.1,1,Agriculture,3,Colluvial,0.306,0
25.93833,95.80682,41.45,1031.7,4,Barren,4,Shale,0.6947,1
26.95489,94.43097,41.83,1424.7,0,Dense Forest,2,Alluvial,0.4066,0
26.36639,93.60059,29.73,1214.2,3,Urban,1,Laterite,0.4396,0
28.15995,88.69984,33.97,1697.9,1,Agriculture,3,Colluvial,0.405,0
26.20315,90.58098,42.49,757.5,0,Dense Forest,4,Shale,0.4745,0
25.89641,88.00013,45.88,995.2,2,Degraded Forest,1,Laterite,0.3443,0
23.03999,92.14618,15.87,678.4,0,Dense Forest,4,Shale,0.3563,0
23.67397,92.52532,27.8,977.8,0,Dense Forest,4,Shale,0.4257,0
24.29765,88.76394,33.33,656.6,3,Urban,1,Laterite,0.354,0
25.05917,89.48583,33.17,851.0,0,Dense Forest,3,Colluvial,0.4096,0
26.31256,89.44646,33.48,1396.1,1,Agriculture,2,Alluvial,0.4563,0
25.24357,94.32649,25.92,1030.4,1,Agriculture,3,Colluvial,0.4324,0
24.20999,96.0936,27.39,715.7,2,Degraded Forest,1,Laterite,0.3641,0
27.26371,90.63585,19.93,1383.9,3,Urban,1,Laterite,0.3391,0
23.9824,91.20243,35.03,544.4,0,Dense Forest,0,Granite/Gneiss,0.2257,0
25.88986,96.05495,17.81,966.6,0,Dense Forest,3,Colluvial,0.3072,0
27.25711,92.80031,29.88,1421.8,0,Dense Forest,4,Shale,0.4776,0
25.10117,92.27818,25.81,973.6,1,Agriculture,2,Alluvial,0.3509,0
25.89256,89.47688,23.48,1162.1,1,Agriculture,0,Granite/Gneiss,0.2761,0
26.2021,93.25048,23.61,1020.9,0,Dense Forest,4,Shale,0.4333,0
27.24502,94.00643,47.82,1659.1,3,Urban,0,Granite/Gneiss,0.4881,0
28.69121,91.08315,56.34,1393.8,4,Barren,4,Shale,0.8086,1
24.56721,96.20149,38.89,896.0,3,Urban,3,Colluvial,0.4632,0
25.30005,91.36616,35.93,847.0,0,Dense Forest,3,Colluvial,0.4922,0
26.69389,91.37087,54.19,1095.4,1,Agriculture,2,Alluvial,0.5266,0
29.38641,93.75133,42.44,1809.5,3,Urban,0,Granite/Gneiss,0.401,0
28.38368,90.6367,37.92,1330.5,1,Agriculture,2,Alluvial,0.3965,0
26.36592,90.70161,33.34,1265.7,3,Urban,1,Laterite,0.4166,0
28.36139,93.46255,52.16,1966.7,3,Urban,2,Alluvial,0.5836,1
23.75619,93.74519,28.15,478.8,0,Dense Forest,2,Alluvial,0.2646,0
24.47334,95.00952,39.97,1239.2,1,Agriculture,3,Colluvial,0.4493,0
27.33644,93.66302,37.41,1241.0,0,Dense Forest,4,Shale,0.4551,0
27.27651,88.26431,24.67,1315.1,0,Dense Forest,1,Laterite,0.1216,0
26.34511,96.39597,27.78,1462.1,3,Urban,3,Colluvial,0.4906,0
26.17694,93.3591,40.74,912.9,4,Barren,4,Shale,0.6685,1
27.20307,94.95221,32.43,1337.9,4,Barren,0,Granite/Gneiss,0.3608,0
24.23705,89.77552,26.03,1059.6,0,Dense Forest,3,Colluvial,0.3058,0
23.64699,90.7308,25.03,347.3,4,Barren,1,Laterite,0.3952,0
26.94963,91.58337,49.9,1444.3,3,Urban,2,Alluvial,0.5503,1
24.34826,92.93247,32.72,843.0,3,Urban,4,Shale,0.5851,1
26.86444,92.4816,40.58,922.5,4,Barren,4,Shale,0.7003,1
24.44843,94.78117,27.32,640.3,1,Agriculture,1,Laterite,0.3275,0
25.85622,88.0472,24.69,1556.4,0,Dense Forest,0,Granite/Gneiss,0.1694,0
25.33971,89.23929,31.34,1008.7,0,Dense Forest,4,Shale,0.4911,0
24.14674,90.1915,42.33,772.3,0,Dense Forest,4,Shale,0.4992,0
28.42572,92.28647,45.08,1705.9,2,Degraded Forest,3,Colluvial,0.6568,1
26.76731,97.06912,30.34,1693.7,1,Agriculture,0,Granite/Gneiss,0.1996,0
23.4253,89.81347,18.87,338.4,1,Agriculture,3,Colluvial,0.2551,0
22.56523,92.23726,30.34,204.0,0,Dense Forest,1,Laterite,0.2444,0
21.78185,89.64714,11.8,141.3,4,Barren,4,Shale,0.5272,0
24.89007,89.68066,26.11,973.9,0,Dense Forest,2,Alluvial,0.2344,0
28.57523,88.78256,32.4,1722.7,1,Agriculture,3,Colluvial,0.4374,0
27.83697,91.4745,36.54,1562.2,1,Agriculture,1,Laterite,0.4097,0
24.89494,92.19357,31.52,753.4,0,Dense Forest,2,Alluvial,0.4159,0
26.07078,94.55152,29.77,1249.8,2,Degraded Forest,3,Colluvial,0.412,0
26.3788,96.19633,33.49,819.3,1,Agriculture,2,Alluvial,0.275,0
26.78255,94.46497,25.59,1179.1,1,Agriculture,3,Colluvial,0.46,0
29.33576,90.22283,39.93,1698.8,3,Urban,3,Colluvial,0.5468,0
23.67882,91.24946,40.23,370.0,0,Dense Forest,0,Granite/Gneiss,0.264,0
22.25117,94.06888,16.75,50.0,3,Urban,3,Colluvial,0.4359,0
27.84333,90.54056,41.69,1573.8,3,Urban,3,Colluvial,0.5873,1
26.1642,90.51801,26.07,1235.4,3,Urban,1,Laterite,0.3883,0
28.01356,92.2873,39.84,1652.9,1,Agriculture,1,Laterite,0.4156,0
27.6174,92.59858,35.78,1664.7,0,Dense Forest,0,Granite/Gneiss,0.1368,0
21.77954,91.21378,24.85,386.0,1,Agriculture,2,Alluvial,0.3413,0
26.11412,96.33856,40.73,730.3,0,Dense Forest,1,Laterite,0.2643,0
26.81603,91.91023,44.2,1422.3,0,Dense Forest,4,Shale,0.5064,0
24.24433,90.04967,25.93,754.0,0,Dense Forest,3,Colluvial,0.3518,0
27.74322,92.87871,54.73,1539.0,1,Agriculture,2,Alluvial,0.5366,0
25.14523,94.37718,35.1,895.4,0,Dense Forest,3,Colluvial,0.3455,0
25.66739,89.17574,19.19,927.6,4,Barren,3,Colluvial,0.5316,0
25.41323,97.14596,42.01,1086.1,2,Degraded Forest,2,Alluvial,0.482,0
25.61529,91.38879,30.39,829.9,0,Dense Forest,0,Granite/Gneiss,0.2502,0
26.32263,96.78696,42.19,1405.7,3,Urban,3,Colluvial,0.5381,0
26.2315,94.06741,24.32,1065.1,4,Barren,0,Granite/Gneiss,0.3256,0
27.40481,90.8055,36.57,1020.3,0,Dense Forest,3,Colluvial,0.4709,0
25.49375,92.28692,35.98,1021.1,0,Dense Forest,1,Laterite,0.3905,0
27.80214,91.93692,40.58,1282.5,1,Agriculture,3,Colluvial,0.4982,0
24.66118,90.48004,25.66,571.6,3,Urban,3,Colluvial,0.6115,1
22.54062,97.31345,3.0,470.9,0,Dense Forest,0,Granite/Gneiss,0.0,0
26.31675,92.30348,27.14,1370.7,3,Urban,1,Laterite,0.4335,0
29.14627,90.68132,35.86,1798.6,2,Degraded Forest,3,Colluvial,0.5154,0
23.74422,91.75871,8.52,202.4,2,Degraded Forest,3,Colluvial,0.3999,0
29.09775,92.93122,37.82,1915.8,1,Agriculture,3,Colluvial,0.412,0
28.78688,89.26849,57.2,1675.6,1,Agriculture,4,Shale,0.6334,1
21.74127,92.7281,25.17,429.9,0,Dense Forest,0,Granite/Gneiss,0.1254,0
25.36887,91.59098,22.83,1363.9,1,Agriculture,0,Granite/Gneiss,0.3275,0
26.97748,92.10777,30.83,1031.6,2,Degraded Forest,3,Colluvial,0.4681,0
26.49295,88.86567,29.03,1717.9,3,Urban,1,Laterite,0.4562,0
26.81133,90.50624,40.97,983.4,3,Urban,2,Alluvial,0.5377,0
24.9769,92.07716,31.28,774.6,0,Dense Forest,3,Colluvial,0.4159,0
24.41637,92.48755,20.24,961.4,0,Dense Forest,4,Shale,0.4494,0
23.05975,91.79542,16.08,306.6,3,Urban,0,Granite/Gneiss,0.2284,0
23.30232,93.70025,30.41,342.9,4,Barren,0,Granite/Gneiss,0.3735,0
25.87991,92.76891,43.62,744.2,0,Dense Forest,3,Colluvial,0.4332,0
25.83311,96.37355,24.08,807.8,2,Degraded Forest,0,Granite/Gneiss,0.2221,0
25.75754,91.6806,30.03,895.1,1,Agriculture,2,Alluvial,0.4716,0
27.9476,91.24993,40.21,1705.6,1,Agriculture,3,Colluvial,0.5414,0
25.53287,88.24624,28.61,1343.1,2,Degraded Forest,1,Laterite,0.3588,0
26.82688,94.9112,44.02,1146.8,3,Urban,1,Laterite,0.4507,0
26.13382,89.12566,31.16,1062.5,0,Dense Forest,1,Laterite,0.2312,0
23.14372,92.24821,36.43,271.1,2,Degraded Forest,1,Laterite,0.3206,0
21.60296,93.1989,24.99,50.0,2,Degraded Forest,3,Colluvial,0.371,0
26.15549,94.02678,26.97,842.4,1,Agriculture,1,Laterite,0.245,0
28.49236,88.40077,41.76,1418.2,2,Degraded Forest,1,Laterite,0.4021,0
22.827,93.19116,12.16,388.6,0,Dense Forest,2,Alluvial,0.1622,0
23.97637,93.38574,21.15,531.5,0,Dense Forest,4,Shale,0.401,0
23.17666,92.84531,28.25,401.8,2,Degraded Forest,4,Shale,0.512,0
25.30004,93.11914,31.22,1034.4,1,Agriculture,4,Shale,0.5808,1
22.64012,93.39578,36.18,338.0,0,Dense Forest,2,Alluvial,0.3271,0
25.63854,91.43393,20.74,798.3,1,Agriculture,1,Laterite,0.3542,0
24.73631,90.92801,26.87,1019.6,3,Urban,3,Colluvial,0.5322,0
22.13601,88.60549,13.34,50.0,1,Agriculture,1,Laterite,0.1846,0
29.27357,97.08409,41.62,1694.3,1,Agriculture,3,Colluvial,0.4991,0
28.84482,89.20197,42.88,2097.0,2,Degraded Forest,0,Granite/Gneiss,0.2927,0
26.269,90.8043,27.47,1241.1,0,Dense Forest,2,Alluvial,0.3384,0
26.48151,91.47164,41.34,861.2,1,Agriculture,1,Laterite,0.3434,0
25.9028,91.85416,45.52,774.0,0,Dense Forest,1,Laterite,0.3248,0
24.81757,94.4589,8.76,778.5,1,Agriculture,3,Colluvial,0.2923,0
25.91293,88.18889,42.69,995.6,2,Degraded Forest,3,Colluvial,0.4993,0
27.95238,93.42773,59.33,1693.6,0,Dense Forest,0,Granite/Gneiss,0.3127,0
22.06407,92.41124,18.63,453.1,0,Dense Forest,4,Shale,0.2859,0
23.03899,95.22439,15.89,343.1,0,Dense Forest,1,Laterite,0.2093,0
26.95281,91.37731,30.87,1305.8,2,Degraded Forest,4,Shale,0.509,0
26.36143,97.11267,30.77,987.3,0,Dense Forest,2,Alluvial,0.2842,0
27.30821,90.61147,40.22,1375.3,0,Dense Forest,3,Colluvial,0.4584,0
26.33963,95.29724,29.73,983.9,2,Degraded Forest,4,Shale,0.5587,1
22.57219,88.71407,18.38,346.1,0,Dense Forest,3,Colluvial,0.2318,0
26.30333,93.42766,25.37,1055.5,1,Agriculture,0,Granite/Gneiss,0.2175,0
28.58727,92.74228,37.92,1819.8,4,Barren,0,Granite/Gneiss,0.4596,0
22.76228,88.83684,16.44,593.9,3,Urban,1,Laterite,0.3115,0
24.40277,93.94958,25.6,1011.9,0,Dense Forest,2,Alluvial,0.3063,0
29.01358,97.44398,31.53,1797.8,2,Degraded Forest,3,Colluvial,0.4437,0
25.9825,97.06601,29.17,1230.0,2,Degraded Forest,3,Colluvial,0.4273,0
22.41827,92.0259,16.73,206.7,4,Barren,1,Laterite,0.3329,0
24.4521,93.80698,27.55,596.1,1,Agriculture,2,Alluvial,0.3286,0
25.51824,90.83524,41.26,730.6,2,Degraded Forest,3,Colluvial,0.5922,1
26.22477,90.68213,31.91,1234.8,3,Urban,2,Alluvial,0.4699,0
28.53409,97.26117,31.64,1272.6,0,Dense Forest,3,Colluvial,0.4133,0
27.20047,90.22706,37.43,1557.2,2,Degraded Forest,2,Alluvial,0.4126,0
27.99421,91.14795,33.68,1489.4,1,Agriculture,2,Alluvial,0.3911,0
27.48928,89.46056,31.58,1389.1,4,Barren,4,Shale,0.6104,1
26.08225,96.99431,29.82,1265.8,4,Barren,1,Laterite,0.4292,0
24.95588,95.17796,23.8,510.8,0,Dense Forest,3,Colluvial,0.2543,0
27.51022,90.65705,29.02,1407.9,0,Dense Forest,1,Laterite,0.2404,0
26.63851,92.21809,30.39,1571.9,0,Dense Forest,1,Laterite,0.3178,0
27.49661,95.37817,41.13,1392.5,0,Dense Forest,4,Shale,0.5399,0
26.77059,92.44503,35.09,1021.3,1,Agriculture,3,Colluvial,0.4588,0
26.53854,91.50194,25.95,1164.4,1,Agriculture,4,Shale,0.4515,0
25.81799,88.50929,24.31,1333.3,2,Degraded Forest,4,Shale,0.5411,0
23.472,97.15632,23.38,390.7,2,Degraded Forest,0,Granite/Gneiss,0.2288,0
26.52949,92.93337,25.96,923.7,0,Dense Forest,4,Shale,0.4214,0
28.1692,89.62574,32.84,1507.2,2,Degraded Forest,0,Granite/Gneiss,0.2797,0
27.21264,88.41046,31.85,1104.4,4,Barren,0,Granite/Gneiss,0.3783,0
25.52062,90.54102,22.3,553.4,1,Agriculture,3,Colluvial,0.4234,0
24.60171,91.07027,27.44,948.6,0,Dense Forest,1,Laterite,0.3203,0
25.74706,90.91897,28.47,1265.2,0,Dense Forest,4,Shale,0.4641,0
25.76905,95.14933,42.24,1144.3,0,Dense Forest,2,Alluvial,0.3387,0
23.90807,94.14225,14.74,820.5,3,Urban,1,Laterite,0.2973,0
26.08198,93.15827,41.39,1049.7,0,Dense Forest,0,Granite/Gneiss,0.2176,0
28.98048,97.14844,44.95,2053.5,3,Urban,2,Alluvial,0.5832,1
25.9519,91.16243,43.62,976.0,3,Urban,1,Laterite,0.5488,0
24.63589,93.27685,37.6,805.7,1,Agriculture,0,Granite/Gneiss,0.3061,0
29.4721,88.9843,41.48,1725.0,1,Agriculture,3,Colluvial,0.5863,1
22.24923,88.7523,6.54,50.0,2,Degraded Forest,4,Shale,0.3953,0
24.78465,94.40057,26.14,711.9,3,Urban,1,Laterite,0.4202,0
22.50627,92.33505,3.0,772.3,0,Dense Forest,1,Laterite,0.0913,0
22.23543,91.47074,23.04,572.1,4,Barren,0,Granite/Gneiss,0.2983,0
26.88111,90.76442,36.39,1465.8,2,Degraded Forest,1,Laterite,0.3453,0
24.36965,92.1539,20.97,660.0,1,Agriculture,1,Laterite,0.2982,0
26.74128,92.24859,31.06,1189.0,1,Agriculture,1,Laterite,0.3479,0
26.24504,91.34275,24.62,1510.3,1,Agriculture,3,Colluvial,0.4958,0
26.08779,94.1927,31.95,1136.7,1,Agriculture,0,Granite/Gneiss,0.2291,0
22.20118,93.7243,9.69,415.9,2,Degraded Forest,0,Granite/Gneiss,0.1733,0
24.68895,89.56561,26.66,706.8,0,Dense Forest,4,Shale,0.3669,0
26.75556,93.17045,37.53,1223.0,0,Dense Forest,3,Colluvial,0.4262,0
25.2891,97.49459,34.41,1108.7,0,Dense Forest,1,Laterite,0.2798,0
26.81878,90.10857,38.51,1149.6,1,Agriculture,3,Colluvial,0.4974,0
27.55669,95.18031,35.33,1532.4,1,Agriculture,2,Alluvial,0.4224,0
25.89837,92.27275,35.05,949.6,2,Degraded Forest,3,Colluvial,0.579,1
26.56758,90.60827,35.08,1342.2,0,Dense Forest,4,Shale,0.4942,0
26.70662,90.31163,35.54,1125.4,0,Dense Forest,1,Laterite,0.3366,0
25.69452,89.4264,22.52,1394.3,0,Dense Forest,3,Colluvial,0.3554,0
25.86991,88.82574,21.4,1070.4,0,Dense Forest,3,Colluvial,0.3258,0
24.62132,92.11983,28.77,957.2,0,Dense Forest,3,Colluvial,0.4882,0
25.53817,91.52486,34.03,1004.5,3,Urban,4,Shale,0.5744,1
26.36684,92.75787,28.28,1094.8,2,Degraded Forest,2,Alluvial,0.4545,0
22.76706,96.27197,29.15,499.9,4,Barren,3,Colluvial,0.5598,1
23.50926,88.60482,40.24,782.8,0,Dense Forest,4,Shale,0.4488,0
26.18886,91.29498,46.61,865.3,3,Urban,2,Alluvial,0.5893,1
22.95921,92.64793,18.34,454.5,2,Degraded Forest,0,Granite/Gneiss,0.1961,0
22.7466,95.75817,16.21,358.9,2,Degraded Forest,3,Colluvial,0.3565,0
26.67778,90.83176,40.71,1307.0,1,Agriculture,3,Colluvial,0.5009,0
25.9678,92.84999,37.19,1376.0,1,Agriculture,1,Laterite,0.4036,0
24.40488,91.00439,16.99,916.9,3,Urban,1,Laterite,0.3485,0
28.16673,97.27329,38.06,1831.3,2,Degraded Forest,4,Shale,0.5881,1
23.99743,91.33653,29.66,714.5,2,Degraded Forest,2,Alluvial,0.3702,0
25.93333,91.6982,24.45,1010.8,0,Dense Forest,2,Alluvial,0.3236,0
26.13409,92.07331,26.42,657.7,0,Dense Forest,4,Shale,0.4142,0
25.95797,88.50768,26.97,1386.1,4,Barren,2,Alluvial,0.5044,0
28.52958,88.30893,38.17,1181.6,1,Agriculture,3,Colluvial,0.4127,0
22.59342,90.87435,6.55,663.5,3,Urban,3,Colluvial,0.3227,0
26.10361,89.66031,37.81,1284.0,1,Agriculture,4,Shale,0.4884,0
29.02967,92.47195,37.36,2187.9,3,Urban,2,Alluvial,0.4806,0
28.55688,96.34738,43.08,1740.9,0,Dense Forest,4,Shale,0.5519,1
24.72787,90.9495,27.87,926.3,0,Dense Forest,2,Alluvial,0.416,0
27.34531,95.24904,28.83,1378.1,1,Agriculture,2,Alluvial,0.338,0
24.58447,94.47383,12.44,809.2,2,Degraded Forest,1,Laterite,0.1877,0
28.16334,90.18051,40.7,1454.3,1,Agriculture,2,Alluvial,0.4027,0
26.10643,93.25152,28.79,1113.0,2,Degraded Forest,2,Alluvial,0.4869,0
24.91634,91.16127,31.46,699.4,1,Agriculture,4,Shale,0.5619,1
27.24606,92.52732,43.05,1402.1,4,Barren,3,Colluvial,0.5907,1
27.20881,90.19078,20.1,1379.4,0,Dense Forest,3,Colluvial,0.4014,0
26.1449,91.38431,30.57,1141.1,0,Dense Forest,3,Colluvial,0.4183,0
23.93348,90.60726,32.46,629.5,4,Barren,1,Laterite,0.4394,0
26.56158,93.40233,45.48,1115.2,2,Degraded Forest,1,Laterite,0.4828,0
25.86297,91.44875,16.7,1193.6,2,Degraded Forest,1,Laterite,0.3659,0
26.3831,89.65381,42.53,1261.7,0,Dense Forest,0,Granite/Gneiss,0.3127,0
26.47173,93.68334,25.57,1273.9,4,Barren,1,Laterite,0.4318,0
26.26691,92.64362,38.52,984.2,3,Urban,3,Colluvial,0.5965,1
28.25607,90.04496,35.94,1754.8,3,Urban,2,Alluvial,0.4815,0
24.52538,88.57457,32.32,628.0,4,Barren,3,Colluvial,0.5684,1
27.27253,94.11127,33.75,1294.3,2,Degraded Forest,1,Laterite,0.3624,0
26.7338,91.24728,23.12,1296.0,1,Agriculture,1,Laterite,0.2626,0
29.06638,91.86242,38.72,2032.5,1,Agriculture,1,Laterite,0.2933,0
26.86616,91.2309,39.44,1065.8,3,Urban,3,Colluvial,0.6036,1
27.04148,94.41738,32.4,1149.1,3,Urban,1,Laterite,0.4153,0
23.62971,92.36253,14.4,186.6,2,Degraded Forest,1,Laterite,0.2366,0
26.20693,90.84358,22.48,1260.3,0,Dense Forest,1,Laterite,0.2954,0
26.26038,95.32719,26.38,1103.6,3,Urban,3,Colluvial,0.5001,0
27.06337,92.10535,29.32,1436.6,2,Degraded Forest,3,Colluvial,0.5057,0
23.43983,94.45438,26.87,604.1,0,Dense Forest,1,Laterite,0.2048,0
22.25293,93.46956,14.66,427.0,1,Agriculture,0,Granite/Gneiss,0.0589,0
27.09848,91.33342,33.6,1359.9,4,Barren,1,Laterite,0.5336,0
27.89453,93.01397,37.54,1396.9,1,Agriculture,2,Alluvial,0.4133,0
22.52419,90.11634,23.16,376.8,0,Dense Forest,4,Shale,0.3114,0
22.25457,94.29646,22.93,352.7,0,Dense Forest,1,Laterite,0.1559,0
28.07634,94.29144,35.45,1510.0,0,Dense Forest,1,Laterite,0.2999,0
28.04907,92.69107,37.45,1591.7,0,Dense Forest,1,Laterite,0.3517,0
24.63146,90.6078,31.88,535.6,3,Urban,3,Colluvial,0.5713,1
23.58683,93.85935,17.26,315.0,0,Dense Forest,4,Shale,0.368,0
22.05476,91.93574,12.7,50.0,3,Urban,0,Granite/Gneiss,0.2656,0
26.04852,91.76811,37.18,1181.1,0,Dense Forest,3,Colluvial,0.5387,0
24.66485,95.21194,22.28,960.1,4,Barren,2,Alluvial,0.4679,0
24.17975,91.38651,27.03,417.8,0,Dense Forest,3,Colluvial,0.4003,0
25.82731,89.50271,18.59,1105.9,2,Degraded Forest,2,Alluvial,0.3268,0
26.89372,95.20509,39.9,1403.0,0,Dense Forest,0,Granite/Gneiss,0.2323,0
23.09053,90.73596,19.36,378.0,1,Agriculture,3,Colluvial,0.3548,0
26.75047,94.62006,37.94,1601.7,0,Dense Forest,3,Colluvial,0.4047,0
26.90695,90.89946,44.23,1025.1,2,Degraded Forest,4,Shale,0.5626,1
23.44602,93.77923,19.63,462.3,1,Agriculture,2,Alluvial,0.2778,0
24.49674,95.3095,13.97,191.8,3,Urban,0,Granite/Gneiss,0.1425,0
26.22511,91.17787,29.82,1232.3,0,Dense Forest,1,Laterite,0.3599,0
24.94684,88.57624,37.64,729.2,0,Dense Forest,3,Colluvial,0.3921,0
23.9721,88.61672,25.63,261.1,0,Dense Forest,2,Alluvial,0.2933,0
26.83299,90.94329,26.48,1418.7,2,Degraded Forest,3,Colluvial,0.4446,0
25.70165,95.9113,29.21,1014.0,0,Dense Forest,0,Granite/Gneiss,0.1466,0
28.83538,94.38063,46.41,1689.1,0,Dense Forest,0,Granite/Gneiss,0.2993,0
28.62058,90.07563,40.7,1927.6,2,Degraded Forest,3,Colluvial,0.6023,1
22.58539,92.97652,17.85,188.0,0,Dense Forest,1,Laterite,0.1516,0
28.45434,96.6917,35.37,1793.5,2,Degraded Forest,1,Laterite,0.3527,0
28.01945,91.56466,34.38,1724.7,0,Dense Forest,3,Colluvial,0.4409,0
25.51815,93.1852,31.85,891.6,2,Degraded Forest,0,Granite/Gneiss,0.2883,0
26.12819,92.03837,36.3,1143.0,4,Barren,3,Colluvial,0.7145,1
24.51171,92.54792,24.91,1113.4,0,Dense Forest,0,Granite/Gneiss,0.2509,0
21.64114,95.91738,11.58,50.0,0,Dense Forest,3,Colluvial,0.2007,0
24.45204,91.58472,32.12,875.2,3,Urban,1,Laterite,0.4528,0
23.82152,92.31777,20.32,634.8,2,Degraded Forest,1,Laterite,0.2802,0
24.32925,95.59937,27.92,990.7,1,Agriculture,3,Colluvial,0.4124,0
25.34168,94.04334,33.67,957.6,2,Degraded Forest,2,Alluvial,0.4554,0
26.99424,90.61627,25.49,1473.4,0,Dense Forest,1,Laterite,0.174,0
29.18261,95.00284,44.93,1508.5,3,Urban,0,Granite/Gneiss,0.4329,0
25.62172,93.19799,8.88,598.6,2,Degraded Forest,4,Shale,0.4487,0
28.5642,88.81805,40.67,1479.6,2,Degraded Forest,2,Alluvial,0.4159,0
22.04166,89.59483,21.67,133.6,4,Barren,1,Laterite,0.3846,0
28.41848,97.37918,43.64,1585.8,2,Degraded Forest,0,Granite/Gneiss,0.4216,0
24.66434,93.57424,33.27,1030.4,1,Agriculture,4,Shale,0.5251,0
26.76841,90.9638,37.56,1206.8,4,Barren,0,Granite/Gneiss,0.5001,0
28.35278,94.77393,36.36,1646.6,0,Dense Forest,1,Laterite,0.3188,0
24.33754,93.24001,13.33,766.4,0,Dense Forest,2,Alluvial,0.2697,0
21.97912,91.36347,17.7,81.5,0,Dense Forest,3,Colluvial,0.2821,0
26.64367,93.00333,38.12,1253.7,4,Barren,1,Laterite,0.4991,0
28.46207,89.86151,27.05,1876.7,2,Degraded Forest,2,Alluvial,0.3795,0
26.17402,93.49842,35.76,1211.5,1,Agriculture,2,Alluvial,0.5339,0
29.14675,90.9538,44.38,1939.2,0,Dense Forest,1,Laterite,0.3434,0
25.61436,92.85045,27.51,1092.4,0,Dense Forest,4,Shale,0.4842,0
27.9368,90.93001,42.66,1877.7,0,Dense Forest,3,Colluvial,0.4967,0
23.77071,90.38612,21.31,400.4,4,Barren,1,Laterite,0.3117,0
23.40973,91.00649,19.45,1029.8,2,Degraded Forest,2,Alluvial,0.3795,0
26.41582,92.53307,23.26,1405.3,4,Barren,3,Colluvial,0.6353,1
26.79914,92.88811,38.11,1527.9,1,Agriculture,2,Alluvial,0.4789,0
28.21005,91.82335,29.71,1871.8,2,Degraded Forest,2,Alluvial,0.4466,0
24.63508,97.37636,21.28,1012.7,1,Agriculture,0,Granite/Gneiss,0.1352,0
22.05996,96.67728,20.75,50.0,3,Urban,0,Granite/Gneiss,0.276,0
25.58426,93.72806,28.98,792.4,4,Barren,1,Laterite,0.4093,0
26.69757,89.01642,48.16,1409.3,4,Barren,2,Alluvial,0.6667,1
23.3996,90.92892,26.87,642.9,2,Degraded Forest,4,Shale,0.5366,0
25.64066,94.62681,36.54,1208.8,0,Dense Forest,3,Colluvial,0.3928,0
27.24161,90.43423,43.36,1401.2,2,Degraded Forest,0,Granite/Gneiss,0.4039,0
26.40289,94.0858,31.46,939.7,0,Dense Forest,3,Colluvial,0.3689,0
26.79665,93.32683,30.61,1269.7,0,Dense Forest,3,Colluvial,0.3897,0
29.3918,96.02734,34.88,2023.9,0,Dense Forest,2,Alluvial,0.3825,0
25.43821,93.92971,18.14,935.5,1,Agriculture,1,Laterite,0.2458,0
28.65444,92.84479,51.01,1708.8,2,Degraded Forest,2,Alluvial,0.5162,0
28.3364,92.07273,35.66,1644.2,1,Agriculture,2,Alluvial,0.3707,0
22.15733,92.27215,24.62,143.5,1,Agriculture,1,Laterite,0.2638,0
26.29876,91.31894,21.22,1016.9,0,Dense Forest,1,Laterite,0.248,0
28.38683,89.62174,39.36,2071.2,2,Degraded Forest,2,Alluvial,0.5203,0
27.85683,96.94502,48.98,1842.0,2,Degraded Forest,2,Alluvial,0.4961,0
26.23175,90.37267,34.87,1378.7,0,Dense Forest,2,Alluvial,0.3345,0
22.86301,90.98543,22.45,489.7,3,Urban,3,Colluvial,0.4996,0
23.28512,89.41075,17.0,300.7,2,Degraded Forest,0,Granite/Gneiss,0.1402,0
26.90523,91.5432,28.05,1493.6,1,Agriculture,1,Laterite,0.2938,0
27.21947,94.75611,36.09,1609.9,2,Degraded Forest,3,Colluvial,0.5334,0
27.70821,95.18138,29.28,1428.0,1,Agriculture,3,Colluvial,0.4899,0
21.84659,90.11306,15.44,50.0,0,Dense Forest,4,Shale,0.328,0
26.50945,96.10116,41.64,1312.5,2,Degraded Forest,2,Alluvial,0.4218,0
25.57793,96.23766,20.16,1231.1,1,Agriculture,3,Colluvial,0.3289,0
29.07391,94.06195,48.54,1676.1,0,Dense Forest,3,Colluvial,0.4735,0
25.55839,89.17461,38.19,1118.9,2,Degraded Forest,1,Laterite,0.4225,0
28.19354,92.55653,38.02,1424.6,2,Degraded Forest,3,Colluvial,0.4751,0
25.24369,97.02508,29.31,715.0,0,Dense Forest,1,Laterite,0.1828,0
22.77511,97.22135,15.95,427.9,3,Urban,2,Alluvial,0.3511,0
28.9579,93.32245,40.49,1615.2,1,Agriculture,0,Granite/Gneiss,0.3217,0
25.54672,92.36912,36.72,1096.5,0,Dense Forest,3,Colluvial,0.4291,0
25.95437,95.11279,37.5,779.1,2,Degraded Forest,4,Shale,0.4596,0
23.15291,91.46053,24.35,300.5,2,Degraded Forest,0,Granite/Gneiss,0.2228,0
25.82237,93.13389,36.07,1278.4,0,Dense Forest,3,Colluvial,0.5579,1
26.27884,94.99265,34.52,1313.7,3,Urban,4,Shale,0.5883,1
27.54909,93.27833,27.87,1544.9,3,Urban,3,Colluvial,0.5658,1
26.9369,91.13924,43.9,1234.2,3,Urban,3,Colluvial,0.5684,1
25.55201,90.99296,23.05,1014.4,1,Agriculture,0,Granite/Gneiss,0.2748,0
26.88196,90.81771,34.38,1266.0,3,Urban,1,Laterite,0.4802,0
25.59385,92.87635,37.18,1487.9,3,Urban,1,Laterite,0.4971,0
25.1891,94.05711,17.62,993.3,4,Barren,4,Shale,0.5331,0
26.87711,89.85401,40.16,1156.5,4,Barren,3,Colluvial,0.6283,1
29.45892,94.63569,35.31,1874.6,1,Agriculture,4,Shale,0.5585,1
26.07827,95.51869,36.93,794.0,0,Dense Forest,2,Alluvial,0.4032,0
25.71431,95.75257,40.43,667.5,0,Dense Forest,3,Colluvial,0.3464,0
23.78499,92.02531,17.67,906.7,1,Agriculture,3,Colluvial,0.3857,0
26.28509,91.56422,26.0,1231.4,3,Urban,2,Alluvial,0.4592,0
26.33057,93.72742,33.72,1096.6,2,Degraded Forest,4,Shale,0.5689,1
25.43024,93.11954,22.55,979.0,3,Urban,1,Laterite,0.3687,0
24.53682,91.72103,8.97,762.5,1,Agriculture,0,Granite/Gneiss,0.1524,0
23.55128,93.94382,22.49,575.1,0,Dense Forest,1,Laterite,0.2501,0
26.02958,94.21671,34.67,1348.7,0,Dense Forest,0,Granite/Gneiss,0.223,0
25.10071,93.12281,25.87,1017.2,2,Degraded Forest,0,Granite/Gneiss,0.2563,0
26.80495,93.95621,35.8,1211.7,3,Urban,2,Alluvial,0.4831,0
23.9928,90.0268,32.74,311.1,3,Urban,1,Laterite,0.4197,0
23.43894,95.47617,19.41,335.8,1,Agriculture,3,Colluvial,0.3394,0
23.57062,90.56595,20.95,717.6,4,Barren,2,Alluvial,0.4736,0
25.56363,92.92315,30.08,1326.7,0,Dense Forest,1,Laterite,0.3858,0
28.10758,90.49605,37.27,1411.1,1,Agriculture,1,Laterite,0.3727,0
24.07181,91.5504,22.13,472.8,0,Dense Forest,2,Alluvial,0.3391,0
24.09262,96.40903,38.39,596.9,0,Dense Forest,2,Alluvial,0.3387,0
27.85533,93.04236,39.84,1886.8,4,Barren,0,Granite/Gneiss,0.4866,0
25.91365,90.83283,29.18,1122.6,3,Urban,3,Colluvial,0.5477,0
26.71045,91.78355,45.61,1119.9,0,Dense Forest,2,Alluvial,0.4442,0
26.83218,91.25192,43.68,1227.5,0,Dense Forest,1,Laterite,0.4006,0
24.20025,89.25767,30.12,601.9,0,Dense Forest,1,Laterite,0.2399,0
26.87764,92.43905,30.29,1450.8,0,Dense Forest,2,Alluvial,0.3193,0
23.77422,96.63565,45.39,1002.4,2,Degraded Forest,3,Colluvial,0.5883,1
22.84504,91.36454,7.52,428.8,2,Degraded Forest,2,Alluvial,0.2339,0
26.79021,92.68168,20.59,1509.0,1,Agriculture,3,Colluvial,0.4937,0
27.51449,90.01395,40.62,1184.0,0,Dense Forest,2,Alluvial,0.3719,0
23.79491,92.30193,20.75,1084.6,0,Dense Forest,3,Colluvial,0.2782,0
26.86234,92.03456,15.29,1038.7,1,Agriculture,4,Shale,0.4426,0
26.00829,91.69371,30.78,1356.7,3,Urban,0,Granite/Gneiss,0.4696,0
25.28963,96.62686,29.84,1020.4,4,Barren,0,Granite/Gneiss,0.4143,0
26.78703,92.16184,33.48,1038.0,0,Dense Forest,0,Granite/Gneiss,0.221,0
21.51012,92.78895,17.46,269.2,1,Agriculture,0,Granite/Gneiss,0.1369,0
26.65916,92.17107,30.59,1255.0,0,Dense Forest,2,Alluvial,0.3883,0
28.44214,96.6865,39.92,1479.6,0,Dense Forest,3,Colluvial,0.3454,0
22.3677,91.54198,28.72,297.4,0,Dense Forest,4,Shale,0.368,0
21.61275,89.15919,23.09,50.0,4,Barren,2,Alluvial,0.3988,0
24.7823,90.954,25.64,742.0,3,Urban,3,Colluvial,0.5857,1
21.63299,91.95803,19.88,50.0,0,Dense Forest,3,Colluvial,0.2382,0
24.31981,94.19718,32.56,698.0,1,Agriculture,1,Laterite,0.2693,0
25.05289,96.17617,20.82,553.2,1,Agriculture,3,Colluvial,0.3276,0
28.4422,95.00914,43.68,1303.8,0,Dense Forest,2,Alluvial,0.3409,0
24.47412,94.02803,27.4,599.4,2,Degraded Forest,3,Colluvial,0.491,0
22.5326,95.36465,24.13,324.7,2,Degraded Forest,1,Laterite,0.2604,0
26.99316,91.71014,28.05,1141.3,1,Agriculture,1,Laterite,0.3223,0
24.72045,88.78313,26.8,916.9,3,Urban,3,Colluvial,0.4768,0
26.40569,94.05366,27.36,1344.2,2,Degraded Forest,0,Granite/Gneiss,0.2807,0
26.14922,96.01938,35.09,977.2,0,Dense Forest,3,Colluvial,0.375,0
23.29711,92.31094,15.14,782.4,1,Agriculture,0,Granite/Gneiss,0.0737,0
28.88117,96.01373,38.32,1700.2,0,Dense Forest,1,Laterite,0.2505,0
26.47296,92.83107,34.63,1585.2,2,Degraded Forest,1,Laterite,0.3619,0
27.93706,97.21124,31.62,1496.4,2,Degraded Forest,0,Granite/Gneiss,0.3379,0
25.48982,95.83243,17.04,773.4,3,Urban,1,Laterite,0.3611,0
25.87101,88.04903,39.7,1329.1,3,Urban,4,Shale,0.6129,1
24.56692,90.94255,21.35,581.8,3,Urban,0,Granite/Gneiss,0.3453,0
27.49074,91.28276,26.27,1675.5,1,Agriculture,0,Granite/Gneiss,0.2039,0
25.13838,94.58031,19.77,942.8,2,Degraded Forest,3,Colluvial,0.4267,0
23.22473,92.09057,20.67,376.9,3,Urban,1,Laterite,0.3102,0
22.89206,94.31098,32.84,259.5,0,Dense Forest,1,Laterite,0.2014,0
25.76888,95.06674,29.89,1043.2,1,Agriculture,2,Alluvial,0.3744,0
27.36332,91.64991,41.65,1555.2,0,Dense Forest,1,Laterite,0.3343,0
24.57898,92.99741,23.47,784.8,1,Agriculture,1,Laterite,0.2619,0
25.95947,92.76039,33.21,1399.3,3,Urban,3,Colluvial,0.6658,1
23.17196,91.16531,19.62,241.0,0,Dense Forest,0,Granite/Gneiss,0.1742,0
25.89487,93.89095,36.04,1069.5,2,Degraded Forest,4,Shale,0.5821,1
22.17321,92.30885,8.46,471.6,1,Agriculture,0,Granite/Gneiss,0.117,0
26.68394,95.34548,35.04,1025.6,4,Barren,3,Colluvial,0.6778,1
23.12759,91.84543,22.33,674.3,2,Degraded Forest,3,Colluvial,0.4402,0
26.41186,92.47206,36.59,1209.1,4,Barren,1,Laterite,0.4643,0
26.28386,91.42881,22.17,1198.4,0,Dense Forest,0,Granite/Gneiss,0.1984,0
24.50439,88.16123,22.46,708.1,4,Barren,4,Shale,0.5604,1
26.39847,91.0668,38.18,960.4,1,Agriculture,3,Colluvial,0.4786,0
21.68889,93.1393,17.51,126.7,2,Degraded Forest,1,Laterite,0.2566,0
29.05818,93.27825,57.21,1689.4,0,Dense Forest,0,Granite/Gneiss,0.3114,0
27.40056,91.02673,32.89,1732.5,3,Urban,4,Shale,0.6519,1
26.21071,92.24995,16.77,1262.0,4,Barren,2,Alluvial,0.4721,0
28.07266,93.57585,35.92,1585.7,3,Urban,1,Laterite,0.3885,0
23.77364,91.91696,3.0,875.1,2,Degraded Forest,4,Shale,0.4595,0
28.09964,94.08569,45.37,1573.7,1,Agriculture,1,Laterite,0.3687,0
25.05969,92.31578,28.32,1041.5,1,Agriculture,2,Alluvial,0.4573,0
26.85144,88.23721,38.25,1536.9,1,Agriculture,3,Colluvial,0.4306,0
23.20436,91.5502,25.85,429.0,1,Agriculture,3,Colluvial,0.37,0
27.12788,90.98462,44.42,1453.3,3,Urban,0,Granite/Gneiss,0.4503,0
26.82914,97.2795,14.26,1211.7,3,Urban,4,Shale,0.4655,0
28.65828,90.91973,25.51,1939.8,4,Barren,4,Shale,0.6469,1
28.51078,91.04701,35.25,1672.0,1,Agriculture,1,Laterite,0.3794,0
25.11134,95.0214,26.11,1186.7,1,Agriculture,2,Alluvial,0.3513,0
28.50228,94.19814,42.86,1715.3,2,Degraded Forest,4,Shale,0.5872,1
24.03009,92.26026,25.49,1178.4,2,Degraded Forest,2,Alluvial,0.3938,0
25.689,93.92824,32.11,901.1,0,Dense Forest,2,Alluvial,0.298,0
21.98411,94.12164,4.31,380.9,3,Urban,3,Colluvial,0.3203,0
27.73338,90.69754,32.02,1493.9,0,Dense Forest,3,Colluvial,0.4208,0
21.98482,88.36593,14.24,164.1,1,Agriculture,3,Colluvial,0.2611,0
25.52147,93.98747,28.87,625.2,3,Urban,3,Colluvial,0.5029,0
26.99345,91.85703,31.6,1350.6,4,Barren,1,Laterite,0.4824,0
23.7132,94.01266,25.33,403.1,3,Urban,3,Colluvial,0.4553,0
29.41818,92.17731,35.56,1819.7,0,Dense Forest,0,Granite/Gneiss,0.1978,0
29.48892,90.8874,41.1,1710.5,1,Agriculture,2,Alluvial,0.4723,0
29.24484,95.76602,48.07,1682.4,0,Dense Forest,1,Laterite,0.3219,0
22.92649,88.11143,21.99,206.4,4,Barren,2,Alluvial,0.4339,0
26.38755,90.91677,30.34,987.2,0,Dense Forest,1,Laterite,0.2597,0
29.06088,90.68842,40.55,1483.0,4,Barren,2,Alluvial,0.5411,0
25.27385,90.76367,25.34,1024.4,4,Barren,3,Colluvial,0.561,1
23.48011,93.72595,19.75,549.1,3,Urban,2,Alluvial,0.3843,0
26.63807,93.49092,30.24,1397.6,0,Dense Forest,1,Laterite,0.2129,0
28.04796,91.62817,36.64,1494.9,0,Dense Forest,1,Laterite,0.296,0
29.21522,91.65922,46.3,1704.0,3,Urban,4,Shale,0.664,1
25.50098,93.10356,32.2,982.6,3,Urban,3,Colluvial,0.5388,0
23.3945,93.53268,11.6,666.6,4,Barren,0,Granite/Gneiss,0.2261,0
26.436,92.76314,47.84,1270.6,0,Dense Forest,4,Shale,0.4663,0
25.66648,92.94779,26.28,1040.0,2,Degraded Forest,0,Granite/Gneiss,0.3411,0
25.90427,95.68701,35.27,1223.8,1,Agriculture,3,Colluvial,0.4404,0
25.62766,94.46345,21.91,1029.7,1,Agriculture,2,Alluvial,0.3244,0
26.63816,92.43282,45.97,1137.8,2,Degraded Forest,0,Granite/Gneiss,0.4104,0
25.81606,94.83481,35.49,1252.6,1,Agriculture,1,Laterite,0.3888,0
25.73174,92.35643,33.93,802.5,0,Dense Forest,3,Colluvial,0.4134,0
26.75774,96.1849,33.29,998.9,0,Dense Forest,1,Laterite,0.2237,0
28.51784,93.29901,26.6,1674.0,1,Agriculture,2,Alluvial,0.3711,0
23.51277,96.70266,35.85,570.0,1,Agriculture,3,Colluvial,0.4512,0
29.29599,90.89481,51.06,1900.7,1,Agriculture,0,Granite/Gneiss,0.359,0
22.12196,89.80653,14.76,174.4,0,Dense Forest,3,Colluvial,0.1704,0
26.18152,94.31872,36.38,1424.0,4,Barren,0,Granite/Gneiss,0.3391,0
27.63215,91.38498,27.51,1180.0,3,Urban,1,Laterite,0.3784,0
23.96215,88.05642,8.98,681.0,3,Urban,3,Colluvial,0.4341,0
23.66476,89.88484,23.25,738.8,0,Dense Forest,4,Shale,0.445,0
26.94415,94.62964,29.04,1601.8,0,Dense Forest,3,Colluvial,0.3069,0
24.31382,91.66677,21.69,1000.0,3,Urban,1,Laterite,0.4196,0
24.28216,91.97761,25.01,506.7,0,Dense Forest,4,Shale,0.4533,0
27.98224,94.34807,29.81,1630.9,1,Agriculture,2,Alluvial,0.3438,0
22.34844,93.68994,17.54,248.1,0,Dense Forest,1,Laterite,0.1491,0
27.05517,96.24356,27.0,1346.1,1,Agriculture,4,Shale,0.4561,0
28.02798,95.28844,47.58,1795.6,3,Urban,0,Granite/Gneiss,0.3896,0
27.80883,92.66238,37.86,1899.5,3,Urban,2,Alluvial,0.493,0
26.27805,89.84307,37.14,1227.2,4,Barren,4,Shale,0.7699,1
27.29555,91.81159,22.55,1006.9,4,Barren,0,Granite/Gneiss,0.3568,0
27.85648,97.04114,43.55,1196.5,2,Degraded Forest,2,Alluvial,0.4211,0
22.01649,92.3028,28.91,206.9,1,Agriculture,0,Granite/Gneiss,0.1422,0
29.05906,91.50147,44.29,2000.3,0,Dense Forest,4,Shale,0.5879,1
23.38293,96.13047,26.24,366.6,2,Degraded Forest,2,Alluvial,0.3341,0
29.01274,89.5718,41.27,1752.1,0,Dense Forest,1,Laterite,0.2994,0
23.86386,88.36504,26.87,955.4,3,Urban,1,Laterite,0.3982,0
25.55919,95.78691,43.03,934.0,1,Agriculture,2,Alluvial,0.3959,0
29.12788,93.07588,61.57,2166.8,2,Degraded Forest,3,Colluvial,0.6351,1
22.01756,91.6264,19.48,130.4,2,Degraded Forest,2,Alluvial,0.3206,0
22.64688,91.6186,11.14,538.9,1,Agriculture,1,Laterite,0.145,0
22.5105,91.64374,23.78,342.7,3,Urban,3,Colluvial,0.4361,0
27.44758,89.64299,27.4,1593.5,3,Urban,0,Granite/Gneiss,0.3933,0
26.30805,91.08678,28.03,1583.5,2,Degraded Forest,3,Colluvial,0.4883,0
25.61547,96.87675,26.35,1109.9,3,Urban,1,Laterite,0.357,0
23.61411,95.0871,39.26,827.9,1,Agriculture,3,Colluvial,0.5346,0
21.68058,94.04966,27.11,50.0,4,Barren,1,Laterite,0.2445,0
26.31997,92.31652,42.85,998.2,1,Agriculture,3,Colluvial,0.6018,1
28.88783,95.31877,49.27,1435.8,3,Urban,4,Shale,0.7028,1
26.47398,88.88992,26.39,1008.0,3,Urban,3,Colluvial,0.5142,0
28.02826,97.13698,41.37,1872.3,0,Dense Forest,3,Colluvial,0.4619,0
25.50797,94.5144,44.73,1068.1,4,Barren,3,Colluvial,0.63,1
28.50882,96.15824,44.86,1623.5,4,Barren,2,Alluvial,0.5505,1
27.76804,90.31984,46.75,1551.1,2,Degraded Forest,1,Laterite,0.4372,0
23.89494,88.32427,11.1,774.9,3,Urban,3,Colluvial,0.4008,0
25.44959,93.41754,35.59,1144.4,4,Barren,3,Colluvial,0.6463,1
21.75776,93.71384,7.53,201.7,0,Dense Forest,1,Laterite,0.0786,0
24.16981,91.16177,23.24,977.3,4,Barren,1,Laterite,0.4794,0
26.47276,90.8764,45.02,1024.7,2,Degraded Forest,2,Alluvial,0.5463,0
22.14471,94.4387,20.19,174.9,3,Urban,1,Laterite,0.2461,0
26.41027,88.77441,39.93,1438.9,1,Agriculture,4,Shale,0.473,0
28.8951,92.47978,41.25,1955.2,1,Agriculture,3,Colluvial,0.4651,0
28.62187,89.35297,26.3,1776.6,3,Urban,1,Laterite,0.336,0
25.87258,89.29875,23.91,975.2,1,Agriculture,0,Granite/Gneiss,0.2501,0
28.41994,94.36001,46.39,1814.5,1,Agriculture,0,Granite/Gneiss,0.3042,0
28.68096,91.91854,44.61,1533.9,2,Degraded Forest,1,Laterite,0.445,0
25.47544,92.35106,43.21,1230.9,1,Agriculture,0,Granite/Gneiss,0.3771,0
25.91425,90.85408,32.57,1397.6,1,Agriculture,4,Shale,0.6012,1
26.89227,92.36432,28.08,1198.0,0,Dense Forest,2,Alluvial,0.2989,0
24.03735,94.01626,24.31,1188.6,1,Agriculture,1,Laterite,0.2083,0
26.58411,88.98872,42.05,1044.5,0,Dense Forest,1,Laterite,0.2735,0
25.09883,89.00539,14.44,871.9,1,Agriculture,3,Colluvial,0.2291,0
26.83261,94.11821,37.76,1257.1,2,Degraded Forest,3,Colluvial,0.4516,0
22.35637,88.44795,8.13,271.9,2,Degraded Forest,1,Laterite,0.2097,0
28.44408,92.37429,42.34,1947.4,0,Dense Forest,1,Laterite,0.3348,0
27.55163,92.28291,43.51,1549.2,0,Dense Forest,4,Shale,0.4907,0
26.18749,90.13293,36.99,988.4,2,Degraded Forest,1,Laterite,0.3964,0
25.29267,92.43236,39.95,975.2,1,Agriculture,3,Colluvial,0.48,0
26.83878,89.15171,37.03,1433.9,1,Agriculture,2,Alluvial,0.4276,0
25.59546,90.88375,34.47,1125.6,0,Dense Forest,3,Colluvial,0.4564,0
24.33785,91.65992,30.03,983.0,1,Agriculture,2,Alluvial,0.4278,0
22.73644,89.88718,11.88,396.1,3,Urban,4,Shale,0.4772,0
27.12816,93.18978,35.09,1526.3,2,Degraded Forest,3,Colluvial,0.5224,0
24.01961,92.2159,4.78,638.4,0,Dense Forest,1,Laterite,0.0948,0
25.02721,97.08682,31.24,764.3,1,Agriculture,2,Alluvial,0.3537,0
29.09111,88.85761,21.45,1579.7,4,Barren,0,Granite/Gneiss,0.363,0
27.85527,95.85941,45.63,1843.2,1,Agriculture,4,Shale,0.5501,1
22.0889,90.94504,30.43,50.0,0,Dense Forest,0,Granite/Gneiss,0.1524,0
27.76955,90.34088,42.5,1561.5,4,Barren,0,Granite/Gneiss,0.3965,0
25.50221,90.35575,35.23,1082.4,1,Agriculture,2,Alluvial,0.4578,0
25.88931,96.94195,41.1,891.5,2,Degraded Forest,3,Colluvial,0.5216,0
28.98484,93.74686,39.59,1964.3,0,Dense Forest,1,Laterite,0.3727,0
27.8541,97.33721,28.65,1259.6,0,Dense Forest,2,Alluvial,0.373,0
26.99644,91.24361,34.92,1220.8,2,Degraded Forest,4,Shale,0.564,1
26.22612,89.26436,26.62,1356.3,0,Dense Forest,3,Colluvial,0.3868,0
26.15037,88.04631,33.05,886.2,0,Dense Forest,2,Alluvial,0.3221,0
21.70225,90.92951,17.8,308.9,4,Barren,0,Granite/Gneiss,0.273,0
29.0254,88.62858,39.39,2016.4,0,Dense Forest,1,Laterite,0.2428,0
25.1929,89.08243,23.14,1145.5,2,Degraded Forest,2,Alluvial,0.3368,0
23.63792,96.42336,5.78,655.9,1,Agriculture,2,Alluvial,0.1884,0
29.1249,89.42713,42.24,1647.9,4,Barren,2,Alluvial,0.589,1
21.98798,92.25321,13.34,50.0,4,Barren,2,Alluvial,0.4331,0
27.32743,93.17183,33.93,1310.5,1,Agriculture,1,Laterite,0.3155,0
25.80042,97.48797,36.98,454.5,2,Degraded Forest,3,Colluvial,0.5152,0
28.9004,92.04309,58.47,1769.7,3,Urban,1,Laterite,0.6103,1
23.95691,92.135,21.36,629.8,0,Dense Forest,4,Shale,0.3786,0
22.29309,90.31089,21.06,293.6,2,Degraded Forest,1,Laterite,0.2069,0
26.32329,95.0107,35.12,1137.2,4,Barren,2,Alluvial,0.5301,0
27.06422,91.26839,44.94,1387.3,0,Dense Forest,1,Laterite,0.2872,0
24.3875,94.05558,18.53,765.5,3,Urban,3,Colluvial,0.5297,0
25.68823,90.89682,23.18,750.3,0,Dense Forest,2,Alluvial,0.3767,0
28.36761,94.17185,34.16,1701.2,2,Degraded Forest,1,Laterite,0.4331,0
27.69267,89.9513,20.08,1489.1,1,Agriculture,2,Alluvial,0.2439,0
29.326,88.33855,43.98,1515.7,1,Agriculture,2,Alluvial,0.418,0
26.22704,94.14012,24.31,1342.6,1,Agriculture,4,Shale,0.4687,0
23.57885,92.71156,24.81,508.1,0,Dense Forest,0,Granite/Gneiss,0.1598,0
26.89384,88.09813,16.09,1440.7,2,Degraded Forest,3,Colluvial,0.3877,0
27.61462,91.96825,37.47,1466.9,0,Dense Forest,3,Colluvial,0.3133,0
27.84521,90.9549,36.75,1171.6,1,Agriculture,1,Laterite,0.3436,0
26.75877,91.40513,30.36,1333.3,0,Dense Forest,4,Shale,0.5367,0
22.81523,88.90036,27.92,495.2,0,Dense Forest,1,Laterite,0.285,0
25.889,94.05679,25.02,1321.6,2,Degraded Forest,1,Laterite,0.3277,0
27.9833,92.35823,41.74,1742.5,0,Dense Forest,1,Laterite,0.322,0
26.26587,91.56606,27.82,1412.0,3,Urban,3,Colluvial,0.5317,0
25.25353,97.24941,42.35,1091.8,1,Agriculture,4,Shale,0.5381,0
25.73924,95.32372,29.8,955.5,3,Urban,2,Alluvial,0.4279,0
25.38723,90.8308,34.98,881.0,0,Dense Forest,4,Shale,0.5021,0
25.81131,95.90351,36.04,1267.8,2,Degraded Forest,4,Shale,0.5001,0
27.60075,91.48607,47.04,1395.0,1,Agriculture,2,Alluvial,0.5126,0
22.73626,88.19021,20.8,484.1,0,Dense Forest,2,Alluvial,0.2205,0
24.47729,91.75293,15.63,1111.8,3,Urban,1,Laterite,0.3646,0
25.60674,90.6837,33.94,900.4,3,Urban,3,Colluvial,0.606,1
23.07924,90.68064,23.14,601.0,0,Dense Forest,0,Granite/Gneiss,0.1042,0
24.97516,92.0523,3.74,721.3,4,Barren,3,Colluvial,0.4221,0
26.64156,90.85409,20.91,1374.1,3,Urban,4,Shale,0.6219,1
22.19651,94.90852,23.26,579.5,1,Agriculture,3,Colluvial,0.3597,0
26.94603,93.45359,46.79,1593.1,0,Dense Forest,3,Colluvial,0.5054,0
25.43964,94.47271,29.11,909.4,1,Agriculture,3,Colluvial,0.4213,0
25.94295,90.45118,38.13,1414.4,0,Dense Forest,3,Colluvial,0.505,0
23.76346,90.70046,24.36,564.3,0,Dense Forest,2,Alluvial,0.3028,0
24.81785,95.43254,27.73,1304.2,1,Agriculture,2,Alluvial,0.257,0
26.99673,88.41784,34.47,1343.2,0,Dense Forest,0,Granite/Gneiss,0.223,0
22.95191,92.08743,21.09,559.2,1,Agriculture,2,Alluvial,0.2544,0
21.55084,92.12203,18.3,237.9,0,Dense Forest,2,Alluvial,0.1732,0
25.88936,93.1567,28.25,868.8,0,Dense Forest,2,Alluvial,0.2627,0
28.26424,90.86085,50.34,1897.2,0,Dense Forest,3,Colluvial,0.5636,1
27.74986,91.13011,30.44,1550.1,2,Degraded Forest,1,Laterite,0.3516,0
26.9402,91.83381,49.01,1212.9,1,Agriculture,3,Colluvial,0.5196,0
25.96468,92.54432,30.02,954.3,3,Urban,3,Colluvial,0.5417,0
28.43261,90.87482,40.58,1539.3,4,Barren,4,Shale,0.7856,1
26.85917,93.48689,30.08,1290.4,0,Dense Forest,1,Laterite,0.2958,0
25.10307,93.92029,31.79,697.3,0,Dense Forest,1,Laterite,0.163,0
25.19839,94.31251,25.86,768.9,2,Degraded Forest,3,Colluvial,0.5004,0
22.6136,93.66084,15.37,50.0,0,Dense Forest,2,Alluvial,0.152,0
29.08153,96.09754,48.33,1644.0,0,Dense Forest,3,Colluvial,0.4978,0
28.14507,94.01319,49.21,1868.0,0,Dense Forest,4,Shale,0.5287,0
27.94995,88.91271,30.85,1791.5,1,Agriculture,1,Laterite,0.2438,0
29.04906,90.94979,49.91,1852.6,1,Agriculture,2,Alluvial,0.4535,0
28.38092,91.52877,50.79,2069.5,4,Barren,1,Laterite,0.5839,1
25.1382,91.93552,14.52,1161.6,1,Agriculture,4,Shale,0.5038,0
25.52204,92.06785,23.31,1091.9,2,Degraded Forest,0,Granite/Gneiss,0.3187,0
28.15183,91.67956,49.74,1705.4,1,Agriculture,0,Granite/Gneiss,0.347,0
26.77045,91.85863,37.75,1303.6,0,Dense Forest,1,Laterite,0.3203,0
25.0713,90.52894,42.07,651.7,0,Dense Forest,3,Colluvial,0.5117,0
25.12597,96.21492,27.18,862.5,3,Urban,3,Colluvial,0.5407,0
29.42735,94.3215,40.52,1364.7,0,Dense Forest,1,Laterite,0.2975,0
23.99934,91.89128,35.26,443.5,0,Dense Forest,1,Laterite,0.2291,0
25.02205,90.52353,21.52,1170.1,0,Dense Forest,1,Laterite,0.2881,0
25.86999,96.06027,29.43,1098.7,0,Dense Forest,3,Colluvial,0.3852,0
28.30344,93.63058,44.99,1417.6,0,Dense Forest,1,Laterite,0.3579,0
26.35762,90.05073,38.48,1298.4,2,Degraded Forest,2,Alluvial,0.4379,0
28.31368,89.79041,34.17,1754.0,0,Dense Forest,3,Colluvial,0.4361,0
26.06598,94.18881,34.21,1435.8,1,Agriculture,4,Shale,0.5338,0
26.83521,93.20365,32.68,1656.1,3,Urban,1,Laterite,0.4582,0
24.6807,92.52458,13.47,971.9,3,Urban,2,Alluvial,0.3984,0
27.82045,92.35109,35.01,1219.2,1,Agriculture,1,Laterite,0.2432,0
21.83899,91.33411,3.2,632.3,2,Degraded Forest,2,Alluvial,0.1915,0
26.34509,89.16951,27.89,1460.8,0,Dense Forest,3,Colluvial,0.4086,0
28.17912,91.85679,30.43,1772.6,3,Urban,2,Alluvial,0.5426,0
25.74455,94.69947,37.11,1051.7,1,Agriculture,3,Colluvial,0.4852,0
23.64251,92.61759,25.44,272.1,2,Degraded Forest,2,Alluvial,0.3178,0
25.07719,91.19352,40.72,792.9,2,Degraded Forest,1,Laterite,0.4688,0
22.36332,92.24901,10.86,284.1,1,Agriculture,3,Colluvial,0.2982,0
26.65668,89.26257,35.32,1180.1,1,Agriculture,2,Alluvial,0.3881,0
25.64238,88.80725,21.71,1250.7,1,Agriculture,2,Alluvial,0.3286,0
24.13231,93.32379,19.82,677.0,1,Agriculture,4,Shale,0.3902,0
26.60683,91.51775,30.95,1093.7,3,Urban,3,Colluvial,0.4973,0
26.22134,89.62799,48.49,1262.4,1,Agriculture,4,Shale,0.555,1
26.70594,91.73608,37.43,1105.5,0,Dense Forest,2,Alluvial,0.3229,0
22.3392,95.39336,17.12,50.0,2,Degraded Forest,1,Laterite,0.2388,0
22.13384,90.02808,26.01,344.5,4,Barren,4,Shale,0.5863,1
25.93857,96.02447,37.03,1084.2,0,Dense Forest,1,Laterite,0.2159,0
29.09787,90.15062,43.04,1840.9,3,Urban,4,Shale,0.6605,1
26.67564,88.39375,39.81,1539.8,1,Agriculture,4,Shale,0.6136,1
26.44842,92.08081,31.11,1263.6,2,Degraded Forest,3,Colluvial,0.5268,0
26.94907,91.68983,59.32,1439.9,3,Urban,0,Granite/Gneiss,0.4912,0
27.62151,93.32208,47.72,1480.8,3,Urban,4,Shale,0.7135,1
24.49175,95.7112,22.97,935.1,3,Urban,3,Colluvial,0.5652,1
25.60253,90.44979,36.46,596.6,0,Dense Forest,3,Colluvial,0.4487,0
25.65377,91.04774,34.97,879.7,0,Dense Forest,3,Colluvial,0.4385,0
26.86591,92.76147,37.39,1230.1,1,Agriculture,2,Alluvial,0.4163,0
26.7045,93.08096,38.64,1175.1,3,Urban,1,Laterite,0.5099,0
23.57924,90.80691,16.3,409.5,3,Urban,2,Alluvial,0.3703,0
26.92833,93.12776,31.88,1305.0,0,Dense Forest,0,Granite/Gneiss,0.2063,0
26.51672,93.16338,47.08,1201.6,0,Dense Forest,3,Colluvial,0.5348,0
23.91137,91.44217,25.67,626.1,3,Urban,2,Alluvial,0.4516,0
24.74593,92.45699,21.57,870.4,1,Agriculture,2,Alluvial,0.4401,0
25.67581,95.79215,29.54,1139.1,2,Degraded Forest,1,Laterite,0.2796,0
26.35891,95.02685,28.95,1038.1,3,Urban,0,Granite/Gneiss,0.337,0
21.81204,91.7387,23.35,65.7,0,Dense Forest,3,Colluvial,0.3705,0
28.78034,93.28592,37.81,1922.6,0,Dense Forest,3,Colluvial,0.5261,0
24.46195,91.90606,26.46,578.0,3,Urban,2,Alluvial,0.4651,0
27.54008,93.63035,32.35,1297.4,0,Dense Forest,3,Colluvial,0.3713,0
26.6491,96.86832,51.97,1104.0,0,Dense Forest,2,Alluvial,0.4869,0
25.99735,96.40332,36.9,1071.9,0,Dense Forest,3,Colluvial,0.3806,0
26.14852,94.14329,37.15,1345.5,1,Agriculture,1,Laterite,0.3247,0
23.60394,91.31968,28.47,678.2,0,Dense Forest,1,Laterite,0.216,0
25.32882,96.46997,26.2,786.9,2,Degraded Forest,1,Laterite,0.2702,0
27.94341,92.91126,51.33,1912.4,4,Barren,0,Granite/Gneiss,0.4677,0
26.00342,91.26048,31.35,974.1,0,Dense Forest,4,Shale,0.492,0
25.63709,92.11807,44.7,706.6,3,Urban,4,Shale,0.6591,1
27.57845,97.02108,35.2,1832.5,0,Dense Forest,3,Colluvial,0.3872,0
29.14308,97.04993,49.39,1652.3,0,Dense Forest,2,Alluvial,0.4776,0
24.80284,91.78324,28.72,821.0,1,Agriculture,1,Laterite,0.3929,0
25.85131,92.29021,33.46,1052.2,4,Barren,3,Colluvial,0.6323,1
25.80938,90.54621,17.8,1186.0,4,Barren,2,Alluvial,0.5121,0
22.7662,88.31534,11.88,50.0,0,Dense Forest,4,Shale,0.2917,0
22.22726,90.8568,29.81,203.5,0,Dense Forest,1,Laterite,0.1744,0
22.88188,97.44162,9.87,337.6,4,Barren,1,Laterite,0.2151,0
22.90194,93.80861,27.39,698.2,0,Dense Forest,4,Shale,0.362,0
28.70968,93.02213,62.84,1613.5,2,Degraded Forest,4,Shale,0.6947,1
23.09037,93.11355,25.39,393.7,0,Dense Forest,4,Shale,0.4806,0
24.34748,93.12848,42.69,892.7,2,Degraded Forest,2,Alluvial,0.5182,0
27.02826,89.1383,41.27,1446.1,1,Agriculture,3,Colluvial,0.4795,0
26.83539,90.72117,37.11,1155.7,1,Agriculture,1,Laterite,0.3676,0
25.97344,90.15538,34.77,1192.2,3,Urban,1,Laterite,0.4665,0
27.33296,91.56791,35.45,1264.9,0,Dense Forest,2,Alluvial,0.3157,0
27.67199,95.80887,36.48,1649.3,1,Agriculture,4,Shale,0.522,0
27.10479,91.62108,31.82,1329.0,1,Agriculture,0,Granite/Gneiss,0.2452,0
22.44792,88.75164,21.94,62.0,0,Dense Forest,2,Alluvial,0.1612,0
26.61539,90.18027,51.79,822.3,0,Dense Forest,3,Colluvial,0.4625,0
28.70635,88.09551,53.42,1646.2,0,Dense Forest,2,Alluvial,0.4311,0
29.19508,91.35884,45.5,1674.7,0,Dense Forest,1,Laterite,0.3512,0
21.72239,89.25338,20.75,102.1,4,Barren,0,Granite/Gneiss,0.2933,0
26.86491,89.80108,34.44,1297.3,1,Agriculture,4,Shale,0.5525,1
27.59767,92.18666,49.24,1089.2,1,Agriculture,2,Alluvial,0.4436,0
21.8464,94.32763,3.24,50.0,2,Degraded Forest,3,Colluvial,0.3408,0
24.68609,93.58328,42.39,791.0,2,Degraded Forest,1,Laterite,0.4298,0
22.50527,89.15242,14.41,346.2,1,Agriculture,0,Granite/Gneiss,0.1372,0
21.77504,97.36072,12.96,321.5,1,Agriculture,1,Laterite,0.1839,0
23.1332,88.72661,11.34,661.6,1,Agriculture,0,Granite/Gneiss,0.0952,0
26.64151,89.73807,35.52,1209.1,0,Dense Forest,0,Granite/Gneiss,0.2461,0
22.41214,89.64571,12.97,275.7,3,Urban,1,Laterite,0.248,0
27.88724,91.96329,48.26,1441.0,3,Urban,3,Colluvial,0.5798,1
23.86115,89.98001,29.26,762.4,2,Degraded Forest,3,Colluvial,0.4728,0
21.65396,89.38357,10.03,57.7,1,Agriculture,3,Colluvial,0.271,0
25.88641,93.80981,24.43,893.6,2,Degraded Forest,4,Shale,0.4841,0
23.81909,95.14034,18.56,289.3,1,Agriculture,3,Colluvial,0.3304,0
24.81391,92.49229,19.86,656.1,0,Dense Forest,0,Granite/Gneiss,0.2099,0
25.08805,95.04374,26.22,854.1,0,Dense Forest,1,Laterite,0.206,0
25.81378,91.32699,24.45,1266.5,3,Urban,0,Granite/Gneiss,0.4488,0
24.91448,94.10384,37.15,877.4,2,Degraded Forest,3,Colluvial,0.557,1
26.66507,92.40928,30.38,1285.0,0,Dense Forest,0,Granite/Gneiss,0.1988,0
25.65821,92.28689,35.2,1036.3,1,Agriculture,0,Granite/Gneiss,0.2873,0
29.47583,92.50825,49.58,2150.5,1,Agriculture,0,Granite/Gneiss,0.3528,0
23.47377,93.24283,7.58,645.7,2,Degraded Forest,4,Shale,0.4221,0
23.78023,92.80795,29.26,610.1,2,Degraded Forest,3,Colluvial,0.3955,0
23.40786,89.05717,8.5,409.5,1,Agriculture,1,Laterite,0.0875,0
24.1922,97.27864,18.43,453.6,4,Barren,1,Laterite,0.3049,0
21.54654,96.13954,20.51,441.0,3,Urban,0,Granite/Gneiss,0.298,0
25.06477,90.58395,29.37,1062.8,3,Urban,1,Laterite,0.5087,0
25.97638,88.44022,29.06,1068.5,1,Agriculture,1,Laterite,0.2427,0
28.68127,94.39358,27.67,2074.6,1,Agriculture,1,Laterite,0.2506,0
24.08333,93.56702,32.4,679.7,1,Agriculture,3,Colluvial,0.4372,0
27.71406,91.75169,41.78,1334.8,1,Agriculture,1,Laterite,0.3637,0
28.75435,89.17939,35.35,1976.6,3,Urban,4,Shale,0.5818,1
26.93637,96.26593,27.69,1067.0,0,Dense Forest,1,Laterite,0.1822,0
25.59854,89.0932,38.58,942.0,3,Urban,4,Shale,0.6019,1
22.60771,90.0108,21.56,109.1,1,Agriculture,3,Colluvial,0.3177,0
24.49639,88.82338,15.35,614.3,0,Dense Forest,4,Shale,0.3532,0
25.56847,89.18914,24.41,1055.4,1,Agriculture,3,Colluvial,0.3064,0
26.17007,91.79818,48.17,1218.2,0,Dense Forest,2,Alluvial,0.5383,0
25.29611,95.03121,37.25,733.7,0,Dense Forest,2,Alluvial,0.3431,0
25.37966,88.55662,29.55,1334.8,3,Urban,1,Laterite,0.4026,0
26.70388,91.7608,34.69,853.0,2,Degraded Forest,1,Laterite,0.3625,0
28.41148,89.57509,23.51,1681.0,0,Dense Forest,1,Laterite,0.1884,0
24.31747,90.34687,36.02,765.0,4,Barren,1,Laterite,0.4616,0
23.65226,92.1696,19.46,637.0,0,Dense Forest,0,Granite/Gneiss,0.1082,0
26.15189,91.28296,25.98,1322.5,1,Agriculture,1,Laterite,0.3551,0
27.5777,95.59148,43.79,857.6,0,Dense Forest,3,Colluvial,0.4675,0
24.46709,93.79183,21.09,612.8,0,Dense Forest,4,Shale,0.328,0
22.25389,95.50824,3.24,299.9,0,Dense Forest,3,Colluvial,0.1796,0
26.05252,95.55743,35.35,1464.9,3,Urban,1,Laterite,0.432,0
26.06864,97.33463,20.01,1011.6,4,Barren,1,Laterite,0.3898,0
25.08006,93.38783,27.95,867.0,3,Urban,1,Laterite,0.3915,0
25.92151,91.81155,34.12,1239.9,2,Degraded Forest,2,Alluvial,0.4909,0
25.94484,96.17242,29.45,858.2,2,Degraded Forest,4,Shale,0.5027,0
25.60655,92.1931,28.21,1028.5,1,Agriculture,0,Granite/Gneiss,0.2533,0
27.00236,92.17385,48.04,1317.0,1,Agriculture,2,Alluvial,0.4315,0
26.58596,90.30028,46.59,1122.5,2,Degraded Forest,3,Colluvial,0.4965,0
28.81007,91.07733,35.07,1845.4,4,Barren,1,Laterite,0.5303,0
27.88708,89.045,34.19,1968.5,0,Dense Forest,4,Shale,0.4966,0
24.29457,89.84004,21.16,763.5,1,Agriculture,1,Laterite,0.1999,0
28.68439,89.13438,41.69,1269.5,1,Agriculture,4,Shale,0.4927,0
21.99546,92.17046,16.2,50.0,1,Agriculture,2,Alluvial,0.188,0
26.38138,88.31593,47.04,1494.2,2,Degraded Forest,0,Granite/Gneiss,0.3378,0
22.14416,93.48122,15.93,197.0,1,Agriculture,1,Laterite,0.1931,0
22.36389,93.69803,10.0,59.8,0,Dense Forest,0,Granite/Gneiss,0.1512,0
26.78354,94.08599,30.11,1439.7,1,Agriculture,1,Laterite,0.2875,0
25.92371,92.30555,34.58,967.6,2,Degraded Forest,4,Shale,0.6353,1
26.78823,90.5446,32.77,1296.9,1,Agriculture,3,Colluvial,0.4497,0
28.95867,88.43049,45.48,1551.9,3,Urban,3,Colluvial,0.6136,1
24.61928,94.40636,24.74,718.2,1,Agriculture,2,Alluvial,0.3093,0
26.95055,90.06682,41.24,1320.3,0,Dense Forest,1,Laterite,0.3588,0
27.15608,91.71701,35.5,1352.5,0,Dense Forest,1,Laterite,0.3132,0
24.24662,88.42831,15.57,792.9,0,Dense Forest,0,Granite/Gneiss,0.0927,0
28.32893,91.61211,37.83,1676.8,0,Dense Forest,1,Laterite,0.3212,0
23.53942,90.95992,40.34,355.2,1,Agriculture,1,Laterite,0.3688,0
28.07808,93.31769,49.56,1917.2,2,Degraded Forest,2,Alluvial,0.4968,0
26.74925,94.24559,25.39,1249.7,1,Agriculture,1,Laterite,0.2925,0
23.9907,96.90208,38.57,390.3,3,Urban,4,Shale,0.6268,1
24.03964,91.93601,25.62,227.0,0,Dense Forest,0,Granite/Gneiss,0.1839,0
27.41954,94.02112,33.29,1446.9,0,Dense Forest,0,Granite/Gneiss,0.232,0
26.12366,94.41967,30.09,955.1,0,Dense Forest,3,Colluvial,0.3702,0
22.21633,88.52816,18.14,375.7,4,Barren,3,Colluvial,0.4974,0
26.19636,96.54834,41.28,1166.4,1,Agriculture,4,Shale,0.5932,1
26.45121,90.84675,35.09,2001.7,1,Agriculture,2,Alluvial,0.4065,0
22.59123,93.66183,21.76,93.4,0,Dense Forest,1,Laterite,0.16,0
25.7786,90.54975,40.74,1274.2,2,Degraded Forest,4,Shale,0.6161,1
26.77206,90.72108,31.58,1068.3,2,Degraded Forest,4,Shale,0.532,0
26.32899,91.68051,35.53,1352.7,1,Agriculture,4,Shale,0.5879,1
29.2875,91.50642,47.71,2136.8,2,Degraded Forest,4,Shale,0.5802,1
21.72712,93.11465,16.93,82.2,1,Agriculture,0,Granite/Gneiss,0.077,0
25.89799,89.83114,35.48,943.7,0,Dense Forest,4,Shale,0.5284,0
23.43976,88.3956,16.74,505.1,2,Degraded Forest,4,Shale,0.3833,0
25.18407,96.93721,36.66,780.3,4,Barren,2,Alluvial,0.5783,1
29.24144,93.44561,39.6,2163.9,2,Degraded Forest,3,Colluvial,0.5443,0
26.39573,89.35867,37.0,1162.0,0,Dense Forest,3,Colluvial,0.4087,0
23.69888,88.28096,24.93,682.7,0,Dense Forest,1,Laterite,0.1694,0
24.76363,88.65731,21.75,928.1,4,Barren,2,Alluvial,0.4454,0
28.49825,95.29661,54.22,1853.0,1,Agriculture,4,Shale,0.6301,1
28.92437,95.75961,56.57,1680.1,3,Urban,2,Alluvial,0.5932,1
26.44859,95.97484,26.19,1366.9,2,Degraded Forest,2,Alluvial,0.3525,0
23.96002,90.52193,30.62,913.8,2,Degraded Forest,2,Alluvial,0.4479,0
26.9086,91.45325,34.3,1285.8,0,Dense Forest,1,Laterite,0.3398,0
23.61556,95.778,17.54,309.4,0,Dense Forest,3,Colluvial,0.2062,0
23.03797,92.16265,23.72,719.8,1,Agriculture,2,Alluvial,0.3978,0
27.8886,88.32953,45.63,1572.2,4,Barren,1,Laterite,0.5421,0
23.91168,91.39645,25.33,643.5,0,Dense Forest,4,Shale,0.44,0
28.44245,91.00844,38.13,1797.4,1,Agriculture,4,Shale,0.5982,1
22.4945,92.60595,29.36,609.6,2,Degraded Forest,0,Granite/Gneiss,0.1697,0
26.05667,89.79158,43.01,1080.9,1,Agriculture,3,Colluvial,0.4422,0
22.24854,91.5647,12.34,519.6,1,Agriculture,2,Alluvial,0.1582,0
26.94525,91.00011,36.15,1339.6,2,Degraded Forest,2,Alluvial,0.4103,0
24.53768,96.93387,13.76,908.2,3,Urban,1,Laterite,0.3196,0
25.51891,90.86866,36.75,882.9,1,Agriculture,2,Alluvial,0.4075,0
23.64417,94.33921,33.66,531.7,3,Urban,1,Laterite,0.3517,0
27.7815,89.30471,41.67,1730.3,1,Agriculture,0,Granite/Gneiss,0.2741,0
25.59379,88.31636,22.07,628.2,2,Degraded Forest,1,Laterite,0.2782,0
